g st_040_Stadium
v -0.4119782 0.0179152 0.1200127
v -0.4119927 0.01787988 0.1700127
v -0.4246212 0.02326423 0.1200165
v 0.4119782 0.0179152 0.1200127
v 0.4246212 0.02326423 0.1200165
v 0.4119927 0.01787988 0.1700127
v -0.4119782 0.0179152 -0.1200127
v -0.4246212 0.02326423 -0.1200165
v -0.4119927 0.01787988 -0.1700127
v 0.4119782 0.0179152 -0.1200127
v 0.4119927 0.01787988 -0.1700127
v 0.4246212 0.02326423 -0.1200165
v -0.3787841 0.01696705 0.0271
v -0.3787841 0.01696705 0.026
v -0.3791977 0.0155669 0.0271
v -0.3787841 0.01696705 -0.09969999
v -0.3787841 0.01696705 -0.1008
v -0.3791977 0.0155669 -0.09969999
v 0.4893418 -0.00025 -0.6550348
v 0.4893418 -0.00025 -0.5945485
v 0.4050004 -0.00025 -0.5949996
v -0.4386279 0.15118 0.8394279
v -0.5348935 0.16227 0.860032
v -0.5078722 0.15118 0.8145013
v -0.4552586 0.16227 0.8838782
v -0.3433965 0.15118 0.8493136
v -0.3398872 0.16227 0.9033129
v -0.17 0.15118 0.8509051
v -0.3398872 0.16227 0.9033129
v -0.3433965 0.15118 0.8493136
v -0.1701149 0.16227 0.9052309
v 0 0.15118 0.8509051
v -3.178914E-09 0.16227 0.9050682
v -0.1701149 0.20655 0.9052309
v -3.178914E-09 0.20655 0.9050682
v 0 0.24548 0.6876436
v -0.1703327 0.24548 0.6878158
v -0.3397308 0.24548 0.6878389
v -0.3399293 0.20655 0.9033054
v -0.1701149 0.20655 0.9052309
v -0.1703327 0.24548 0.6878158
v -0.4552142 0.20655 0.8838732
v -0.3399293 0.20655 0.9033054
v -0.3397308 0.24548 0.6878389
v -0.3872631 0.24548 0.681955
v -0.4246891 0.24548 0.6709247
v -0.5348935 0.20655 0.8599174
v 0 0.24548 0.6876436
v 0 0.26499 0.6890141
v -0.1702858 0.26499 0.6891859
v -0.1703327 0.24548 0.6878158
v -0.1703327 0.24548 0.6878158
v -0.1702858 0.26499 0.6891859
v -0.3398157 0.26499 0.689229
v -0.3397308 0.24548 0.6878389
v -0.3397308 0.24548 0.6878389
v -0.3398157 0.26499 0.689229
v -0.3876843 0.26499 0.6833181
v -0.3872631 0.24548 0.681955
v -0.3872631 0.24548 0.681955
v -0.3876843 0.26499 0.6833181
v -0.4254228 0.26499 0.6721922
v -0.4246891 0.24548 0.6709247
v -0.669627 0.1927617 0.7313559
v -0.6696283 0.20655 0.731272
v -0.7002087 0.20655 0.6183456
v -0.7002109 0.1927617 0.6183733
v -0.7065866 0.20655 0.5246272
v -0.6696253 0.175428 0.7314612
v -0.7065921 0.1927617 0.5246012
v -0.7002137 0.175428 0.6184082
v -0.669624 0.16227 0.7315411
v -0.7065991 0.175428 0.5245685
v -0.7002158 0.16227 0.6184347
v -0.7066044 0.16227 0.5245436
v -0.5957413 0.1927617 0.8169867
v -0.5957419 0.20655 0.8169091
v -0.6696283 0.20655 0.731272
v -0.669627 0.1927617 0.7313559
v -0.5957404 0.175428 0.8170843
v -0.6696253 0.175428 0.7314612
v -0.5957398 0.16227 0.8171585
v -0.669624 0.16227 0.7315411
v -0.6482925 0.15118 0.6064568
v -0.626597 0.15118 0.7058387
v -0.669624 0.16227 0.7315411
v -0.7002158 0.16227 0.6184347
v -0.6580621 0.15118 0.5250862
v -0.7066044 0.16227 0.5245436
v -0.669624 0.16227 0.7315411
v -0.626597 0.15118 0.7058387
v -0.5625124 0.15118 0.7807276
v -0.5957398 0.16227 0.8171585
v -0.5078722 0.15118 0.8145013
v -0.5348935 0.16227 0.860032
v -0.7062373 0.20655 0.17
v -0.7062374 0.20655 0
v -0.7062375 0.1927617 0
v -0.7062373 0.1927617 0.17
v -0.7062373 0.175428 0.17
v -0.7062374 0.175428 0
v -0.7062373 0.16227 0.17
v -0.7062374 0.16227 0
v -0.7062374 0.20655 0.3473984
v -0.7062373 0.20655 0.17
v -0.7062373 0.1927617 0.17
v -0.7062375 0.1927617 0.3473984
v -0.7062374 0.175428 0.3473984
v -0.7062373 0.175428 0.17
v -0.7062374 0.16227 0.3473984
v -0.7062373 0.16227 0.17
v -0.7065921 0.1927617 0.5246012
v -0.7065866 0.20655 0.5246272
v -0.7062374 0.20655 0.3473984
v -0.7062375 0.1927617 0.3473984
v -0.7065991 0.175428 0.5245685
v -0.7062374 0.175428 0.3473984
v -0.7066044 0.16227 0.5245436
v -0.7062374 0.16227 0.3473984
v -0.6580532 0.15118 0.3475862
v -0.6580621 0.15118 0.5250862
v -0.7066044 0.16227 0.5245436
v -0.7062374 0.16227 0.3473984
v -0.6580443 0.15118 0.1682407
v -0.7062373 0.16227 0.17
v -0.6601726 0.15118 0
v -0.7062374 0.16227 0
v -0.5348907 0.1927617 0.8599519
v -0.5348935 0.20655 0.8599174
v -0.5957419 0.20655 0.8169091
v -0.5957413 0.1927617 0.8169867
v -0.5348907 0.175428 0.8599968
v -0.5957404 0.175428 0.8170843
v -0.5348935 0.16227 0.860032
v -0.5957398 0.16227 0.8171585
v -0.4886879 0.24548 0.17
v -0.4886884 0.24548 0
v -0.7062374 0.20655 0
v -0.7062373 0.20655 0.17
v -0.7062374 0.20655 0.3473984
v -0.4886874 0.24548 0.3476881
v -0.4886879 0.24548 0.17
v -0.7062373 0.20655 0.17
v -0.4887849 0.24548 0.5253288
v -0.4886874 0.24548 0.3476881
v -0.7062374 0.20655 0.3473984
v -0.7065866 0.20655 0.5246272
v -0.7002087 0.20655 0.6183456
v -0.4887849 0.24548 0.5253288
v -0.7065866 0.20655 0.5246272
v -0.4884998 0.24548 0.5643019
v -0.4813375 0.24548 0.6120291
v -0.6696283 0.20655 0.731272
v -0.4526789 0.24548 0.6480767
v -0.4813375 0.24548 0.6120291
v -0.6696283 0.20655 0.731272
v -0.5957419 0.20655 0.8169091
v -0.4246891 0.24548 0.6709247
v -0.5348935 0.20655 0.8599174
v -0.4886884 0.24548 0
v -0.4886879 0.24548 0.17
v -0.4900593 0.26499 0.17
v -0.4900598 0.26499 0
v -0.4886879 0.24548 0.17
v -0.4886874 0.24548 0.3476881
v -0.4900584 0.26499 0.3476878
v -0.4900593 0.26499 0.17
v -0.4886874 0.24548 0.3476881
v -0.4887849 0.24548 0.5253288
v -0.4901713 0.26499 0.5254608
v -0.4900584 0.26499 0.3476878
v -0.4887849 0.24548 0.5253288
v -0.4884998 0.24548 0.5643019
v -0.4899215 0.26499 0.5645704
v -0.4901713 0.26499 0.5254608
v -0.4884998 0.24548 0.5643019
v -0.4813375 0.24548 0.6120291
v -0.4825377 0.26499 0.6127557
v -0.4899215 0.26499 0.5645704
v -0.4813375 0.24548 0.6120291
v -0.4526789 0.24548 0.6480767
v -0.4536666 0.26499 0.649273
v -0.4825377 0.26499 0.6127557
v -0.4526789 0.24548 0.6480767
v -0.4246891 0.24548 0.6709247
v -0.4254228 0.26499 0.6721922
v -0.4536666 0.26499 0.649273
v -0.4119927 0.01787988 0.1700127
v -0.4119782 0.0179152 0.1200127
v -0.40799 0.0179152 0.1200127
v -0.4080117 0.01787988 0.1700127
v -0.40799 0.0179152 0.1200127
v -0.40799 -8.48063E-05 0.12
v -0.4080117 -0.0001201264 0.17
v -0.4080117 0.01787988 0.1700127
v -0.4119782 0.0179152 0.1200127
v -0.40799 -8.48063E-05 0.12
v -0.40799 0.0179152 0.1200127
v -0.41198 -8.48063E-05 0.12
v -0.4246212 -8.48063E-05 0.12
v -0.4246212 0.02326423 0.1200165
v -0.4246212 0.02326423 0.1200165
v -0.4246154 0.02335907 0
v -0.4246154 1.003679E-05 0
v -0.4246212 -8.48063E-05 0.12
v -0.4246212 0.02326423 0.1200165
v -0.4119927 0.01787988 0.1700127
v -0.6580443 0.15118 0.1682407
v -0.6601726 0.15118 0
v -0.4246154 0.02335907 0
v -0.4386279 0.15118 0.8394279
v -0.3586987 0.0175795 0.5952079
v -0.34 0.01757823 0.597012
v -0.3433965 0.15118 0.8493136
v -0.17 0.01757823 0.5970123
v 0 0.01757823 0.5970126
v 0 0.15118 0.8509051
v -0.17 0.15118 0.8509051
v -0.34 0.01758105 0.593013
v -0.34 0.01757823 0.597012
v -0.3586987 0.0175795 0.5952079
v -0.357546 0.01758241 0.5910868
v -0.3761846 0.01758467 0.5878955
v -0.3741454 0.01758714 0.5843947
v -0.3904956 0.01759283 0.5763351
v -0.3879879 0.0175948 0.5735483
v -0.17 0.01758105 0.5930128
v 0 0.01758105 0.5930126
v 0 0.01757823 0.5970126
v -0.17 0.01757823 0.5970123
v -0.408071 0.01775449 0.3475126
v -0.4081303 0.01762911 0.5250126
v -0.4120714 0.01762911 0.5250126
v -0.412032 0.01775449 0.3475126
v -0.4090897 0.01761608 0.5434243
v -0.4120714 0.01762911 0.5250126
v -0.4081303 0.01762911 0.5250126
v -0.4056256 0.01761669 0.5425581
v -0.4023095 0.0176039 0.5606679
v -0.3991224 0.01760516 0.5588903
v -0.3904956 0.01759283 0.5763351
v -0.3879879 0.0175948 0.5735483
v -0.4023095 0.0176039 0.5606679
v -0.3904956 0.01759283 0.5763351
v -0.5625124 0.15118 0.7807276
v -0.626597 0.15118 0.7058387
v -0.5625124 0.15118 0.7807276
v -0.3904956 0.01759283 0.5763351
v -0.3761846 0.01758467 0.5878955
v -0.5078722 0.15118 0.8145013
v -0.4120714 0.01762911 0.5250126
v -0.4090897 0.01761608 0.5434243
v -0.6482925 0.15118 0.6064568
v -0.6580621 0.15118 0.5250862
v -0.5078722 0.15118 0.8145013
v -0.3761846 0.01758467 0.5878955
v -0.3586987 0.0175795 0.5952079
v -0.4386279 0.15118 0.8394279
v -0.6482925 0.15118 0.6064568
v -0.4090897 0.01761608 0.5434243
v -0.4023095 0.0176039 0.5606679
v -0.626597 0.15118 0.7058387
v -0.4119927 0.01787988 0.1700127
v -0.412032 0.01775449 0.3475126
v -0.6580532 0.15118 0.3475862
v -0.6580443 0.15118 0.1682407
v -0.408071 0.01775449 0.3475126
v -0.412032 0.01775449 0.3475126
v -0.4119927 0.01787988 0.1700127
v -0.4080117 0.01787988 0.1700127
v -0.34 0.01757823 0.597012
v -0.17 0.01757823 0.5970123
v -0.17 0.15118 0.8509051
v -0.3433965 0.15118 0.8493136
v -0.17 0.01758105 0.5930128
v -0.17 0.01757823 0.5970123
v -0.34 0.01757823 0.597012
v -0.34 0.01758105 0.593013
v -0.6580532 0.15118 0.3475862
v -0.412032 0.01775449 0.3475126
v -0.4120714 0.01762911 0.5250126
v -0.6580621 0.15118 0.5250862
v 0.5348879 0.1927617 0.8599151
v 0.5957419 0.20655 0.8169091
v 0.5348935 0.20655 0.8599174
v 0.5957419 0.1927617 0.8169091
v 0.5348879 0.175428 0.8599151
v 0.5957419 0.175428 0.8169091
v 0.5348935 0.16227 0.8601467
v 0.5957398 0.16227 0.8171585
v 0.4386279 0.15118 0.8394279
v 0.5078722 0.15118 0.8145013
v 0.5348935 0.16227 0.8601467
v 0.455303 0.16227 0.8838832
v 0.3433965 0.15118 0.8493136
v 0.3398451 0.16227 0.9033204
v 0.17 0.15118 0.8509051
v 0.3433965 0.15118 0.8493136
v 0.3398451 0.16227 0.9033204
v 0.1701148 0.16227 0.9052309
v 0 0.15118 0.8509051
v -3.178914E-09 0.16227 0.9050682
v 0.6482925 0.15118 0.6064568
v 0.669624 0.16227 0.7315411
v 0.626597 0.15118 0.7058387
v 0.7002158 0.16227 0.6184347
v 0.6580621 0.15118 0.5250862
v 0.7066044 0.16227 0.5245436
v 0.669624 0.16227 0.7315411
v 0.5625124 0.15118 0.7807276
v 0.626597 0.15118 0.7058387
v 0.5957398 0.16227 0.8171585
v 0.5078722 0.15118 0.8145013
v 0.5348935 0.16227 0.8601467
v 0.6580532 0.15118 0.3475862
v 0.7066044 0.16227 0.5245436
v 0.6580621 0.15118 0.5250862
v 0.7062374 0.16227 0.3473984
v 0.6580443 0.15118 0.1682407
v 0.7062373 0.16227 0.17
v 0.6601726 0.15118 0
v 0.7062374 0.16227 -1.058791E-24
v 0.4119927 0.01787988 0.1700127
v 0.4080117 0.01787988 0.1700127
v 0.40799 0.0179152 0.1200127
v 0.4119782 0.0179152 0.1200127
v 0.40799 0.0179152 0.1200127
v 0.4080117 0.01787988 0.1700127
v 0.4080117 -0.0001201264 0.17
v 0.40799 -8.48063E-05 0.12
v 0.4119782 0.0179152 0.1200127
v 0.40799 0.0179152 0.1200127
v 0.40799 -8.48063E-05 0.12
v 0.41198 -8.48063E-05 0.12
v 0.4246212 -8.48063E-05 0.12
v 0.4246212 0.02326423 0.1200165
v 0.4246212 0.02326423 0.1200165
v 0.4246212 -8.48063E-05 0.12
v 0.4246154 1.003679E-05 0
v 0.4246154 0.02335907 0
v 0.4246212 0.02326423 0.1200165
v 0.6580443 0.15118 0.1682407
v 0.4119927 0.01787988 0.1700127
v 0.6601726 0.15118 0
v 0.4246154 0.02335907 0
v 0.4386279 0.15118 0.8394279
v 0.3433965 0.15118 0.8493136
v 0.34 0.01757823 0.597012
v 0.3586987 0.0175795 0.5952079
v 0.17 0.01757823 0.5970123
v 0.17 0.15118 0.8509051
v 0 0.15118 0.8509051
v 0 0.01757823 0.5970126
v 0.34 0.01758105 0.593013
v 0.3586987 0.0175795 0.5952079
v 0.34 0.01757823 0.597012
v 0.357546 0.01758241 0.5910868
v 0.3761846 0.01758467 0.5878955
v 0.3741454 0.01758714 0.5843947
v 0.3904956 0.01759283 0.5763351
v 0.3879879 0.0175948 0.5735483
v 0.17 0.01758105 0.5930128
v 0.17 0.01757823 0.5970123
v 0 0.01757823 0.5970126
v 0 0.01758105 0.5930126
v 0.408071 0.01775449 0.3475126
v 0.412032 0.01775449 0.3475126
v 0.4120714 0.01762911 0.5250126
v 0.4081303 0.01762911 0.5250126
v 0.4090897 0.01761608 0.5434243
v 0.4081303 0.01762911 0.5250126
v 0.4120714 0.01762911 0.5250126
v 0.4056256 0.01761669 0.5425581
v 0.4023095 0.0176039 0.5606679
v 0.3991224 0.01760516 0.5588903
v 0.3904956 0.01759283 0.5763351
v 0.3879879 0.0175948 0.5735483
v 0.4023095 0.0176039 0.5606679
v 0.626597 0.15118 0.7058387
v 0.5625124 0.15118 0.7807276
v 0.3904956 0.01759283 0.5763351
v 0.5625124 0.15118 0.7807276
v 0.5078722 0.15118 0.8145013
v 0.3761846 0.01758467 0.5878955
v 0.3904956 0.01759283 0.5763351
v 0.4120714 0.01762911 0.5250126
v 0.6580621 0.15118 0.5250862
v 0.6482925 0.15118 0.6064568
v 0.4090897 0.01761608 0.5434243
v 0.5078722 0.15118 0.8145013
v 0.4386279 0.15118 0.8394279
v 0.3586987 0.0175795 0.5952079
v 0.3761846 0.01758467 0.5878955
v 0.6482925 0.15118 0.6064568
v 0.626597 0.15118 0.7058387
v 0.4023095 0.0176039 0.5606679
v 0.4090897 0.01761608 0.5434243
v 0.4119927 0.01787988 0.1700127
v 0.6580443 0.15118 0.1682407
v 0.6580532 0.15118 0.3475862
v 0.412032 0.01775449 0.3475126
v 0.408071 0.01775449 0.3475126
v 0.4080117 0.01787988 0.1700127
v 0.4119927 0.01787988 0.1700127
v 0.412032 0.01775449 0.3475126
v 0.34 0.01757823 0.597012
v 0.3433965 0.15118 0.8493136
v 0.17 0.15118 0.8509051
v 0.17 0.01757823 0.5970123
v 0.17 0.01758105 0.5930128
v 0.34 0.01758105 0.593013
v 0.34 0.01757823 0.597012
v 0.17 0.01757823 0.5970123
v 0.6580532 0.15118 0.3475862
v 0.6580621 0.15118 0.5250862
v 0.4120714 0.01762911 0.5250126
v 0.412032 0.01775449 0.3475126
v 0.1701148 0.20655 0.9052309
v 0.1703327 0.24548 0.6878158
v 0 0.24548 0.6876436
v -3.178914E-09 0.20655 0.9050682
v 0.3397308 0.24548 0.6878389
v 0.1703327 0.24548 0.6878158
v 0.1701148 0.20655 0.9052309
v 0.3399293 0.20655 0.9033054
v 0.4552142 0.20655 0.8838732
v 0.3397308 0.24548 0.6878389
v 0.3399293 0.20655 0.9033054
v 0.3872631 0.24548 0.681955
v 0.4246891 0.24548 0.6709247
v 0.5348935 0.20655 0.8599174
v 0 0.24548 0.6876436
v 0.1703327 0.24548 0.6878158
v 0.1702858 0.26499 0.6891859
v 0 0.26499 0.6890141
v 0.1703327 0.24548 0.6878158
v 0.3397308 0.24548 0.6878389
v 0.3398157 0.26499 0.689229
v 0.1702858 0.26499 0.6891859
v 0.3397308 0.24548 0.6878389
v 0.3872631 0.24548 0.681955
v 0.3876843 0.26499 0.6833181
v 0.3398157 0.26499 0.689229
v 0.3872631 0.24548 0.681955
v 0.4246891 0.24548 0.6709247
v 0.4254228 0.26499 0.6721922
v 0.3876843 0.26499 0.6833181
v 0.4886879 0.24548 0.17
v 0.7062373 0.20655 0.17
v 0.7062374 0.20655 -2.646978E-25
v 0.4886884 0.24548 0
v 0.7062374 0.20655 0.3473984
v 0.7062373 0.20655 0.17
v 0.4886879 0.24548 0.17
v 0.4886874 0.24548 0.3476881
v 0.4887849 0.24548 0.5253288
v 0.7065866 0.20655 0.5246272
v 0.7062374 0.20655 0.3473984
v 0.4886874 0.24548 0.3476881
v 0.7002087 0.20655 0.6183456
v 0.7065866 0.20655 0.5246272
v 0.4887849 0.24548 0.5253288
v 0.4884998 0.24548 0.5643019
v 0.4813375 0.24548 0.6120291
v 0.6696283 0.20655 0.731272
v 0.4526789 0.24548 0.6480767
v 0.6696283 0.20655 0.731272
v 0.4813375 0.24548 0.6120291
v 0.5957419 0.20655 0.8169091
v 0.4246891 0.24548 0.6709247
v 0.5348935 0.20655 0.8599174
v 0.4886884 0.24548 0
v 0.4900598 0.26499 0
v 0.4900593 0.26499 0.17
v 0.4886879 0.24548 0.17
v 0.4886879 0.24548 0.17
v 0.4900593 0.26499 0.17
v 0.4900584 0.26499 0.3476878
v 0.4886874 0.24548 0.3476881
v 0.4886874 0.24548 0.3476881
v 0.4900584 0.26499 0.3476878
v 0.4901713 0.26499 0.5254608
v 0.4887849 0.24548 0.5253288
v 0.4887849 0.24548 0.5253288
v 0.4901713 0.26499 0.5254608
v 0.4899215 0.26499 0.5645704
v 0.4884998 0.24548 0.5643019
v 0.4884998 0.24548 0.5643019
v 0.4899215 0.26499 0.5645704
v 0.4825377 0.26499 0.6127557
v 0.4813375 0.24548 0.6120291
v 0.4813375 0.24548 0.6120291
v 0.4825377 0.26499 0.6127557
v 0.4536666 0.26499 0.649273
v 0.4526789 0.24548 0.6480767
v 0.4526789 0.24548 0.6480767
v 0.4536666 0.26499 0.649273
v 0.4254228 0.26499 0.6721922
v 0.4246891 0.24548 0.6709247
v -0.4386279 0.15118 -0.8394279
v -0.5078722 0.15118 -0.8145013
v -0.5348935 0.16227 -0.860032
v -0.4552586 0.16227 -0.8838782
v -0.3433965 0.15118 -0.8493136
v -0.3398872 0.16227 -0.9033129
v -0.17 0.15118 -0.8509051
v -0.3433965 0.15118 -0.8493136
v -0.3398872 0.16227 -0.9033129
v -0.1701149 0.16227 -0.9052309
v 0 0.15118 -0.8509051
v -3.178914E-09 0.16227 -0.9050682
v -0.1701149 0.20655 -0.9052309
v -0.1703327 0.24548 -0.6878158
v -2.323151E-05 0.24548 -0.6876436
v -3.178914E-09 0.20655 -0.9050682
v -0.3397308 0.24548 -0.6878389
v -0.1703327 0.24548 -0.6878158
v -0.1701149 0.20655 -0.9052309
v -0.3399293 0.20655 -0.9033054
v -0.4552142 0.20655 -0.8838732
v -0.3397308 0.24548 -0.6878389
v -0.3399293 0.20655 -0.9033054
v -0.3872631 0.24548 -0.681955
v -0.4246891 0.24548 -0.6709247
v -0.5348935 0.20655 -0.8599174
v -2.323151E-05 0.24548 -0.6876436
v -0.1703327 0.24548 -0.6878158
v -0.1702858 0.26499 -0.6891859
v 2.324104E-05 0.26499 -0.6890141
v -0.1703327 0.24548 -0.6878158
v -0.3397308 0.24548 -0.6878389
v -0.3398157 0.26499 -0.689229
v -0.1702858 0.26499 -0.6891859
v -0.3397308 0.24548 -0.6878389
v -0.3872631 0.24548 -0.681955
v -0.3876843 0.26499 -0.6833181
v -0.3398157 0.26499 -0.689229
v -0.3872631 0.24548 -0.681955
v -0.4246891 0.24548 -0.6709247
v -0.4254228 0.26499 -0.6721922
v -0.3876843 0.26499 -0.6833181
v -0.669627 0.1927617 -0.7313559
v -0.7002087 0.20655 -0.6183456
v -0.6696283 0.20655 -0.731272
v -0.7002109 0.1927617 -0.6183733
v -0.7065866 0.20655 -0.5246272
v -0.6696253 0.175428 -0.7314612
v -0.7065921 0.1927617 -0.5246012
v -0.7002137 0.175428 -0.6184082
v -0.669624 0.16227 -0.7315411
v -0.7065991 0.175428 -0.5245685
v -0.7002158 0.16227 -0.6184347
v -0.7066044 0.16227 -0.5245436
v -0.5957413 0.1927617 -0.8169867
v -0.6696283 0.20655 -0.731272
v -0.5957419 0.20655 -0.8169091
v -0.669627 0.1927617 -0.7313559
v -0.5957404 0.175428 -0.8170843
v -0.6696253 0.175428 -0.7314612
v -0.5957398 0.16227 -0.8171585
v -0.669624 0.16227 -0.7315411
v -0.6482925 0.15118 -0.6064568
v -0.669624 0.16227 -0.7315411
v -0.626597 0.15118 -0.7058387
v -0.7002158 0.16227 -0.6184347
v -0.6580621 0.15118 -0.5250862
v -0.7066044 0.16227 -0.5245436
v -0.669624 0.16227 -0.7315411
v -0.5625124 0.15118 -0.7807276
v -0.626597 0.15118 -0.7058387
v -0.5957398 0.16227 -0.8171585
v -0.5078722 0.15118 -0.8145013
v -0.5348935 0.16227 -0.860032
v -0.7062373 0.20655 -0.17
v -0.7062375 0.1927617 0
v -0.7062374 0.20655 0
v -0.7062373 0.1927617 -0.17
v -0.7062373 0.175428 -0.17
v -0.7062374 0.175428 0
v -0.7062373 0.16227 -0.17
v -0.7062374 0.16227 0
v -0.7062374 0.20655 -0.3473984
v -0.7062373 0.1927617 -0.17
v -0.7062373 0.20655 -0.17
v -0.7062375 0.1927617 -0.3473984
v -0.7062374 0.175428 -0.3473984
v -0.7062373 0.175428 -0.17
v -0.7062374 0.16227 -0.3473984
v -0.7062373 0.16227 -0.17
v -0.7065921 0.1927617 -0.5246012
v -0.7062374 0.20655 -0.3473984
v -0.7065866 0.20655 -0.5246272
v -0.7062375 0.1927617 -0.3473984
v -0.7065991 0.175428 -0.5245685
v -0.7062374 0.175428 -0.3473984
v -0.7066044 0.16227 -0.5245436
v -0.7062374 0.16227 -0.3473984
v -0.6580532 0.15118 -0.3475862
v -0.7066044 0.16227 -0.5245436
v -0.6580621 0.15118 -0.5250862
v -0.7062374 0.16227 -0.3473984
v -0.6580443 0.15118 -0.1682407
v -0.7062373 0.16227 -0.17
v -0.6601726 0.15118 0
v -0.7062374 0.16227 0
v -0.5348907 0.1927617 -0.8599519
v -0.5957419 0.20655 -0.8169091
v -0.5348935 0.20655 -0.8599174
v -0.5957413 0.1927617 -0.8169867
v -0.5348907 0.175428 -0.8599968
v -0.5957404 0.175428 -0.8170843
v -0.5348935 0.16227 -0.860032
v -0.5957398 0.16227 -0.8171585
v -0.4886879 0.24548 -0.17
v -0.7062373 0.20655 -0.17
v -0.7062374 0.20655 0
v -0.4886884 0.24548 0
v -0.7062374 0.20655 -0.3473984
v -0.7062373 0.20655 -0.17
v -0.4886879 0.24548 -0.17
v -0.4886874 0.24548 -0.3476881
v -0.4887849 0.24548 -0.5253288
v -0.7065866 0.20655 -0.5246272
v -0.7062374 0.20655 -0.3473984
v -0.4886874 0.24548 -0.3476881
v -0.7002087 0.20655 -0.6183456
v -0.7065866 0.20655 -0.5246272
v -0.4887849 0.24548 -0.5253288
v -0.4884998 0.24548 -0.5643019
v -0.4813375 0.24548 -0.6120291
v -0.6696283 0.20655 -0.731272
v -0.4526789 0.24548 -0.6480767
v -0.6696283 0.20655 -0.731272
v -0.4813375 0.24548 -0.6120291
v -0.5957419 0.20655 -0.8169091
v -0.4246891 0.24548 -0.6709247
v -0.5348935 0.20655 -0.8599174
v -0.4886884 0.24548 0
v -0.4900598 0.26499 0
v -0.4900593 0.26499 -0.17
v -0.4886879 0.24548 -0.17
v -0.4886879 0.24548 -0.17
v -0.4900593 0.26499 -0.17
v -0.4900584 0.26499 -0.3476878
v -0.4886874 0.24548 -0.3476881
v -0.4886874 0.24548 -0.3476881
v -0.4900584 0.26499 -0.3476878
v -0.4901713 0.26499 -0.5254608
v -0.4887849 0.24548 -0.5253288
v -0.4887849 0.24548 -0.5253288
v -0.4901713 0.26499 -0.5254608
v -0.4899215 0.26499 -0.5645704
v -0.4884998 0.24548 -0.5643019
v -0.4884998 0.24548 -0.5643019
v -0.4899215 0.26499 -0.5645704
v -0.4825377 0.26499 -0.6127557
v -0.4813375 0.24548 -0.6120291
v -0.4813375 0.24548 -0.6120291
v -0.4825377 0.26499 -0.6127557
v -0.4536666 0.26499 -0.649273
v -0.4526789 0.24548 -0.6480767
v -0.4526789 0.24548 -0.6480767
v -0.4536666 0.26499 -0.649273
v -0.4254228 0.26499 -0.6721922
v -0.4246891 0.24548 -0.6709247
v -0.4119927 0.01787988 -0.1700127
v -0.4080117 0.01787988 -0.1700127
v -0.40799 0.0179152 -0.1200127
v -0.4119782 0.0179152 -0.1200127
v -0.40799 0.0179152 -0.1200127
v -0.4080117 0.01787988 -0.1700127
v -0.4080117 -0.0001201264 -0.17
v -0.40799 -8.48063E-05 -0.12
v -0.4119782 0.0179152 -0.1200127
v -0.40799 0.0179152 -0.1200127
v -0.40799 -8.48063E-05 -0.12
v -0.41198 -8.48063E-05 -0.12
v -0.4246212 -8.48063E-05 -0.12
v -0.4246212 0.02326423 -0.1200165
v -0.4246212 0.02326423 -0.1200165
v -0.4246212 -8.48063E-05 -0.12
v -0.4246154 1.003679E-05 0
v -0.4246154 0.02335907 0
v -0.4246212 0.02326423 -0.1200165
v -0.6580443 0.15118 -0.1682407
v -0.4119927 0.01787988 -0.1700127
v -0.6601726 0.15118 0
v -0.4246154 0.02335907 0
v -0.4386279 0.15118 -0.8394279
v -0.3433965 0.15118 -0.8493136
v -0.34 0.01757823 -0.597012
v -0.3586987 0.0175795 -0.5952079
v -0.17 0.01757823 -0.5970123
v -0.17 0.15118 -0.8509051
v 0 0.15118 -0.8509051
v 0 0.01757823 -0.5970126
v -0.34 0.01758105 -0.593013
v -0.3586987 0.0175795 -0.5952079
v -0.34 0.01757823 -0.597012
v -0.357546 0.01758241 -0.5910868
v -0.3761846 0.01758467 -0.5878955
v -0.3741454 0.01758714 -0.5843947
v -0.3904956 0.01759283 -0.5763351
v -0.3879879 0.0175948 -0.5735483
v -0.17 0.01758105 -0.5930128
v -0.17 0.01757823 -0.5970123
v 0 0.01757823 -0.5970126
v 0 0.01758105 -0.5930126
v -0.408071 0.01775449 -0.3475126
v -0.412032 0.01775449 -0.3475126
v -0.4120714 0.01762911 -0.5250126
v -0.4081303 0.01762911 -0.5250126
v -0.4090897 0.01761608 -0.5434243
v -0.4081303 0.01762911 -0.5250126
v -0.4120714 0.01762911 -0.5250126
v -0.4056256 0.01761669 -0.5425581
v -0.4023095 0.0176039 -0.5606679
v -0.3991224 0.01760516 -0.5588903
v -0.3904956 0.01759283 -0.5763351
v -0.3879879 0.0175948 -0.5735483
v -0.4023095 0.0176039 -0.5606679
v -0.626597 0.15118 -0.7058387
v -0.5625124 0.15118 -0.7807276
v -0.3904956 0.01759283 -0.5763351
v -0.5625124 0.15118 -0.7807276
v -0.5078722 0.15118 -0.8145013
v -0.3761846 0.01758467 -0.5878955
v -0.3904956 0.01759283 -0.5763351
v -0.4120714 0.01762911 -0.5250126
v -0.6580621 0.15118 -0.5250862
v -0.6482925 0.15118 -0.6064568
v -0.4090897 0.01761608 -0.5434243
v -0.5078722 0.15118 -0.8145013
v -0.4386279 0.15118 -0.8394279
v -0.3586987 0.0175795 -0.5952079
v -0.3761846 0.01758467 -0.5878955
v -0.6482925 0.15118 -0.6064568
v -0.626597 0.15118 -0.7058387
v -0.4023095 0.0176039 -0.5606679
v -0.4090897 0.01761608 -0.5434243
v -0.4119927 0.01787988 -0.1700127
v -0.6580443 0.15118 -0.1682407
v -0.6580532 0.15118 -0.3475862
v -0.412032 0.01775449 -0.3475126
v -0.408071 0.01775449 -0.3475126
v -0.4080117 0.01787988 -0.1700127
v -0.4119927 0.01787988 -0.1700127
v -0.412032 0.01775449 -0.3475126
v -0.34 0.01757823 -0.597012
v -0.3433965 0.15118 -0.8493136
v -0.17 0.15118 -0.8509051
v -0.17 0.01757823 -0.5970123
v -0.17 0.01758105 -0.5930128
v -0.34 0.01758105 -0.593013
v -0.34 0.01757823 -0.597012
v -0.17 0.01757823 -0.5970123
v -0.6580532 0.15118 -0.3475862
v -0.6580621 0.15118 -0.5250862
v -0.4120714 0.01762911 -0.5250126
v -0.412032 0.01775449 -0.3475126
v 0.5348879 0.1927617 -0.8599151
v 0.5348935 0.20655 -0.8599174
v 0.5957419 0.20655 -0.8169091
v 0.5957419 0.1927617 -0.8169091
v 0.5348879 0.175428 -0.8599151
v 0.5957419 0.175428 -0.8169091
v 0.5348935 0.16227 -0.8601467
v 0.5957398 0.16227 -0.8171585
v 0.4386279 0.15118 -0.8394279
v 0.5348935 0.16227 -0.8601467
v 0.5078722 0.15118 -0.8145013
v 0.455303 0.16227 -0.8838832
v 0.3433965 0.15118 -0.8493136
v 0.3398451 0.16227 -0.9033204
v 0.17 0.15118 -0.8509051
v 0.3398451 0.16227 -0.9033204
v 0.3433965 0.15118 -0.8493136
v 0.1701148 0.16227 -0.9052309
v 0 0.15118 -0.8509051
v -3.178914E-09 0.16227 -0.9050682
v 0.6482925 0.15118 -0.6064568
v 0.626597 0.15118 -0.7058387
v 0.669624 0.16227 -0.7315411
v 0.7002158 0.16227 -0.6184347
v 0.6580621 0.15118 -0.5250862
v 0.7066044 0.16227 -0.5245436
v 0.669624 0.16227 -0.7315411
v 0.626597 0.15118 -0.7058387
v 0.5625124 0.15118 -0.7807276
v 0.5957398 0.16227 -0.8171585
v 0.5078722 0.15118 -0.8145013
v 0.5348935 0.16227 -0.8601467
v 0.6580532 0.15118 -0.3475862
v 0.6580621 0.15118 -0.5250862
v 0.7066044 0.16227 -0.5245436
v 0.7062374 0.16227 -0.3473984
v 0.6580443 0.15118 -0.1682407
v 0.7062373 0.16227 -0.17
v 0.6601726 0.15118 0
v 0.7062374 0.16227 -1.058791E-24
v 0.4119927 0.01787988 -0.1700127
v 0.4119782 0.0179152 -0.1200127
v 0.40799 0.0179152 -0.1200127
v 0.4080117 0.01787988 -0.1700127
v 0.40799 0.0179152 -0.1200127
v 0.40799 -8.48063E-05 -0.12
v 0.4080117 -0.0001201264 -0.17
v 0.4080117 0.01787988 -0.1700127
v 0.4119782 0.0179152 -0.1200127
v 0.40799 -8.48063E-05 -0.12
v 0.40799 0.0179152 -0.1200127
v 0.41198 -8.48063E-05 -0.12
v 0.4246212 -8.48063E-05 -0.12
v 0.4246212 0.02326423 -0.1200165
v 0.4246212 0.02326423 -0.1200165
v 0.4246154 0.02335907 0
v 0.4246154 1.003679E-05 0
v 0.4246212 -8.48063E-05 -0.12
v 0.4246212 0.02326423 -0.1200165
v 0.4119927 0.01787988 -0.1700127
v 0.6580443 0.15118 -0.1682407
v 0.6601726 0.15118 0
v 0.4246154 0.02335907 0
v 0.4386279 0.15118 -0.8394279
v 0.3586987 0.0175795 -0.5952079
v 0.34 0.01757823 -0.597012
v 0.3433965 0.15118 -0.8493136
v 0.17 0.01757823 -0.5970123
v 0 0.01757823 -0.5970126
v 0 0.15118 -0.8509051
v 0.17 0.15118 -0.8509051
v 0.34 0.01758105 -0.593013
v 0.34 0.01757823 -0.597012
v 0.3586987 0.0175795 -0.5952079
v 0.357546 0.01758241 -0.5910868
v 0.3761846 0.01758467 -0.5878955
v 0.3741454 0.01758714 -0.5843947
v 0.3904956 0.01759283 -0.5763351
v 0.3879879 0.0175948 -0.5735483
v 0.17 0.01758105 -0.5930128
v 0 0.01758105 -0.5930126
v 0 0.01757823 -0.5970126
v 0.17 0.01757823 -0.5970123
v 0.408071 0.01775449 -0.3475126
v 0.4081303 0.01762911 -0.5250126
v 0.4120714 0.01762911 -0.5250126
v 0.412032 0.01775449 -0.3475126
v 0.4090897 0.01761608 -0.5434243
v 0.4120714 0.01762911 -0.5250126
v 0.4081303 0.01762911 -0.5250126
v 0.4056256 0.01761669 -0.5425581
v 0.4023095 0.0176039 -0.5606679
v 0.3991224 0.01760516 -0.5588903
v 0.3904956 0.01759283 -0.5763351
v 0.3879879 0.0175948 -0.5735483
v 0.4023095 0.0176039 -0.5606679
v 0.3904956 0.01759283 -0.5763351
v 0.5625124 0.15118 -0.7807276
v 0.626597 0.15118 -0.7058387
v 0.5625124 0.15118 -0.7807276
v 0.3904956 0.01759283 -0.5763351
v 0.3761846 0.01758467 -0.5878955
v 0.5078722 0.15118 -0.8145013
v 0.4120714 0.01762911 -0.5250126
v 0.4090897 0.01761608 -0.5434243
v 0.6482925 0.15118 -0.6064568
v 0.6580621 0.15118 -0.5250862
v 0.5078722 0.15118 -0.8145013
v 0.3761846 0.01758467 -0.5878955
v 0.3586987 0.0175795 -0.5952079
v 0.4386279 0.15118 -0.8394279
v 0.6482925 0.15118 -0.6064568
v 0.4090897 0.01761608 -0.5434243
v 0.4023095 0.0176039 -0.5606679
v 0.626597 0.15118 -0.7058387
v 0.4119927 0.01787988 -0.1700127
v 0.412032 0.01775449 -0.3475126
v 0.6580532 0.15118 -0.3475862
v 0.6580443 0.15118 -0.1682407
v 0.408071 0.01775449 -0.3475126
v 0.412032 0.01775449 -0.3475126
v 0.4119927 0.01787988 -0.1700127
v 0.4080117 0.01787988 -0.1700127
v 0.34 0.01757823 -0.597012
v 0.17 0.01757823 -0.5970123
v 0.17 0.15118 -0.8509051
v 0.3433965 0.15118 -0.8493136
v 0.17 0.01758105 -0.5930128
v 0.17 0.01757823 -0.5970123
v 0.34 0.01757823 -0.597012
v 0.34 0.01758105 -0.593013
v 0.6580532 0.15118 -0.3475862
v 0.412032 0.01775449 -0.3475126
v 0.4120714 0.01762911 -0.5250126
v 0.6580621 0.15118 -0.5250862
v 0.1701148 0.20655 -0.9052309
v -3.178914E-09 0.20655 -0.9050682
v 2.323151E-05 0.24548 -0.6876436
v 0.1703327 0.24548 -0.6878158
v 0.3397308 0.24548 -0.6878389
v 0.3399293 0.20655 -0.9033054
v 0.1701148 0.20655 -0.9052309
v 0.1703327 0.24548 -0.6878158
v 0.4552142 0.20655 -0.8838732
v 0.3399293 0.20655 -0.9033054
v 0.3397308 0.24548 -0.6878389
v 0.3872631 0.24548 -0.681955
v 0.4246891 0.24548 -0.6709247
v 0.5348935 0.20655 -0.8599174
v 2.323151E-05 0.24548 -0.6876436
v -2.324104E-05 0.26499 -0.6890141
v 0.1702858 0.26499 -0.6891859
v 0.1703327 0.24548 -0.6878158
v 0.1703327 0.24548 -0.6878158
v 0.1702858 0.26499 -0.6891859
v 0.3398157 0.26499 -0.689229
v 0.3397308 0.24548 -0.6878389
v 0.3397308 0.24548 -0.6878389
v 0.3398157 0.26499 -0.689229
v 0.3876843 0.26499 -0.6833181
v 0.3872631 0.24548 -0.681955
v 0.3872631 0.24548 -0.681955
v 0.3876843 0.26499 -0.6833181
v 0.4254228 0.26499 -0.6721922
v 0.4246891 0.24548 -0.6709247
v 0.4886879 0.24548 -0.17
v 0.4886884 0.24548 0
v 0.7062374 0.20655 -2.646978E-25
v 0.7062373 0.20655 -0.17
v 0.7062374 0.20655 -0.3473984
v 0.4886874 0.24548 -0.3476881
v 0.4886879 0.24548 -0.17
v 0.7062373 0.20655 -0.17
v 0.4887849 0.24548 -0.5253288
v 0.4886874 0.24548 -0.3476881
v 0.7062374 0.20655 -0.3473984
v 0.7065866 0.20655 -0.5246272
v 0.7002087 0.20655 -0.6183456
v 0.4887849 0.24548 -0.5253288
v 0.7065866 0.20655 -0.5246272
v 0.4884998 0.24548 -0.5643019
v 0.4813375 0.24548 -0.6120291
v 0.6696283 0.20655 -0.731272
v 0.4526789 0.24548 -0.6480767
v 0.4813375 0.24548 -0.6120291
v 0.6696283 0.20655 -0.731272
v 0.5957419 0.20655 -0.8169091
v 0.4246891 0.24548 -0.6709247
v 0.5348935 0.20655 -0.8599174
v 0.4886884 0.24548 0
v 0.4886879 0.24548 -0.17
v 0.4900593 0.26499 -0.17
v 0.4900598 0.26499 0
v 0.4886879 0.24548 -0.17
v 0.4886874 0.24548 -0.3476881
v 0.4900584 0.26499 -0.3476878
v 0.4900593 0.26499 -0.17
v 0.4886874 0.24548 -0.3476881
v 0.4887849 0.24548 -0.5253288
v 0.4901713 0.26499 -0.5254608
v 0.4900584 0.26499 -0.3476878
v 0.4887849 0.24548 -0.5253288
v 0.4884998 0.24548 -0.5643019
v 0.4899215 0.26499 -0.5645704
v 0.4901713 0.26499 -0.5254608
v 0.4884998 0.24548 -0.5643019
v 0.4813375 0.24548 -0.6120291
v 0.4825377 0.26499 -0.6127557
v 0.4899215 0.26499 -0.5645704
v 0.4813375 0.24548 -0.6120291
v 0.4526789 0.24548 -0.6480767
v 0.4536666 0.26499 -0.649273
v 0.4825377 0.26499 -0.6127557
v 0.4526789 0.24548 -0.6480767
v 0.4246891 0.24548 -0.6709247
v 0.4254228 0.26499 -0.6721922
v 0.4536666 0.26499 -0.649273
v -0.498542 0.2887109 0.3539135
v -0.4985427 0.2887109 0.1634811
v -0.4985427 0.2657927 0.1634811
v -0.498542 0.2657927 0.3539135
v -0.4658615 0.2657927 0.6543994
v -0.4658615 0.2887109 0.6543994
v -0.494979 0.2887109 0.6174621
v -0.494821 0.2657927 0.61752
v -0.4985427 0.2657927 0.1634811
v -0.4985435 0.2657927 0
v -0.5658733 0.2601222 0
v -0.5658733 0.2601222 0.1634811
v -0.5548643 0.2601222 0.6586762
v -0.5193825 0.2601222 0.7063494
v -0.4658615 0.2657927 0.6543994
v -0.494821 0.2657927 0.61752
v -0.4985427 0.2887109 0.1634811
v -0.4985383 0.2887109 0
v -0.4985435 0.2657927 0
v -0.4985427 0.2657927 0.1634811
v -0.498542 0.2657927 0.3539135
v -0.4985427 0.2657927 0.1634811
v -0.5658733 0.2601222 0.1634811
v -0.5658733 0.2601222 0.3539135
v -0.4987279 0.2887109 0.5651707
v -0.498542 0.2887109 0.3539135
v -0.498542 0.2657927 0.3539135
v -0.4986098 0.2657927 0.565214
v -0.4986098 0.2657927 0.565214
v -0.498542 0.2657927 0.3539135
v -0.5658733 0.2601222 0.3539135
v -0.5662886 0.2601222 0.5843886
v -0.494821 0.2657927 0.61752
v -0.494979 0.2887109 0.6174621
v -0.4987279 0.2887109 0.5651707
v -0.4986098 0.2657927 0.565214
v -0.5548643 0.2601222 0.6586762
v -0.494821 0.2657927 0.61752
v -0.4986098 0.2657927 0.565214
v -0.5662886 0.2601222 0.5843886
v -0.4298931 0.2657927 0.6837606
v -0.4298607 0.2887109 0.6838055
v -0.4658615 0.2887109 0.6543994
v -0.4658615 0.2657927 0.6543994
v -0.4669261 0.2601222 0.7474314
v -0.4298931 0.2657927 0.6837606
v -0.4658615 0.2657927 0.6543994
v -0.5193825 0.2601222 0.7063494
v -0.1703002 0.2887109 0.6999542
v -0.1703002 0.2657927 0.6999542
v 0 0.2657927 0.7002178
v 0 0.2887109 0.7002178
v -0.1703002 0.2657927 0.6999542
v -0.1704035 0.2601222 0.7672858
v 0 0.2601222 0.7675487
v 0 0.2657927 0.7002178
v -0.3267939 0.2887109 0.6996927
v -0.3267939 0.2657927 0.6996927
v -0.1703002 0.2657927 0.6999542
v -0.1703002 0.2887109 0.6999542
v -0.3267939 0.2657927 0.6996927
v -0.3268972 0.2601222 0.7670249
v -0.1704035 0.2601222 0.7672858
v -0.1703002 0.2657927 0.6999542
v -0.3942567 0.2657927 0.6914823
v -0.3267939 0.2657927 0.6996927
v -0.3267939 0.2887109 0.6996927
v -0.3941036 0.2887109 0.6919019
v -0.4105387 0.2601222 0.7607229
v -0.3268972 0.2601222 0.7670249
v -0.3267939 0.2657927 0.6996927
v -0.3942567 0.2657927 0.6914823
v -0.4105387 0.2601222 0.7607229
v -0.3942567 0.2657927 0.6914823
v -0.4298931 0.2657927 0.6837606
v -0.4669261 0.2601222 0.7474314
v -0.3942567 0.2657927 0.6914823
v -0.3941036 0.2887109 0.6919019
v -0.4298607 0.2887109 0.6838055
v -0.4298931 0.2657927 0.6837606
v 0.498542 0.2887109 0.3539135
v 0.498542 0.2657927 0.3539135
v 0.4985427 0.2657927 0.1634811
v 0.4985427 0.2887109 0.1634811
v 0.4658615 0.2657927 0.6543994
v 0.494821 0.2657927 0.61752
v 0.494979 0.2887109 0.6174621
v 0.4658615 0.2887109 0.6543994
v 0.4985427 0.2657927 0.1634811
v 0.5658733 0.2601222 0.1634811
v 0.5658733 0.2601222 0
v 0.4985435 0.2657927 0
v 0.5548643 0.2601222 0.6586762
v 0.494821 0.2657927 0.61752
v 0.4658615 0.2657927 0.6543994
v 0.5193825 0.2601222 0.7063494
v 0.4985427 0.2887109 0.1634811
v 0.4985427 0.2657927 0.1634811
v 0.4985435 0.2657927 0
v 0.4985383 0.2887109 0
v 0.498542 0.2657927 0.3539135
v 0.5658733 0.2601222 0.3539135
v 0.5658733 0.2601222 0.1634811
v 0.4985427 0.2657927 0.1634811
v 0.4987279 0.2887109 0.5651707
v 0.4986098 0.2657927 0.565214
v 0.498542 0.2657927 0.3539135
v 0.498542 0.2887109 0.3539135
v 0.4986098 0.2657927 0.565214
v 0.5662886 0.2601222 0.5843886
v 0.5658733 0.2601222 0.3539135
v 0.498542 0.2657927 0.3539135
v 0.494821 0.2657927 0.61752
v 0.4986098 0.2657927 0.565214
v 0.4987279 0.2887109 0.5651707
v 0.494979 0.2887109 0.6174621
v 0.5548643 0.2601222 0.6586762
v 0.5662886 0.2601222 0.5843886
v 0.4986098 0.2657927 0.565214
v 0.494821 0.2657927 0.61752
v 0.4298931 0.2657927 0.6837606
v 0.4658615 0.2657927 0.6543994
v 0.4658615 0.2887109 0.6543994
v 0.4298607 0.2887109 0.6838055
v 0.4669261 0.2601222 0.7474314
v 0.5193825 0.2601222 0.7063494
v 0.4658615 0.2657927 0.6543994
v 0.4298931 0.2657927 0.6837606
v 0.1703002 0.2887109 0.6999542
v 0 0.2887109 0.7002178
v 0 0.2657927 0.7002178
v 0.1703002 0.2657927 0.6999542
v 0.1703002 0.2657927 0.6999542
v 0 0.2657927 0.7002178
v 0 0.2601222 0.7675487
v 0.1704035 0.2601222 0.7672858
v 0.3267939 0.2887109 0.6996927
v 0.1703002 0.2887109 0.6999542
v 0.1703002 0.2657927 0.6999542
v 0.3267939 0.2657927 0.6996927
v 0.3267939 0.2657927 0.6996927
v 0.1703002 0.2657927 0.6999542
v 0.1704035 0.2601222 0.7672858
v 0.3268972 0.2601222 0.7670249
v 0.3942567 0.2657927 0.6914823
v 0.3941036 0.2887109 0.6919019
v 0.3267939 0.2887109 0.6996927
v 0.3267939 0.2657927 0.6996927
v 0.4105387 0.2601222 0.7607229
v 0.3942567 0.2657927 0.6914823
v 0.3267939 0.2657927 0.6996927
v 0.3268972 0.2601222 0.7670249
v 0.4105387 0.2601222 0.7607229
v 0.4669261 0.2601222 0.7474314
v 0.4298931 0.2657927 0.6837606
v 0.3942567 0.2657927 0.6914823
v 0.3942567 0.2657927 0.6914823
v 0.4298931 0.2657927 0.6837606
v 0.4298607 0.2887109 0.6838055
v 0.3941036 0.2887109 0.6919019
v -0.498542 0.2887109 -0.3539135
v -0.498542 0.2657927 -0.3539135
v -0.4985427 0.2657927 -0.1634811
v -0.4985427 0.2887109 -0.1634811
v -0.4658615 0.2657927 -0.6543994
v -0.494821 0.2657927 -0.61752
v -0.494979 0.2887109 -0.6174621
v -0.4658615 0.2887109 -0.6543994
v -0.4985427 0.2657927 -0.1634811
v -0.5658733 0.2601222 -0.1634811
v -0.5658733 0.2601222 0
v -0.4985435 0.2657927 0
v -0.5548643 0.2601222 -0.6586762
v -0.494821 0.2657927 -0.61752
v -0.4658615 0.2657927 -0.6543994
v -0.5193825 0.2601222 -0.7063494
v -0.4985427 0.2887109 -0.1634811
v -0.4985427 0.2657927 -0.1634811
v -0.4985435 0.2657927 0
v -0.4985383 0.2887109 0
v -0.498542 0.2657927 -0.3539135
v -0.5658733 0.2601222 -0.3539135
v -0.5658733 0.2601222 -0.1634811
v -0.4985427 0.2657927 -0.1634811
v -0.4987279 0.2887109 -0.5651707
v -0.4986098 0.2657927 -0.565214
v -0.498542 0.2657927 -0.3539135
v -0.498542 0.2887109 -0.3539135
v -0.4986098 0.2657927 -0.565214
v -0.5662886 0.2601222 -0.5843886
v -0.5658733 0.2601222 -0.3539135
v -0.498542 0.2657927 -0.3539135
v -0.494821 0.2657927 -0.61752
v -0.4986098 0.2657927 -0.565214
v -0.4987279 0.2887109 -0.5651707
v -0.494979 0.2887109 -0.6174621
v -0.5548643 0.2601222 -0.6586762
v -0.5662886 0.2601222 -0.5843886
v -0.4986098 0.2657927 -0.565214
v -0.494821 0.2657927 -0.61752
v -0.4298931 0.2657927 -0.6837606
v -0.4658615 0.2657927 -0.6543994
v -0.4658615 0.2887109 -0.6543994
v -0.4298607 0.2887109 -0.6838055
v -0.4669261 0.2601222 -0.7474314
v -0.5193825 0.2601222 -0.7063494
v -0.4658615 0.2657927 -0.6543994
v -0.4298931 0.2657927 -0.6837606
v -0.1703002 0.2887109 -0.6999542
v 0 0.2887109 -0.7002178
v 0 0.2657927 -0.7002178
v -0.1703002 0.2657927 -0.6999542
v -0.1703002 0.2657927 -0.6999542
v 0 0.2657927 -0.7002178
v 0 0.2601222 -0.7675487
v -0.1704035 0.2601222 -0.7672858
v -0.3267939 0.2887109 -0.6996927
v -0.1703002 0.2887109 -0.6999542
v -0.1703002 0.2657927 -0.6999542
v -0.3267939 0.2657927 -0.6996927
v -0.3267939 0.2657927 -0.6996927
v -0.1703002 0.2657927 -0.6999542
v -0.1704035 0.2601222 -0.7672858
v -0.3268972 0.2601222 -0.7670249
v -0.3942567 0.2657927 -0.6914823
v -0.3941036 0.2887109 -0.6919019
v -0.3267939 0.2887109 -0.6996927
v -0.3267939 0.2657927 -0.6996927
v -0.4105387 0.2601222 -0.7607229
v -0.3942567 0.2657927 -0.6914823
v -0.3267939 0.2657927 -0.6996927
v -0.3268972 0.2601222 -0.7670249
v -0.4105387 0.2601222 -0.7607229
v -0.4669261 0.2601222 -0.7474314
v -0.4298931 0.2657927 -0.6837606
v -0.3942567 0.2657927 -0.6914823
v -0.3942567 0.2657927 -0.6914823
v -0.4298931 0.2657927 -0.6837606
v -0.4298607 0.2887109 -0.6838055
v -0.3941036 0.2887109 -0.6919019
v 0.498542 0.2887109 -0.3539135
v 0.4985427 0.2887109 -0.1634811
v 0.4985427 0.2657927 -0.1634811
v 0.498542 0.2657927 -0.3539135
v 0.4658615 0.2657927 -0.6543994
v 0.4658615 0.2887109 -0.6543994
v 0.494979 0.2887109 -0.6174621
v 0.494821 0.2657927 -0.61752
v 0.4985427 0.2657927 -0.1634811
v 0.4985435 0.2657927 0
v 0.5658733 0.2601222 0
v 0.5658733 0.2601222 -0.1634811
v 0.5548643 0.2601222 -0.6586762
v 0.5193825 0.2601222 -0.7063494
v 0.4658615 0.2657927 -0.6543994
v 0.494821 0.2657927 -0.61752
v 0.4985427 0.2887109 -0.1634811
v 0.4985383 0.2887109 0
v 0.4985435 0.2657927 0
v 0.4985427 0.2657927 -0.1634811
v 0.498542 0.2657927 -0.3539135
v 0.4985427 0.2657927 -0.1634811
v 0.5658733 0.2601222 -0.1634811
v 0.5658733 0.2601222 -0.3539135
v 0.4987279 0.2887109 -0.5651707
v 0.498542 0.2887109 -0.3539135
v 0.498542 0.2657927 -0.3539135
v 0.4986098 0.2657927 -0.565214
v 0.4986098 0.2657927 -0.565214
v 0.498542 0.2657927 -0.3539135
v 0.5658733 0.2601222 -0.3539135
v 0.5662886 0.2601222 -0.5843886
v 0.494821 0.2657927 -0.61752
v 0.494979 0.2887109 -0.6174621
v 0.4987279 0.2887109 -0.5651707
v 0.4986098 0.2657927 -0.565214
v 0.5548643 0.2601222 -0.6586762
v 0.494821 0.2657927 -0.61752
v 0.4986098 0.2657927 -0.565214
v 0.5662886 0.2601222 -0.5843886
v 0.4298931 0.2657927 -0.6837606
v 0.4298607 0.2887109 -0.6838055
v 0.4658615 0.2887109 -0.6543994
v 0.4658615 0.2657927 -0.6543994
v 0.4669261 0.2601222 -0.7474314
v 0.4298931 0.2657927 -0.6837606
v 0.4658615 0.2657927 -0.6543994
v 0.5193825 0.2601222 -0.7063494
v 0.1703002 0.2887109 -0.6999542
v 0.1703002 0.2657927 -0.6999542
v 0 0.2657927 -0.7002178
v 0 0.2887109 -0.7002178
v 0.1703002 0.2657927 -0.6999542
v 0.1704035 0.2601222 -0.7672858
v 0 0.2601222 -0.7675487
v 0 0.2657927 -0.7002178
v 0.3267939 0.2887109 -0.6996927
v 0.3267939 0.2657927 -0.6996927
v 0.1703002 0.2657927 -0.6999542
v 0.1703002 0.2887109 -0.6999542
v 0.3267939 0.2657927 -0.6996927
v 0.3268972 0.2601222 -0.7670249
v 0.1704035 0.2601222 -0.7672858
v 0.1703002 0.2657927 -0.6999542
v 0.3942567 0.2657927 -0.6914823
v 0.3267939 0.2657927 -0.6996927
v 0.3267939 0.2887109 -0.6996927
v 0.3941036 0.2887109 -0.6919019
v 0.4105387 0.2601222 -0.7607229
v 0.3268972 0.2601222 -0.7670249
v 0.3267939 0.2657927 -0.6996927
v 0.3942567 0.2657927 -0.6914823
v 0.4105387 0.2601222 -0.7607229
v 0.3942567 0.2657927 -0.6914823
v 0.4298931 0.2657927 -0.6837606
v 0.4669261 0.2601222 -0.7474314
v 0.3942567 0.2657927 -0.6914823
v 0.3941036 0.2887109 -0.6919019
v 0.4298607 0.2887109 -0.6838055
v 0.4298931 0.2657927 -0.6837606
v -0.4203585 0.009574046 1.039916
v -0.4203364 0.530075 1.031941
v -0.4317183 0.5262473 1.040531
v -0.431602 0.02340732 1.048556
v -0.4203585 0.009574046 1.039916
v -0.4104435 0.02349969 1.056638
v -0.4102824 0.5263414 1.048716
v -0.4203364 0.530075 1.031941
v -0.5309087 0.01357561 1.235735
v -0.4275943 0.4801744 1.045545
v -0.4329238 0.4938248 1.048716
v -0.5356854 0.02732979 1.238883
v -0.5309087 0.01357561 1.235735
v -0.5168918 0.01861618 1.235656
v -0.4136088 0.4855768 1.045541
v -0.4275943 0.4801744 1.045545
v -0.1842817 0.2499364 0.7660379
v -0.4125291 0.4859643 1.031366
v -0.4270167 0.4859689 1.033711
v -0.1985778 0.2499406 0.7688991
v -0.1842817 0.2499364 0.7660379
v -0.181557 0.249927 0.7803615
v -0.4101342 0.485955 1.045845
v -0.4125291 0.4859643 1.031366
v -0.8718255 0.009574046 0.6424607
v -0.8668706 0.530075 0.6362117
v -0.8811267 0.5262473 0.6359103
v -0.8860046 0.02340732 0.6422848
v -0.8718255 0.009574046 0.6424607
v -0.8743924 0.02349969 0.661731
v -0.8693612 0.5263414 0.6556095
v -0.8668706 0.530075 0.6362117
v -1.079877 0.01357561 0.7277912
v -0.880993 0.4801744 0.6424014
v -0.8871411 0.4938248 0.6415915
v -1.085577 0.02732979 0.7273059
v -1.079877 0.01357561 0.7277912
v -1.06882 0.01861618 0.7364069
v -0.8700078 0.4855768 0.6510571
v -0.880993 0.4801744 0.6424014
v -0.5168713 0.2499364 0.5735481
v -0.8603836 0.4859643 0.6405939
v -0.8732124 0.4859689 0.6334653
v -0.5298693 0.2499406 0.5669439
v -0.5168713 0.2499364 0.5735481
v -0.5235996 0.249927 0.5864832
v -0.8674675 0.485955 0.6534472
v -0.8603836 0.4859643 0.6405939
v 0.4203585 0.009574046 1.039916
v 0.4316021 0.02340732 1.048556
v 0.4317183 0.5262473 1.040531
v 0.4203364 0.530075 1.031941
v 0.4203585 0.009574046 1.039916
v 0.4203364 0.530075 1.031941
v 0.4102823 0.5263414 1.048716
v 0.4104435 0.02349969 1.056638
v 0.5309087 0.01357561 1.235735
v 0.5356854 0.02732979 1.238883
v 0.4329239 0.4938248 1.048716
v 0.4275943 0.4801744 1.045545
v 0.5309087 0.01357561 1.235735
v 0.4275943 0.4801744 1.045545
v 0.4136088 0.4855768 1.045541
v 0.5168918 0.01861618 1.235655
v 0.1842817 0.2499364 0.7660379
v 0.1985778 0.2499406 0.7688991
v 0.4270168 0.4859689 1.033711
v 0.4125291 0.4859643 1.031366
v 0.1842817 0.2499364 0.7660379
v 0.4125291 0.4859643 1.031366
v 0.4101342 0.485955 1.045845
v 0.181557 0.249927 0.7803615
v 0.8718256 0.009574046 0.6424607
v 0.8860047 0.02340732 0.6422848
v 0.8811268 0.5262473 0.6359103
v 0.8668706 0.530075 0.6362117
v 0.8718256 0.009574046 0.6424607
v 0.8668706 0.530075 0.6362117
v 0.8693612 0.5263414 0.6556095
v 0.8743924 0.02349969 0.661731
v 1.079877 0.01357561 0.7277911
v 1.085577 0.02732979 0.7273059
v 0.8871411 0.4938248 0.6415915
v 0.880993 0.4801744 0.6424014
v 1.079877 0.01357561 0.7277911
v 0.880993 0.4801744 0.6424014
v 0.8700078 0.4855768 0.6510571
v 1.06882 0.01861618 0.7364069
v 0.5168713 0.2499364 0.5735481
v 0.5298693 0.2499406 0.5669438
v 0.8732123 0.4859689 0.6334653
v 0.8603836 0.4859643 0.640594
v 0.5168713 0.2499364 0.5735481
v 0.8603836 0.4859643 0.640594
v 0.8674674 0.485955 0.6534472
v 0.5235997 0.249927 0.5864832
v -0.4203585 0.009574046 -1.039916
v -0.4316021 0.02340732 -1.048556
v -0.4317183 0.5262473 -1.040531
v -0.4203363 0.530075 -1.031941
v -0.4203585 0.009574046 -1.039916
v -0.4203363 0.530075 -1.031941
v -0.4102825 0.5263414 -1.048716
v -0.4104435 0.02349969 -1.056638
v -0.5309087 0.01357561 -1.235735
v -0.5356854 0.02732979 -1.238883
v -0.4329238 0.4938248 -1.048716
v -0.4275943 0.4801744 -1.045545
v -0.5309087 0.01357561 -1.235735
v -0.4275943 0.4801744 -1.045545
v -0.4136088 0.4855768 -1.045541
v -0.5168918 0.01861618 -1.235656
v -0.1842817 0.2499364 -0.7660381
v -0.1985778 0.2499406 -0.7688989
v -0.4270167 0.4859689 -1.03371
v -0.4125291 0.4859643 -1.031366
v -0.1842817 0.2499364 -0.7660381
v -0.4125291 0.4859643 -1.031366
v -0.4101342 0.485955 -1.045845
v -0.181557 0.249927 -0.7803613
v -0.8718255 0.009574046 -0.6424606
v -0.8860046 0.02340732 -0.6422848
v -0.8811268 0.5262473 -0.6359103
v -0.8668706 0.530075 -0.6362116
v -0.8718255 0.009574046 -0.6424606
v -0.8668706 0.530075 -0.6362116
v -0.8693612 0.5263414 -0.6556097
v -0.8743924 0.02349969 -0.6617311
v -1.079877 0.01357561 -0.7277911
v -1.085577 0.02732979 -0.7273061
v -0.8871411 0.4938248 -0.6415915
v -0.8809929 0.4801744 -0.6424014
v -1.079877 0.01357561 -0.7277911
v -0.8809929 0.4801744 -0.6424014
v -0.8700078 0.4855768 -0.6510571
v -1.06882 0.01861618 -0.7364069
v -0.5168713 0.2499364 -0.5735481
v -0.5298693 0.2499406 -0.5669439
v -0.8732123 0.4859689 -0.6334653
v -0.8603837 0.4859643 -0.6405939
v -0.5168713 0.2499364 -0.5735481
v -0.8603837 0.4859643 -0.6405939
v -0.8674675 0.485955 -0.6534473
v -0.5235997 0.249927 -0.5864831
v 0.4203585 0.009574046 -1.039916
v 0.4203364 0.530075 -1.031941
v 0.4317183 0.5262473 -1.040531
v 0.4316021 0.02340732 -1.048556
v 0.4203585 0.009574046 -1.039916
v 0.4104435 0.02349969 -1.056638
v 0.4102825 0.5263414 -1.048716
v 0.4203364 0.530075 -1.031941
v 0.5309087 0.01357561 -1.235735
v 0.4275943 0.4801744 -1.045545
v 0.4329237 0.4938248 -1.048716
v 0.5356854 0.02732979 -1.238883
v 0.5309087 0.01357561 -1.235735
v 0.5168918 0.01861618 -1.235656
v 0.4136088 0.4855768 -1.045541
v 0.4275943 0.4801744 -1.045545
v 0.1842817 0.2499364 -0.7660381
v 0.4125291 0.4859643 -1.031366
v 0.4270168 0.4859689 -1.03371
v 0.1985778 0.2499406 -0.7688989
v 0.1842817 0.2499364 -0.7660381
v 0.1815571 0.249927 -0.7803613
v 0.4101342 0.485955 -1.045845
v 0.4125291 0.4859643 -1.031366
v 0.8718256 0.009574046 -0.6424606
v 0.8668706 0.530075 -0.6362116
v 0.8811267 0.5262473 -0.6359103
v 0.8860046 0.02340732 -0.6422848
v 0.8718256 0.009574046 -0.6424606
v 0.8743923 0.02349969 -0.6617311
v 0.8693612 0.5263414 -0.6556097
v 0.8668706 0.530075 -0.6362116
v 1.079877 0.01357561 -0.7277911
v 0.8809929 0.4801744 -0.6424014
v 0.8871411 0.4938248 -0.6415915
v 1.085577 0.02732979 -0.7273061
v 1.079877 0.01357561 -0.7277911
v 1.06882 0.01861618 -0.7364069
v 0.8700078 0.4855768 -0.6510571
v 0.8809929 0.4801744 -0.6424014
v 0.5168713 0.2499364 -0.5735481
v 0.8603837 0.4859643 -0.6405939
v 0.8732122 0.4859689 -0.6334653
v 0.5298693 0.2499406 -0.5669439
v 0.5168713 0.2499364 -0.5735481
v 0.5235997 0.249927 -0.5864831
v 0.8674674 0.485955 -0.6534473
v 0.8603837 0.4859643 -0.6405939
v 0.2704041 0.24095 0.7140321
v 0.2213857 0.24095 0.7140321
v 0.2213857 0.22053 0.7140321
v 0.2704041 0.22053 0.7140321
v 0.2213857 0.24095 0.7140321
v -0.2213857 0.24095 0.7140321
v -0.2213857 0.22053 0.7140321
v 0.2213857 0.22053 0.7140321
v -0.2213857 0.24095 0.7140321
v -0.2704041 0.24095 0.7140321
v -0.2704041 0.22053 0.7140321
v -0.2213857 0.22053 0.7140321
v -0.5141333 0.24095 0.1649758
v -0.5141333 0.24095 0.127325
v -0.5141333 0.22053 0.127325
v -0.5141333 0.22053 0.1649758
v -0.5141333 0.24095 0.4575012
v -0.5141333 0.24095 0.1649758
v -0.5141333 0.22053 0.1649758
v -0.5141333 0.22053 0.4575012
v -0.5141333 0.24095 0.495152
v -0.5141333 0.24095 0.4575012
v -0.5141333 0.22053 0.4575012
v -0.5141333 0.22053 0.495152
v -0.515689 0.2207637 0.1748428
v -0.5902142 0.2221484 0.1748428
v -0.5899586 0.226397 0.1777717
v -0.5154395 0.2249097 0.1777717
v -0.515689 0.2207637 0.1748428
v -0.5154395 0.2249097 0.1719138
v -0.5899586 0.226397 0.1719138
v -0.5902142 0.2221484 0.1748428
v -2.664535E-17 0.2278444 0.7887127
v -0.3524919 0.2278444 0.7887127
v -0.3524919 0.2220351 0.7887127
v -2.664535E-17 0.2220351 0.7887127
v -2.664535E-17 0.2220351 0.7887127
v -0.3524919 0.2220351 0.7887127
v -0.3524919 0.2220351 0.8095262
v -2.664535E-17 0.2220351 0.8095261
v -0.5668538 0.2220351 0.6648214
v -0.5668538 0.2278444 0.6648214
v -0.5878442 0.2278444 0.5882168
v -0.5878442 0.2220351 0.5882168
v -0.5860509 0.2220351 0.6764467
v -0.5668538 0.2220351 0.6648214
v -0.5878442 0.2220351 0.5882168
v -0.6086574 0.2220351 0.5882167
v -0.5668538 0.2220351 0.6648214
v -0.5138602 0.2220351 0.7199632
v -0.5138602 0.2278444 0.7199632
v -0.5668538 0.2278444 0.6648214
v -0.5860509 0.2220351 0.6764467
v -0.5277858 0.2220351 0.7354317
v -0.5138602 0.2220351 0.7199632
v -0.5668538 0.2220351 0.6648214
v -0.4746622 0.2220351 0.7566526
v -0.4746622 0.2278444 0.7566526
v -0.5138602 0.2278444 0.7199632
v -0.5138602 0.2220351 0.7199632
v -0.4853382 0.2220351 0.774292
v -0.4746622 0.2220351 0.7566526
v -0.5138602 0.2220351 0.7199632
v -0.5277858 0.2220351 0.7354317
v -0.5878442 0.2278444 0.5882168
v -0.5878441 0.2278444 2.220446E-18
v -0.5878441 0.2220351 2.220446E-18
v -0.5878442 0.2220351 0.5882168
v -0.5878441 0.2220351 2.220446E-18
v -0.6086574 0.2220351 2.220446E-18
v -0.6086574 0.2220351 0.5882167
v -0.5878442 0.2220351 0.5882168
v -0.3524919 0.2220351 0.8095262
v -0.3524919 0.2220351 0.7887127
v -0.4746622 0.2220351 0.7566526
v -0.4853382 0.2220351 0.774292
v -0.3524919 0.2220351 0.7887127
v -0.3524919 0.2278444 0.7887127
v -0.4746622 0.2278444 0.7566526
v -0.4746622 0.2220351 0.7566526
v -0.515689 0.2207637 0.2635604
v -0.5902142 0.2221484 0.2635604
v -0.5899586 0.226397 0.2664893
v -0.5154395 0.2249097 0.2664893
v -0.515689 0.2207637 0.2635604
v -0.5154395 0.2249097 0.2606314
v -0.5899586 0.226397 0.2606314
v -0.5902142 0.2221484 0.2635604
v -0.515689 0.2207637 0.3542452
v -0.5902142 0.2221484 0.3542452
v -0.5899586 0.226397 0.3571741
v -0.5154395 0.2249097 0.3571741
v -0.515689 0.2207637 0.3542452
v -0.5154395 0.2249097 0.3513162
v -0.5899586 0.226397 0.3513162
v -0.5902142 0.2221484 0.3542452
v -0.515689 0.2207637 0.4419862
v -0.5902142 0.2221484 0.4419862
v -0.5899586 0.226397 0.4449152
v -0.5154395 0.2249097 0.4449152
v -0.515689 0.2207637 0.4419862
v -0.5154395 0.2249097 0.4390573
v -0.5899586 0.226397 0.4390573
v -0.5902142 0.2221484 0.4419862
v -0.5156462 0.2207649 0.5777193
v -0.5842408 0.2227508 0.5922207
v -0.5834503 0.2272229 0.5946845
v -0.5148609 0.2251349 0.5801926
v -0.5156462 0.2207649 0.5777193
v -0.5160097 0.2246548 0.5744685
v -0.5845991 0.2267428 0.5889603
v -0.5842408 0.2227508 0.5922207
v -0.4665816 0.2207837 0.6703767
v -0.5128046 0.2264605 0.7206961
v -0.5110884 0.2313194 0.7210709
v -0.4648561 0.2255466 0.6707867
v -0.4665816 0.2207837 0.6703767
v -0.4690683 0.2237862 0.667116
v -0.5153006 0.2295591 0.7174002
v -0.5128046 0.2264605 0.7206961
v -0.515689 0.2207637 0.09096088
v -0.5902142 0.2221484 0.09096088
v -0.5899586 0.226397 0.09388985
v -0.5154395 0.2249097 0.09388985
v -0.515689 0.2207637 0.09096088
v -0.5154395 0.2249097 0.08803192
v -0.5899586 0.226397 0.08803192
v -0.5902142 0.2221484 0.09096088
v -0.08988357 0.2207637 0.7149227
v -0.08988357 0.2221484 0.789448
v -0.08695457 0.226397 0.7891923
v -0.08695457 0.2249097 0.7146732
v -0.08988357 0.2207637 0.7149227
v -0.09281258 0.2249097 0.7146732
v -0.09281258 0.226397 0.7891923
v -0.08988357 0.2221484 0.789448
v -0.1761279 0.2207637 0.7149227
v -0.1761279 0.2221484 0.789448
v -0.1731988 0.226397 0.7891923
v -0.1731988 0.2249097 0.7146732
v -0.1761279 0.2207637 0.7149227
v -0.1790569 0.2249097 0.7146732
v -0.1790569 0.226397 0.7891923
v -0.1761279 0.2221484 0.789448
v -0.2623278 0.2207637 0.7149227
v -0.2623278 0.2221484 0.789448
v -0.2593988 0.226397 0.7891923
v -0.2593988 0.2249097 0.7146732
v -0.2623278 0.2207637 0.7149227
v -0.2652568 0.2249097 0.7146732
v -0.2652569 0.226397 0.7891923
v -0.2623278 0.2221484 0.789448
v -0.3926519 0.2207637 0.7094868
v -0.4181914 0.2221484 0.7794994
v -0.4153522 0.226397 0.7802629
v -0.3898148 0.2249097 0.7102562
v -0.3926519 0.2207637 0.7094868
v -0.395318 0.2249097 0.7082487
v -0.4208555 0.226397 0.7782555
v -0.4181914 0.2221484 0.7794994
v -2.664535E-17 0.2402 0.7159777
v -0.3524919 0.2402 0.7159777
v -0.3524919 0.23439 0.7159777
v -2.664535E-17 0.23439 0.7159777
v -2.664535E-17 0.23439 0.7159777
v -0.3524919 0.23439 0.7159777
v -0.3524919 0.23439 0.721711
v -2.664535E-17 0.23439 0.721711
v -0.4946612 0.23439 0.6360604
v -0.4946612 0.2402 0.6360604
v -0.5143692 0.2402 0.5882168
v -0.5143692 0.23439 0.5882168
v -0.5007104 0.23439 0.640095
v -0.4946612 0.23439 0.6360604
v -0.5143692 0.23439 0.5882168
v -0.5229288 0.23439 0.5882167
v -0.4946612 0.23439 0.6360604
v -0.4702367 0.23439 0.6648425
v -0.4702367 0.2402 0.6648425
v -0.4946612 0.2402 0.6360604
v -0.5007104 0.23439 0.640095
v -0.4737224 0.23439 0.669861
v -0.4702367 0.23439 0.6648425
v -0.4946612 0.23439 0.6360604
v -0.4364321 0.23439 0.6951554
v -0.4364321 0.2402 0.6951554
v -0.4702367 0.2402 0.6648425
v -0.4702367 0.23439 0.6648425
v -0.4392453 0.23439 0.7006164
v -0.4364321 0.23439 0.6951554
v -0.4702367 0.23439 0.6648425
v -0.4737224 0.23439 0.669861
v -0.5143692 0.2402 0.5882168
v -0.5143691 0.2402 2.220446E-18
v -0.5143691 0.23439 2.220446E-18
v -0.5143692 0.23439 0.5882168
v -0.5143691 0.23439 2.220446E-18
v -0.5229288 0.23439 2.220446E-18
v -0.5229288 0.23439 0.5882167
v -0.5143692 0.23439 0.5882168
v -0.3524919 0.23439 0.721711
v -0.3524919 0.23439 0.7159777
v -0.4057204 0.23439 0.7036754
v -0.4063608 0.23439 0.7109721
v -0.4364321 0.23439 0.6951554
v -0.4392453 0.23439 0.7006164
v -0.3524919 0.23439 0.7159777
v -0.3524919 0.2402 0.7159777
v -0.4057204 0.2402 0.7036754
v -0.4057204 0.23439 0.7036754
v -0.4364321 0.23439 0.6951554
v -0.4364321 0.2402 0.6951554
v -2.664535E-17 0.2258535 0.7159777
v -0.3524919 0.2258535 0.7159777
v -0.3524919 0.2200435 0.7159777
v -2.664535E-17 0.2200435 0.7159777
v -2.664535E-17 0.2200435 0.7159777
v -0.3524919 0.2200435 0.7159777
v -0.3524919 0.2200435 0.721711
v -2.664535E-17 0.2200435 0.721711
v -0.4946612 0.2200435 0.6360604
v -0.4946612 0.2258535 0.6360604
v -0.5143692 0.2258535 0.5882168
v -0.5143692 0.2200435 0.5882168
v -0.5007104 0.2200435 0.640095
v -0.4946612 0.2200435 0.6360604
v -0.5143692 0.2200435 0.5882168
v -0.5229288 0.2200435 0.5882167
v -0.4946612 0.2200435 0.6360604
v -0.4702367 0.2200435 0.6648425
v -0.4702367 0.2258535 0.6648425
v -0.4946612 0.2258535 0.6360604
v -0.5007104 0.2200435 0.640095
v -0.4737224 0.2200435 0.669861
v -0.4702367 0.2200435 0.6648425
v -0.4946612 0.2200435 0.6360604
v -0.4364321 0.2200435 0.6951554
v -0.4364321 0.2258535 0.6951554
v -0.4702367 0.2258535 0.6648425
v -0.4702367 0.2200435 0.6648425
v -0.4392453 0.2200435 0.7006164
v -0.4364321 0.2200435 0.6951554
v -0.4702367 0.2200435 0.6648425
v -0.4737224 0.2200435 0.669861
v -0.5143692 0.2258535 0.5882168
v -0.5143691 0.2258535 2.220446E-18
v -0.5143691 0.2200435 2.220446E-18
v -0.5143692 0.2200435 0.5882168
v -0.5143691 0.2200435 2.220446E-18
v -0.5229288 0.2200435 2.220446E-18
v -0.5229288 0.2200435 0.5882167
v -0.5143692 0.2200435 0.5882168
v -0.3524919 0.2200435 0.721711
v -0.3524919 0.2200435 0.7159777
v -0.4057204 0.2200435 0.7036754
v -0.4063608 0.2200435 0.7109721
v -0.4364321 0.2200435 0.6951554
v -0.4392453 0.2200435 0.7006164
v -0.3524919 0.2200435 0.7159777
v -0.3524919 0.2258535 0.7159777
v -0.4057204 0.2258535 0.7036754
v -0.4057204 0.2200435 0.7036754
v -0.4364321 0.2200435 0.6951554
v -0.4364321 0.2258535 0.6951554
v -0.5144559 0.2344504 0
v -0.5144559 0.2257792 0.03393197
v -0.5159277 0.2271311 0.03393197
v -0.5159277 0.2358012 0
v -0.5144559 0.2344504 0
v -0.5159277 0.2331893 0
v -0.5159397 0.2245191 0.03393197
v -0.5144559 0.2257792 0.03393197
v -0.5144559 0.2344504 0.06786393
v -0.5159277 0.2358012 0.06786393
v -0.5159277 0.2271311 0.03393197
v -0.5144559 0.2257792 0.03393197
v -0.5144559 0.2344504 0.06786393
v -0.5144559 0.2257792 0.03393197
v -0.5159397 0.2245191 0.03393197
v -0.5159277 0.2331893 0.06786393
v -0.5144559 0.2344504 0.06786393
v -0.5144559 0.2257792 0.1017959
v -0.5159277 0.2271311 0.1017959
v -0.5159277 0.2358012 0.06786393
v -0.5144559 0.2344504 0.06786393
v -0.5159277 0.2331893 0.06786393
v -0.5159397 0.2245191 0.1017959
v -0.5144559 0.2257792 0.1017959
v -0.5144559 0.2344504 0.1357279
v -0.5159277 0.2358012 0.1357279
v -0.5159277 0.2271311 0.1017959
v -0.5144559 0.2257792 0.1017959
v -0.5144559 0.2344504 0.1357279
v -0.5144559 0.2257792 0.1017959
v -0.5159397 0.2245191 0.1017959
v -0.5159277 0.2331893 0.1357279
v -0.5144559 0.2344504 0.1357279
v -0.5144559 0.2257792 0.1701687
v -0.5159277 0.2271311 0.1701687
v -0.5159277 0.2358012 0.1357279
v -0.5144559 0.2344504 0.1357279
v -0.5159277 0.2331893 0.1357279
v -0.5159397 0.2245191 0.1701687
v -0.5144559 0.2257792 0.1701687
v -0.5144559 0.2344504 0.2045412
v -0.5159277 0.2358012 0.2045411
v -0.5159277 0.2271311 0.1701687
v -0.5144559 0.2257792 0.1701687
v -0.5144559 0.2344504 0.2045412
v -0.5144559 0.2257792 0.1701687
v -0.5159397 0.2245191 0.1701687
v -0.5159277 0.2331893 0.2045411
v -0.5144559 0.2344504 0.2045412
v -0.5144559 0.2257792 0.2384731
v -0.5159277 0.2271311 0.2384731
v -0.5159277 0.2358012 0.2045411
v -0.5144559 0.2344504 0.2045412
v -0.5159277 0.2331893 0.2045411
v -0.5159397 0.2245191 0.2384731
v -0.5144559 0.2257792 0.2384731
v -0.5144559 0.2344504 0.2724051
v -0.5159277 0.2358012 0.2724051
v -0.5159277 0.2271311 0.2384731
v -0.5144559 0.2257792 0.2384731
v -0.5144559 0.2344504 0.2724051
v -0.5144559 0.2257792 0.2384731
v -0.5159397 0.2245191 0.2384731
v -0.5159277 0.2331893 0.2724051
v -0.5144559 0.2344504 0.2724051
v -0.5144559 0.2257792 0.3063371
v -0.5159277 0.2271311 0.3063371
v -0.5159277 0.2358012 0.2724051
v -0.5144559 0.2344504 0.2724051
v -0.5159277 0.2331893 0.2724051
v -0.5159397 0.2245191 0.3063371
v -0.5144559 0.2257792 0.3063371
v -0.5144559 0.2344504 0.340269
v -0.5159277 0.2358012 0.340269
v -0.5159277 0.2271311 0.3063371
v -0.5144559 0.2257792 0.3063371
v -0.5144559 0.2344504 0.340269
v -0.5144559 0.2257792 0.3063371
v -0.5159397 0.2245191 0.3063371
v -0.5159277 0.2331893 0.340269
v -0.5144559 0.2344504 0.340269
v -0.5144559 0.2257792 0.374201
v -0.5159277 0.2271311 0.374201
v -0.5159277 0.2358012 0.340269
v -0.5144559 0.2344504 0.340269
v -0.5159277 0.2331893 0.340269
v -0.5159397 0.2245191 0.374201
v -0.5144559 0.2257792 0.374201
v -0.5144559 0.2344504 0.4323742
v -0.5159277 0.2358012 0.4323742
v -0.5159277 0.2271311 0.374201
v -0.5144559 0.2257792 0.374201
v -0.5144559 0.2344504 0.4323742
v -0.5144559 0.2257792 0.374201
v -0.5159397 0.2245191 0.374201
v -0.5159277 0.2331893 0.4323742
v -0.5144559 0.2344504 0.4323742
v -0.5144559 0.2257792 0.4887076
v -0.5159277 0.2271311 0.4887076
v -0.5159277 0.2358012 0.4323742
v -0.5144559 0.2344504 0.4323742
v -0.5159277 0.2331893 0.4323742
v -0.5159397 0.2245191 0.4887076
v -0.5144559 0.2257792 0.4887076
v -0.5144559 0.2344504 0.5226395
v -0.5159277 0.2358012 0.5226395
v -0.5159277 0.2271311 0.4887076
v -0.5144559 0.2257792 0.4887076
v -0.5144559 0.2344504 0.5226395
v -0.5144559 0.2257792 0.4887076
v -0.5159397 0.2245191 0.4887076
v -0.5159277 0.2331893 0.5226395
v -0.5144559 0.2344504 0.5226395
v -0.5144559 0.2257792 0.5565715
v -0.5159277 0.2271311 0.5565715
v -0.5159277 0.2358012 0.5226395
v -0.5144559 0.2344504 0.5226395
v -0.5159277 0.2331893 0.5226395
v -0.5159397 0.2245191 0.5565715
v -0.5144559 0.2257792 0.5565715
v -0.5145168 0.2344504 0.5902102
v -0.5159277 0.2358012 0.5905035
v -0.5159277 0.2271311 0.5565715
v -0.5144559 0.2257792 0.5565715
v -0.5145168 0.2344504 0.5902102
v -0.5144559 0.2257792 0.5565715
v -0.5159397 0.2245191 0.5565715
v -0.5159277 0.2331893 0.5905035
v -0.5145168 0.2344504 0.5902102
v -0.5010552 0.2257792 0.621038
v -0.5024051 0.2271311 0.6216245
v -0.5159277 0.2358012 0.5905035
v -0.5145168 0.2344504 0.5902102
v -0.5159277 0.2331893 0.5905035
v -0.502416 0.2245191 0.6216292
v -0.5010552 0.2257792 0.621038
v -0.4877276 0.2344504 0.6518944
v -0.4888825 0.2358012 0.6527455
v -0.5024051 0.2271311 0.6216245
v -0.5010552 0.2257792 0.621038
v -0.4877276 0.2344504 0.6518944
v -0.5010552 0.2257792 0.621038
v -0.502416 0.2245191 0.6216292
v -0.4888825 0.2331893 0.6527455
v -0.4877276 0.2344504 0.6518944
v -0.4622013 0.2257792 0.6737612
v -0.4631613 0.2271311 0.6748769
v -0.4888825 0.2358012 0.6527455
v -0.4877276 0.2344504 0.6518944
v -0.4888825 0.2331893 0.6527455
v -0.4631691 0.2245191 0.674886
v -0.4622013 0.2257792 0.6737612
v -0.4367764 0.2344504 0.6957378
v -0.4374401 0.2358012 0.6970084
v -0.4631613 0.2271311 0.6748769
v -0.4622013 0.2257792 0.6737612
v -0.4367764 0.2344504 0.6957378
v -0.4622013 0.2257792 0.6737612
v -0.4631691 0.2245191 0.674886
v -0.4374401 0.2331893 0.6970084
v -0.4367764 0.2344504 0.6957378
v -0.404215 0.2257792 0.7040534
v -0.404215 0.2271311 0.7055252
v -0.4374401 0.2358012 0.6970084
v -0.4367764 0.2344504 0.6957378
v -0.4374401 0.2331893 0.6970084
v -0.404215 0.2245191 0.7055371
v -0.404215 0.2257792 0.7040534
v -0.3714895 0.2344504 0.7125023
v -0.3714895 0.2358012 0.7139741
v -0.404215 0.2271311 0.7055252
v -0.404215 0.2257792 0.7040534
v -0.3714895 0.2344504 0.7125023
v -0.404215 0.2257792 0.7040534
v -0.404215 0.2245191 0.7055371
v -0.3714895 0.2331893 0.7139741
v -0.3714895 0.2344504 0.7125023
v -0.3377728 0.2257792 0.7148508
v -0.3377728 0.2271311 0.7163226
v -0.3714895 0.2358012 0.7139741
v -0.3714895 0.2344504 0.7125023
v -0.3714895 0.2331893 0.7139741
v -0.3377728 0.2245191 0.7163346
v -0.3377728 0.2257792 0.7148508
v -0.303975 0.2344504 0.7172191
v -0.303975 0.2358012 0.7186909
v -0.3377728 0.2271311 0.7163226
v -0.3377728 0.2257792 0.7148508
v -0.303975 0.2344504 0.7172191
v -0.3377728 0.2257792 0.7148508
v -0.3377728 0.2245191 0.7163346
v -0.303975 0.2331893 0.7186909
v -0.303975 0.2344504 0.7172191
v -0.2700945 0.2257792 0.7172173
v -0.2700945 0.2271311 0.7186891
v -0.303975 0.2358012 0.7186909
v -0.303975 0.2344504 0.7172191
v -0.303975 0.2331893 0.7186909
v -0.2700945 0.2245191 0.718701
v -0.2700945 0.2257792 0.7172173
v -0.2361625 0.2344504 0.7172173
v -0.2361625 0.2358012 0.7186891
v -0.2700945 0.2271311 0.7186891
v -0.2700945 0.2257792 0.7172173
v -0.2361625 0.2344504 0.7172173
v -0.2700945 0.2257792 0.7172173
v -0.2700945 0.2245191 0.718701
v -0.2361625 0.2331893 0.7186891
v -0.2361625 0.2344504 0.7172173
v -0.2022305 0.2257792 0.7172173
v -0.2022305 0.2271311 0.7186891
v -0.2361625 0.2358012 0.7186891
v -0.2361625 0.2344504 0.7172173
v -0.2361625 0.2331893 0.7186891
v -0.2022305 0.2245191 0.7187011
v -0.2022305 0.2257792 0.7172173
v -0.1682986 0.2344504 0.7172173
v -0.1682986 0.2358012 0.7186891
v -0.2022305 0.2271311 0.7186891
v -0.2022305 0.2257792 0.7172173
v -0.1682986 0.2344504 0.7172173
v -0.2022305 0.2257792 0.7172173
v -0.2022305 0.2245191 0.7187011
v -0.1682986 0.2331893 0.7186891
v -0.1682986 0.2344504 0.7172173
v -0.1343666 0.2257792 0.7172173
v -0.1343666 0.2271311 0.7186891
v -0.1682986 0.2358012 0.7186891
v -0.1682986 0.2344504 0.7172173
v -0.1682986 0.2331893 0.7186891
v -0.1343666 0.2245191 0.7187011
v -0.1343666 0.2257792 0.7172173
v -0.1004346 0.2344504 0.7172173
v -0.1004346 0.2358012 0.7186891
v -0.1343666 0.2271311 0.7186891
v -0.1343666 0.2257792 0.7172173
v -0.1004346 0.2344504 0.7172173
v -0.1343666 0.2257792 0.7172173
v -0.1343666 0.2245191 0.7187011
v -0.1004346 0.2331893 0.7186891
v -0.1004346 0.2344504 0.7172173
v -0.06650268 0.2257792 0.7172173
v -0.06650268 0.2271311 0.7186891
v -0.1004346 0.2358012 0.7186891
v -0.1004346 0.2344504 0.7172173
v -0.1004346 0.2331893 0.7186891
v -0.06650268 0.2245191 0.7187011
v -0.06650268 0.2257792 0.7172173
v -0.03257076 0.2344504 0.7172173
v -0.03257072 0.2358012 0.7186891
v -0.06650268 0.2271311 0.7186891
v -0.06650268 0.2257792 0.7172173
v -0.03257076 0.2344504 0.7172173
v -0.06650268 0.2257792 0.7172173
v -0.06650268 0.2245191 0.7187011
v -0.03257072 0.2331893 0.7186891
v -0.03257076 0.2344504 0.7172173
v 0 0.2257792 0.7172173
v 0 0.2271311 0.7186891
v -0.03257072 0.2358012 0.7186891
v -0.03257076 0.2344504 0.7172173
v -0.03257072 0.2331893 0.7186891
v 0 0.2245191 0.718701
v 0 0.2257792 0.7172173
v 0.2704041 0.24095 -0.7140321
v 0.2704041 0.22053 -0.7140321
v 0.2213857 0.22053 -0.7140321
v 0.2213857 0.24095 -0.7140321
v 0.2213857 0.24095 -0.7140321
v 0.2213857 0.22053 -0.7140321
v -0.2213857 0.22053 -0.7140321
v -0.2213857 0.24095 -0.7140321
v -0.2213857 0.24095 -0.7140321
v -0.2213857 0.22053 -0.7140321
v -0.2704041 0.22053 -0.7140321
v -0.2704041 0.24095 -0.7140321
v -0.5141333 0.24095 -0.1649758
v -0.5141333 0.22053 -0.1649758
v -0.5141333 0.22053 -0.127325
v -0.5141333 0.24095 -0.127325
v -0.5141333 0.24095 -0.4575012
v -0.5141333 0.22053 -0.4575012
v -0.5141333 0.22053 -0.1649758
v -0.5141333 0.24095 -0.1649758
v -0.5141333 0.24095 -0.495152
v -0.5141333 0.22053 -0.495152
v -0.5141333 0.22053 -0.4575012
v -0.5141333 0.24095 -0.4575012
v -0.515689 0.2207637 -0.1748428
v -0.5154395 0.2249097 -0.1777717
v -0.5899586 0.226397 -0.1777717
v -0.5902142 0.2221484 -0.1748428
v -0.515689 0.2207637 -0.1748428
v -0.5902142 0.2221484 -0.1748428
v -0.5899586 0.226397 -0.1719138
v -0.5154395 0.2249097 -0.1719138
v -2.664535E-17 0.2278444 -0.7887127
v -2.664535E-17 0.2220351 -0.7887127
v -0.3524919 0.2220351 -0.7887127
v -0.3524919 0.2278444 -0.7887127
v -2.664535E-17 0.2220351 -0.7887127
v -2.664535E-17 0.2220351 -0.8095261
v -0.3524919 0.2220351 -0.8095262
v -0.3524919 0.2220351 -0.7887127
v -0.5668538 0.2220351 -0.6648214
v -0.5878442 0.2220351 -0.5882168
v -0.5878442 0.2278444 -0.5882168
v -0.5668538 0.2278444 -0.6648214
v -0.5860509 0.2220351 -0.6764467
v -0.6086574 0.2220351 -0.5882167
v -0.5878442 0.2220351 -0.5882168
v -0.5668538 0.2220351 -0.6648214
v -0.5668538 0.2220351 -0.6648214
v -0.5668538 0.2278444 -0.6648214
v -0.5138602 0.2278444 -0.7199632
v -0.5138602 0.2220351 -0.7199632
v -0.5860509 0.2220351 -0.6764467
v -0.5668538 0.2220351 -0.6648214
v -0.5138602 0.2220351 -0.7199632
v -0.5277858 0.2220351 -0.7354317
v -0.4746622 0.2220351 -0.7566526
v -0.5138602 0.2220351 -0.7199632
v -0.5138602 0.2278444 -0.7199632
v -0.4746622 0.2278444 -0.7566526
v -0.4853382 0.2220351 -0.774292
v -0.5277858 0.2220351 -0.7354317
v -0.5138602 0.2220351 -0.7199632
v -0.4746622 0.2220351 -0.7566526
v -0.5878442 0.2278444 -0.5882168
v -0.5878442 0.2220351 -0.5882168
v -0.5878441 0.2220351 2.220446E-18
v -0.5878441 0.2278444 2.220446E-18
v -0.5878441 0.2220351 2.220446E-18
v -0.5878442 0.2220351 -0.5882168
v -0.6086574 0.2220351 -0.5882167
v -0.6086574 0.2220351 2.220446E-18
v -0.3524919 0.2220351 -0.8095262
v -0.4853382 0.2220351 -0.774292
v -0.4746622 0.2220351 -0.7566526
v -0.3524919 0.2220351 -0.7887127
v -0.3524919 0.2220351 -0.7887127
v -0.4746622 0.2220351 -0.7566526
v -0.4746622 0.2278444 -0.7566526
v -0.3524919 0.2278444 -0.7887127
v -0.515689 0.2207637 -0.2635604
v -0.5154395 0.2249097 -0.2664893
v -0.5899586 0.226397 -0.2664893
v -0.5902142 0.2221484 -0.2635604
v -0.515689 0.2207637 -0.2635604
v -0.5902142 0.2221484 -0.2635604
v -0.5899586 0.226397 -0.2606314
v -0.5154395 0.2249097 -0.2606314
v -0.515689 0.2207637 -0.3542452
v -0.5154395 0.2249097 -0.3571741
v -0.5899586 0.226397 -0.3571741
v -0.5902142 0.2221484 -0.3542452
v -0.515689 0.2207637 -0.3542452
v -0.5902142 0.2221484 -0.3542452
v -0.5899586 0.226397 -0.3513162
v -0.5154395 0.2249097 -0.3513162
v -0.515689 0.2207637 -0.4419862
v -0.5154395 0.2249097 -0.4449152
v -0.5899586 0.226397 -0.4449152
v -0.5902142 0.2221484 -0.4419862
v -0.515689 0.2207637 -0.4419862
v -0.5902142 0.2221484 -0.4419862
v -0.5899586 0.226397 -0.4390573
v -0.5154395 0.2249097 -0.4390573
v -0.5156462 0.2207649 -0.5777193
v -0.5148609 0.2251349 -0.5801926
v -0.5834503 0.2272229 -0.5946845
v -0.5842408 0.2227508 -0.5922207
v -0.5156462 0.2207649 -0.5777193
v -0.5842408 0.2227508 -0.5922207
v -0.5845991 0.2267428 -0.5889603
v -0.5160097 0.2246548 -0.5744685
v -0.4665816 0.2207837 -0.6703767
v -0.4648561 0.2255466 -0.6707867
v -0.5110884 0.2313194 -0.7210709
v -0.5128046 0.2264605 -0.7206961
v -0.4665816 0.2207837 -0.6703767
v -0.5128046 0.2264605 -0.7206961
v -0.5153006 0.2295591 -0.7174002
v -0.4690683 0.2237862 -0.667116
v -0.515689 0.2207637 -0.09096088
v -0.5154395 0.2249097 -0.09388985
v -0.5899586 0.226397 -0.09388985
v -0.5902142 0.2221484 -0.09096088
v -0.515689 0.2207637 -0.09096088
v -0.5902142 0.2221484 -0.09096088
v -0.5899586 0.226397 -0.08803192
v -0.5154395 0.2249097 -0.08803192
v -0.08988357 0.2207637 -0.7149227
v -0.08695457 0.2249097 -0.7146732
v -0.08695457 0.226397 -0.7891923
v -0.08988357 0.2221484 -0.789448
v -0.08988357 0.2207637 -0.7149227
v -0.08988357 0.2221484 -0.789448
v -0.09281258 0.226397 -0.7891923
v -0.09281258 0.2249097 -0.7146732
v -0.1761279 0.2207637 -0.7149227
v -0.1731988 0.2249097 -0.7146732
v -0.1731988 0.226397 -0.7891923
v -0.1761279 0.2221484 -0.789448
v -0.1761279 0.2207637 -0.7149227
v -0.1761279 0.2221484 -0.789448
v -0.1790569 0.226397 -0.7891923
v -0.1790569 0.2249097 -0.7146732
v -0.2623278 0.2207637 -0.7149227
v -0.2593988 0.2249097 -0.7146732
v -0.2593988 0.226397 -0.7891923
v -0.2623278 0.2221484 -0.789448
v -0.2623278 0.2207637 -0.7149227
v -0.2623278 0.2221484 -0.789448
v -0.2652569 0.226397 -0.7891923
v -0.2652568 0.2249097 -0.7146732
v -0.3926519 0.2207637 -0.7094868
v -0.3898148 0.2249097 -0.7102562
v -0.4153522 0.226397 -0.7802629
v -0.4181914 0.2221484 -0.7794994
v -0.3926519 0.2207637 -0.7094868
v -0.4181914 0.2221484 -0.7794994
v -0.4208555 0.226397 -0.7782555
v -0.395318 0.2249097 -0.7082487
v -2.664535E-17 0.2402 -0.7159777
v -2.664535E-17 0.23439 -0.7159777
v -0.3524919 0.23439 -0.7159777
v -0.3524919 0.2402 -0.7159777
v -2.664535E-17 0.23439 -0.7159777
v -2.664535E-17 0.23439 -0.721711
v -0.3524919 0.23439 -0.721711
v -0.3524919 0.23439 -0.7159777
v -0.4946612 0.23439 -0.6360604
v -0.5143692 0.23439 -0.5882168
v -0.5143692 0.2402 -0.5882168
v -0.4946612 0.2402 -0.6360604
v -0.5007104 0.23439 -0.640095
v -0.5229288 0.23439 -0.5882167
v -0.5143692 0.23439 -0.5882168
v -0.4946612 0.23439 -0.6360604
v -0.4946612 0.23439 -0.6360604
v -0.4946612 0.2402 -0.6360604
v -0.4702367 0.2402 -0.6648425
v -0.4702367 0.23439 -0.6648425
v -0.5007104 0.23439 -0.640095
v -0.4946612 0.23439 -0.6360604
v -0.4702367 0.23439 -0.6648425
v -0.4737224 0.23439 -0.669861
v -0.4364321 0.23439 -0.6951554
v -0.4702367 0.23439 -0.6648425
v -0.4702367 0.2402 -0.6648425
v -0.4364321 0.2402 -0.6951554
v -0.4392453 0.23439 -0.7006164
v -0.4737224 0.23439 -0.669861
v -0.4702367 0.23439 -0.6648425
v -0.4364321 0.23439 -0.6951554
v -0.5143692 0.2402 -0.5882168
v -0.5143692 0.23439 -0.5882168
v -0.5143691 0.23439 2.220446E-18
v -0.5143691 0.2402 2.220446E-18
v -0.5143691 0.23439 2.220446E-18
v -0.5143692 0.23439 -0.5882168
v -0.5229288 0.23439 -0.5882167
v -0.5229288 0.23439 2.220446E-18
v -0.3524919 0.23439 -0.721711
v -0.4057204 0.23439 -0.7036754
v -0.3524919 0.23439 -0.7159777
v -0.4063608 0.23439 -0.7109721
v -0.4364321 0.23439 -0.6951554
v -0.4392453 0.23439 -0.7006164
v -0.3524919 0.23439 -0.7159777
v -0.4057204 0.2402 -0.7036754
v -0.3524919 0.2402 -0.7159777
v -0.4057204 0.23439 -0.7036754
v -0.4364321 0.23439 -0.6951554
v -0.4364321 0.2402 -0.6951554
v -2.664535E-17 0.2258535 -0.7159777
v -2.664535E-17 0.2200435 -0.7159777
v -0.3524919 0.2200435 -0.7159777
v -0.3524919 0.2258535 -0.7159777
v -2.664535E-17 0.2200435 -0.7159777
v -2.664535E-17 0.2200435 -0.721711
v -0.3524919 0.2200435 -0.721711
v -0.3524919 0.2200435 -0.7159777
v -0.4946612 0.2200435 -0.6360604
v -0.5143692 0.2200435 -0.5882168
v -0.5143692 0.2258535 -0.5882168
v -0.4946612 0.2258535 -0.6360604
v -0.5007104 0.2200435 -0.640095
v -0.5229288 0.2200435 -0.5882167
v -0.5143692 0.2200435 -0.5882168
v -0.4946612 0.2200435 -0.6360604
v -0.4946612 0.2200435 -0.6360604
v -0.4946612 0.2258535 -0.6360604
v -0.4702367 0.2258535 -0.6648425
v -0.4702367 0.2200435 -0.6648425
v -0.5007104 0.2200435 -0.640095
v -0.4946612 0.2200435 -0.6360604
v -0.4702367 0.2200435 -0.6648425
v -0.4737224 0.2200435 -0.669861
v -0.4364321 0.2200435 -0.6951554
v -0.4702367 0.2200435 -0.6648425
v -0.4702367 0.2258535 -0.6648425
v -0.4364321 0.2258535 -0.6951554
v -0.4392453 0.2200435 -0.7006164
v -0.4737224 0.2200435 -0.669861
v -0.4702367 0.2200435 -0.6648425
v -0.4364321 0.2200435 -0.6951554
v -0.5143692 0.2258535 -0.5882168
v -0.5143692 0.2200435 -0.5882168
v -0.5143691 0.2200435 2.220446E-18
v -0.5143691 0.2258535 2.220446E-18
v -0.5143691 0.2200435 2.220446E-18
v -0.5143692 0.2200435 -0.5882168
v -0.5229288 0.2200435 -0.5882167
v -0.5229288 0.2200435 2.220446E-18
v -0.3524919 0.2200435 -0.721711
v -0.4057204 0.2200435 -0.7036754
v -0.3524919 0.2200435 -0.7159777
v -0.4063608 0.2200435 -0.7109721
v -0.4364321 0.2200435 -0.6951554
v -0.4392453 0.2200435 -0.7006164
v -0.3524919 0.2200435 -0.7159777
v -0.4057204 0.2258535 -0.7036754
v -0.3524919 0.2258535 -0.7159777
v -0.4057204 0.2200435 -0.7036754
v -0.4364321 0.2200435 -0.6951554
v -0.4364321 0.2258535 -0.6951554
v -0.5144559 0.2344504 0
v -0.5159277 0.2358012 0
v -0.5159277 0.2271311 -0.03393197
v -0.5144559 0.2257792 -0.03393197
v -0.5144559 0.2344504 0
v -0.5144559 0.2257792 -0.03393197
v -0.5159397 0.2245191 -0.03393197
v -0.5159277 0.2331893 0
v -0.5144559 0.2344504 -0.06786393
v -0.5144559 0.2257792 -0.03393197
v -0.5159277 0.2271311 -0.03393197
v -0.5159277 0.2358012 -0.06786393
v -0.5144559 0.2344504 -0.06786393
v -0.5159277 0.2331893 -0.06786393
v -0.5159397 0.2245191 -0.03393197
v -0.5144559 0.2257792 -0.03393197
v -0.5144559 0.2344504 -0.06786393
v -0.5159277 0.2358012 -0.06786393
v -0.5159277 0.2271311 -0.1017959
v -0.5144559 0.2257792 -0.1017959
v -0.5144559 0.2344504 -0.06786393
v -0.5144559 0.2257792 -0.1017959
v -0.5159397 0.2245191 -0.1017959
v -0.5159277 0.2331893 -0.06786393
v -0.5144559 0.2344504 -0.1357279
v -0.5144559 0.2257792 -0.1017959
v -0.5159277 0.2271311 -0.1017959
v -0.5159277 0.2358012 -0.1357279
v -0.5144559 0.2344504 -0.1357279
v -0.5159277 0.2331893 -0.1357279
v -0.5159397 0.2245191 -0.1017959
v -0.5144559 0.2257792 -0.1017959
v -0.5144559 0.2344504 -0.1357279
v -0.5159277 0.2358012 -0.1357279
v -0.5159277 0.2271311 -0.1701687
v -0.5144559 0.2257792 -0.1701687
v -0.5144559 0.2344504 -0.1357279
v -0.5144559 0.2257792 -0.1701687
v -0.5159397 0.2245191 -0.1701687
v -0.5159277 0.2331893 -0.1357279
v -0.5144559 0.2344504 -0.2045412
v -0.5144559 0.2257792 -0.1701687
v -0.5159277 0.2271311 -0.1701687
v -0.5159277 0.2358012 -0.2045411
v -0.5144559 0.2344504 -0.2045412
v -0.5159277 0.2331893 -0.2045411
v -0.5159397 0.2245191 -0.1701687
v -0.5144559 0.2257792 -0.1701687
v -0.5144559 0.2344504 -0.2045412
v -0.5159277 0.2358012 -0.2045411
v -0.5159277 0.2271311 -0.2384731
v -0.5144559 0.2257792 -0.2384731
v -0.5144559 0.2344504 -0.2045412
v -0.5144559 0.2257792 -0.2384731
v -0.5159397 0.2245191 -0.2384731
v -0.5159277 0.2331893 -0.2045411
v -0.5144559 0.2344504 -0.2724051
v -0.5144559 0.2257792 -0.2384731
v -0.5159277 0.2271311 -0.2384731
v -0.5159277 0.2358012 -0.2724051
v -0.5144559 0.2344504 -0.2724051
v -0.5159277 0.2331893 -0.2724051
v -0.5159397 0.2245191 -0.2384731
v -0.5144559 0.2257792 -0.2384731
v -0.5144559 0.2344504 -0.2724051
v -0.5159277 0.2358012 -0.2724051
v -0.5159277 0.2271311 -0.3063371
v -0.5144559 0.2257792 -0.3063371
v -0.5144559 0.2344504 -0.2724051
v -0.5144559 0.2257792 -0.3063371
v -0.5159397 0.2245191 -0.3063371
v -0.5159277 0.2331893 -0.2724051
v -0.5144559 0.2344504 -0.340269
v -0.5144559 0.2257792 -0.3063371
v -0.5159277 0.2271311 -0.3063371
v -0.5159277 0.2358012 -0.340269
v -0.5144559 0.2344504 -0.340269
v -0.5159277 0.2331893 -0.340269
v -0.5159397 0.2245191 -0.3063371
v -0.5144559 0.2257792 -0.3063371
v -0.5144559 0.2344504 -0.340269
v -0.5159277 0.2358012 -0.340269
v -0.5159277 0.2271311 -0.374201
v -0.5144559 0.2257792 -0.374201
v -0.5144559 0.2344504 -0.340269
v -0.5144559 0.2257792 -0.374201
v -0.5159397 0.2245191 -0.374201
v -0.5159277 0.2331893 -0.340269
v -0.5144559 0.2344504 -0.4323742
v -0.5144559 0.2257792 -0.374201
v -0.5159277 0.2271311 -0.374201
v -0.5159277 0.2358012 -0.4323742
v -0.5144559 0.2344504 -0.4323742
v -0.5159277 0.2331893 -0.4323742
v -0.5159397 0.2245191 -0.374201
v -0.5144559 0.2257792 -0.374201
v -0.5144559 0.2344504 -0.4323742
v -0.5159277 0.2358012 -0.4323742
v -0.5159277 0.2271311 -0.4887076
v -0.5144559 0.2257792 -0.4887076
v -0.5144559 0.2344504 -0.4323742
v -0.5144559 0.2257792 -0.4887076
v -0.5159397 0.2245191 -0.4887076
v -0.5159277 0.2331893 -0.4323742
v -0.5144559 0.2344504 -0.5226395
v -0.5144559 0.2257792 -0.4887076
v -0.5159277 0.2271311 -0.4887076
v -0.5159277 0.2358012 -0.5226395
v -0.5144559 0.2344504 -0.5226395
v -0.5159277 0.2331893 -0.5226395
v -0.5159397 0.2245191 -0.4887076
v -0.5144559 0.2257792 -0.4887076
v -0.5144559 0.2344504 -0.5226395
v -0.5159277 0.2358012 -0.5226395
v -0.5159277 0.2271311 -0.5565715
v -0.5144559 0.2257792 -0.5565715
v -0.5144559 0.2344504 -0.5226395
v -0.5144559 0.2257792 -0.5565715
v -0.5159397 0.2245191 -0.5565715
v -0.5159277 0.2331893 -0.5226395
v -0.5145168 0.2344504 -0.5902102
v -0.5144559 0.2257792 -0.5565715
v -0.5159277 0.2271311 -0.5565715
v -0.5159277 0.2358012 -0.5905035
v -0.5145168 0.2344504 -0.5902102
v -0.5159277 0.2331893 -0.5905035
v -0.5159397 0.2245191 -0.5565715
v -0.5144559 0.2257792 -0.5565715
v -0.5145168 0.2344504 -0.5902102
v -0.5159277 0.2358012 -0.5905035
v -0.5024051 0.2271311 -0.6216245
v -0.5010552 0.2257792 -0.621038
v -0.5145168 0.2344504 -0.5902102
v -0.5010552 0.2257792 -0.621038
v -0.502416 0.2245191 -0.6216292
v -0.5159277 0.2331893 -0.5905035
v -0.4877276 0.2344504 -0.6518944
v -0.5010552 0.2257792 -0.621038
v -0.5024051 0.2271311 -0.6216245
v -0.4888825 0.2358012 -0.6527455
v -0.4877276 0.2344504 -0.6518944
v -0.4888825 0.2331893 -0.6527455
v -0.502416 0.2245191 -0.6216292
v -0.5010552 0.2257792 -0.621038
v -0.4877276 0.2344504 -0.6518944
v -0.4888825 0.2358012 -0.6527455
v -0.4631613 0.2271311 -0.6748769
v -0.4622013 0.2257792 -0.6737612
v -0.4877276 0.2344504 -0.6518944
v -0.4622013 0.2257792 -0.6737612
v -0.4631691 0.2245191 -0.674886
v -0.4888825 0.2331893 -0.6527455
v -0.4367764 0.2344504 -0.6957378
v -0.4622013 0.2257792 -0.6737612
v -0.4631613 0.2271311 -0.6748769
v -0.4374401 0.2358012 -0.6970084
v -0.4367764 0.2344504 -0.6957378
v -0.4374401 0.2331893 -0.6970084
v -0.4631691 0.2245191 -0.674886
v -0.4622013 0.2257792 -0.6737612
v -0.4367764 0.2344504 -0.6957378
v -0.4374401 0.2358012 -0.6970084
v -0.404215 0.2271311 -0.7055252
v -0.404215 0.2257792 -0.7040534
v -0.4367764 0.2344504 -0.6957378
v -0.404215 0.2257792 -0.7040534
v -0.404215 0.2245191 -0.7055371
v -0.4374401 0.2331893 -0.6970084
v -0.3714895 0.2344504 -0.7125023
v -0.404215 0.2257792 -0.7040534
v -0.404215 0.2271311 -0.7055252
v -0.3714895 0.2358012 -0.7139741
v -0.3714895 0.2344504 -0.7125023
v -0.3714895 0.2331893 -0.7139741
v -0.404215 0.2245191 -0.7055371
v -0.404215 0.2257792 -0.7040534
v -0.3714895 0.2344504 -0.7125023
v -0.3714895 0.2358012 -0.7139741
v -0.3377728 0.2271311 -0.7163226
v -0.3377728 0.2257792 -0.7148508
v -0.3714895 0.2344504 -0.7125023
v -0.3377728 0.2257792 -0.7148508
v -0.3377728 0.2245191 -0.7163346
v -0.3714895 0.2331893 -0.7139741
v -0.303975 0.2344504 -0.7172191
v -0.3377728 0.2257792 -0.7148508
v -0.3377728 0.2271311 -0.7163226
v -0.303975 0.2358012 -0.7186909
v -0.303975 0.2344504 -0.7172191
v -0.303975 0.2331893 -0.7186909
v -0.3377728 0.2245191 -0.7163346
v -0.3377728 0.2257792 -0.7148508
v -0.303975 0.2344504 -0.7172191
v -0.303975 0.2358012 -0.7186909
v -0.2700945 0.2271311 -0.7186891
v -0.2700945 0.2257792 -0.7172173
v -0.303975 0.2344504 -0.7172191
v -0.2700945 0.2257792 -0.7172173
v -0.2700945 0.2245191 -0.718701
v -0.303975 0.2331893 -0.7186909
v -0.2361625 0.2344504 -0.7172173
v -0.2700945 0.2257792 -0.7172173
v -0.2700945 0.2271311 -0.7186891
v -0.2361625 0.2358012 -0.7186891
v -0.2361625 0.2344504 -0.7172173
v -0.2361625 0.2331893 -0.7186891
v -0.2700945 0.2245191 -0.718701
v -0.2700945 0.2257792 -0.7172173
v -0.2361625 0.2344504 -0.7172173
v -0.2361625 0.2358012 -0.7186891
v -0.2022305 0.2271311 -0.7186891
v -0.2022305 0.2257792 -0.7172173
v -0.2361625 0.2344504 -0.7172173
v -0.2022305 0.2257792 -0.7172173
v -0.2022305 0.2245191 -0.7187011
v -0.2361625 0.2331893 -0.7186891
v -0.1682986 0.2344504 -0.7172173
v -0.2022305 0.2257792 -0.7172173
v -0.2022305 0.2271311 -0.7186891
v -0.1682986 0.2358012 -0.7186891
v -0.1682986 0.2344504 -0.7172173
v -0.1682986 0.2331893 -0.7186891
v -0.2022305 0.2245191 -0.7187011
v -0.2022305 0.2257792 -0.7172173
v -0.1682986 0.2344504 -0.7172173
v -0.1682986 0.2358012 -0.7186891
v -0.1343666 0.2271311 -0.7186891
v -0.1343666 0.2257792 -0.7172173
v -0.1682986 0.2344504 -0.7172173
v -0.1343666 0.2257792 -0.7172173
v -0.1343666 0.2245191 -0.7187011
v -0.1682986 0.2331893 -0.7186891
v -0.1004346 0.2344504 -0.7172173
v -0.1343666 0.2257792 -0.7172173
v -0.1343666 0.2271311 -0.7186891
v -0.1004346 0.2358012 -0.7186891
v -0.1004346 0.2344504 -0.7172173
v -0.1004346 0.2331893 -0.7186891
v -0.1343666 0.2245191 -0.7187011
v -0.1343666 0.2257792 -0.7172173
v -0.1004346 0.2344504 -0.7172173
v -0.1004346 0.2358012 -0.7186891
v -0.06650268 0.2271311 -0.7186891
v -0.06650268 0.2257792 -0.7172173
v -0.1004346 0.2344504 -0.7172173
v -0.06650268 0.2257792 -0.7172173
v -0.06650268 0.2245191 -0.7187011
v -0.1004346 0.2331893 -0.7186891
v -0.03257076 0.2344504 -0.7172173
v -0.06650268 0.2257792 -0.7172173
v -0.06650268 0.2271311 -0.7186891
v -0.03257072 0.2358012 -0.7186891
v -0.03257076 0.2344504 -0.7172173
v -0.03257072 0.2331893 -0.7186891
v -0.06650268 0.2245191 -0.7187011
v -0.06650268 0.2257792 -0.7172173
v -0.03257076 0.2344504 -0.7172173
v -0.03257072 0.2358012 -0.7186891
v 0 0.2271311 -0.7186891
v 0 0.2257792 -0.7172173
v -0.03257076 0.2344504 -0.7172173
v 0 0.2257792 -0.7172173
v 0 0.2245191 -0.718701
v -0.03257072 0.2331893 -0.7186891
v 0.5141333 0.24095 0.1649758
v 0.5141333 0.22053 0.1649758
v 0.5141333 0.22053 0.127325
v 0.5141333 0.24095 0.127325
v 0.5141333 0.24095 0.4575012
v 0.5141333 0.22053 0.4575012
v 0.5141333 0.22053 0.1649758
v 0.5141333 0.24095 0.1649758
v 0.5141333 0.24095 0.495152
v 0.5141333 0.22053 0.495152
v 0.5141333 0.22053 0.4575012
v 0.5141333 0.24095 0.4575012
v 0.515689 0.2207637 0.1748428
v 0.5154395 0.2249097 0.1777717
v 0.5899586 0.226397 0.1777717
v 0.5902142 0.2221484 0.1748428
v 0.515689 0.2207637 0.1748428
v 0.5902142 0.2221484 0.1748428
v 0.5899586 0.226397 0.1719138
v 0.5154395 0.2249097 0.1719138
v -2.664535E-17 0.2278444 0.7887127
v -2.664535E-17 0.2220351 0.7887127
v 0.3524919 0.2220351 0.7887127
v 0.3524919 0.2278444 0.7887127
v -2.664535E-17 0.2220351 0.7887127
v -2.664535E-17 0.2220351 0.8095261
v 0.3524919 0.2220351 0.8095262
v 0.3524919 0.2220351 0.7887127
v 0.5668538 0.2220351 0.6648214
v 0.5878442 0.2220351 0.5882168
v 0.5878442 0.2278444 0.5882168
v 0.5668538 0.2278444 0.6648214
v 0.5860509 0.2220351 0.6764467
v 0.6086574 0.2220351 0.5882167
v 0.5878442 0.2220351 0.5882168
v 0.5668538 0.2220351 0.6648214
v 0.5668538 0.2220351 0.6648214
v 0.5668538 0.2278444 0.6648214
v 0.5138602 0.2278444 0.7199632
v 0.5138602 0.2220351 0.7199632
v 0.5860509 0.2220351 0.6764467
v 0.5668538 0.2220351 0.6648214
v 0.5138602 0.2220351 0.7199632
v 0.5277858 0.2220351 0.7354317
v 0.4746622 0.2220351 0.7566526
v 0.5138602 0.2220351 0.7199632
v 0.5138602 0.2278444 0.7199632
v 0.4746622 0.2278444 0.7566526
v 0.4853382 0.2220351 0.774292
v 0.5277858 0.2220351 0.7354317
v 0.5138602 0.2220351 0.7199632
v 0.4746622 0.2220351 0.7566526
v 0.5878442 0.2278444 0.5882168
v 0.5878442 0.2220351 0.5882168
v 0.5878441 0.2220351 2.220446E-18
v 0.5878441 0.2278444 2.220446E-18
v 0.5878441 0.2220351 2.220446E-18
v 0.5878442 0.2220351 0.5882168
v 0.6086574 0.2220351 0.5882167
v 0.6086574 0.2220351 2.220446E-18
v 0.3524919 0.2220351 0.8095262
v 0.4853382 0.2220351 0.774292
v 0.4746622 0.2220351 0.7566526
v 0.3524919 0.2220351 0.7887127
v 0.3524919 0.2220351 0.7887127
v 0.4746622 0.2220351 0.7566526
v 0.4746622 0.2278444 0.7566526
v 0.3524919 0.2278444 0.7887127
v 0.515689 0.2207637 0.2635604
v 0.5154395 0.2249097 0.2664893
v 0.5899586 0.226397 0.2664893
v 0.5902142 0.2221484 0.2635604
v 0.515689 0.2207637 0.2635604
v 0.5902142 0.2221484 0.2635604
v 0.5899586 0.226397 0.2606314
v 0.5154395 0.2249097 0.2606314
v 0.515689 0.2207637 0.3542452
v 0.5154395 0.2249097 0.3571741
v 0.5899586 0.226397 0.3571741
v 0.5902142 0.2221484 0.3542452
v 0.515689 0.2207637 0.3542452
v 0.5902142 0.2221484 0.3542452
v 0.5899586 0.226397 0.3513162
v 0.5154395 0.2249097 0.3513162
v 0.515689 0.2207637 0.4419862
v 0.5154395 0.2249097 0.4449152
v 0.5899586 0.226397 0.4449152
v 0.5902142 0.2221484 0.4419862
v 0.515689 0.2207637 0.4419862
v 0.5902142 0.2221484 0.4419862
v 0.5899586 0.226397 0.4390573
v 0.5154395 0.2249097 0.4390573
v 0.5156462 0.2207649 0.5777193
v 0.5148609 0.2251349 0.5801926
v 0.5834503 0.2272229 0.5946845
v 0.5842408 0.2227508 0.5922207
v 0.5156462 0.2207649 0.5777193
v 0.5842408 0.2227508 0.5922207
v 0.5845991 0.2267428 0.5889603
v 0.5160097 0.2246548 0.5744685
v 0.4665816 0.2207837 0.6703767
v 0.4648561 0.2255466 0.6707867
v 0.5110884 0.2313194 0.7210709
v 0.5128046 0.2264605 0.7206961
v 0.4665816 0.2207837 0.6703767
v 0.5128046 0.2264605 0.7206961
v 0.5153006 0.2295591 0.7174002
v 0.4690683 0.2237862 0.667116
v 0.515689 0.2207637 0.09096088
v 0.5154395 0.2249097 0.09388985
v 0.5899586 0.226397 0.09388985
v 0.5902142 0.2221484 0.09096088
v 0.515689 0.2207637 0.09096088
v 0.5902142 0.2221484 0.09096088
v 0.5899586 0.226397 0.08803192
v 0.5154395 0.2249097 0.08803192
v 0.08988357 0.2207637 0.7149227
v 0.08695457 0.2249097 0.7146732
v 0.08695457 0.226397 0.7891923
v 0.08988357 0.2221484 0.789448
v 0.08988357 0.2207637 0.7149227
v 0.08988357 0.2221484 0.789448
v 0.09281258 0.226397 0.7891923
v 0.09281258 0.2249097 0.7146732
v 0.1761279 0.2207637 0.7149227
v 0.1731988 0.2249097 0.7146732
v 0.1731988 0.226397 0.7891923
v 0.1761279 0.2221484 0.789448
v 0.1761279 0.2207637 0.7149227
v 0.1761279 0.2221484 0.789448
v 0.1790569 0.226397 0.7891923
v 0.1790569 0.2249097 0.7146732
v 0.2623278 0.2207637 0.7149227
v 0.2593988 0.2249097 0.7146732
v 0.2593988 0.226397 0.7891923
v 0.2623278 0.2221484 0.789448
v 0.2623278 0.2207637 0.7149227
v 0.2623278 0.2221484 0.789448
v 0.2652569 0.226397 0.7891923
v 0.2652568 0.2249097 0.7146732
v 0.3926519 0.2207637 0.7094868
v 0.3898148 0.2249097 0.7102562
v 0.4153522 0.226397 0.7802629
v 0.4181914 0.2221484 0.7794994
v 0.3926519 0.2207637 0.7094868
v 0.4181914 0.2221484 0.7794994
v 0.4208555 0.226397 0.7782555
v 0.395318 0.2249097 0.7082487
v -2.664535E-17 0.2402 0.7159777
v -2.664535E-17 0.23439 0.7159777
v 0.3524919 0.23439 0.7159777
v 0.3524919 0.2402 0.7159777
v -2.664535E-17 0.23439 0.7159777
v -2.664535E-17 0.23439 0.721711
v 0.3524919 0.23439 0.721711
v 0.3524919 0.23439 0.7159777
v 0.4946612 0.23439 0.6360604
v 0.5143692 0.23439 0.5882168
v 0.5143692 0.2402 0.5882168
v 0.4946612 0.2402 0.6360604
v 0.5007104 0.23439 0.640095
v 0.5229288 0.23439 0.5882167
v 0.5143692 0.23439 0.5882168
v 0.4946612 0.23439 0.6360604
v 0.4946612 0.23439 0.6360604
v 0.4946612 0.2402 0.6360604
v 0.4702367 0.2402 0.6648425
v 0.4702367 0.23439 0.6648425
v 0.5007104 0.23439 0.640095
v 0.4946612 0.23439 0.6360604
v 0.4702367 0.23439 0.6648425
v 0.4737224 0.23439 0.669861
v 0.4364321 0.23439 0.6951554
v 0.4702367 0.23439 0.6648425
v 0.4702367 0.2402 0.6648425
v 0.4364321 0.2402 0.6951554
v 0.4392453 0.23439 0.7006164
v 0.4737224 0.23439 0.669861
v 0.4702367 0.23439 0.6648425
v 0.4364321 0.23439 0.6951554
v 0.5143692 0.2402 0.5882168
v 0.5143692 0.23439 0.5882168
v 0.5143691 0.23439 2.220446E-18
v 0.5143691 0.2402 2.220446E-18
v 0.5143691 0.23439 2.220446E-18
v 0.5143692 0.23439 0.5882168
v 0.5229288 0.23439 0.5882167
v 0.5229288 0.23439 2.220446E-18
v 0.3524919 0.23439 0.721711
v 0.4057204 0.23439 0.7036754
v 0.3524919 0.23439 0.7159777
v 0.4063608 0.23439 0.7109721
v 0.4364321 0.23439 0.6951554
v 0.4392453 0.23439 0.7006164
v 0.3524919 0.23439 0.7159777
v 0.4057204 0.2402 0.7036754
v 0.3524919 0.2402 0.7159777
v 0.4057204 0.23439 0.7036754
v 0.4364321 0.23439 0.6951554
v 0.4364321 0.2402 0.6951554
v -2.664535E-17 0.2258535 0.7159777
v -2.664535E-17 0.2200435 0.7159777
v 0.3524919 0.2200435 0.7159777
v 0.3524919 0.2258535 0.7159777
v -2.664535E-17 0.2200435 0.7159777
v -2.664535E-17 0.2200435 0.721711
v 0.3524919 0.2200435 0.721711
v 0.3524919 0.2200435 0.7159777
v 0.4946612 0.2200435 0.6360604
v 0.5143692 0.2200435 0.5882168
v 0.5143692 0.2258535 0.5882168
v 0.4946612 0.2258535 0.6360604
v 0.5007104 0.2200435 0.640095
v 0.5229288 0.2200435 0.5882167
v 0.5143692 0.2200435 0.5882168
v 0.4946612 0.2200435 0.6360604
v 0.4946612 0.2200435 0.6360604
v 0.4946612 0.2258535 0.6360604
v 0.4702367 0.2258535 0.6648425
v 0.4702367 0.2200435 0.6648425
v 0.5007104 0.2200435 0.640095
v 0.4946612 0.2200435 0.6360604
v 0.4702367 0.2200435 0.6648425
v 0.4737224 0.2200435 0.669861
v 0.4364321 0.2200435 0.6951554
v 0.4702367 0.2200435 0.6648425
v 0.4702367 0.2258535 0.6648425
v 0.4364321 0.2258535 0.6951554
v 0.4392453 0.2200435 0.7006164
v 0.4737224 0.2200435 0.669861
v 0.4702367 0.2200435 0.6648425
v 0.4364321 0.2200435 0.6951554
v 0.5143692 0.2258535 0.5882168
v 0.5143692 0.2200435 0.5882168
v 0.5143691 0.2200435 2.220446E-18
v 0.5143691 0.2258535 2.220446E-18
v 0.5143691 0.2200435 2.220446E-18
v 0.5143692 0.2200435 0.5882168
v 0.5229288 0.2200435 0.5882167
v 0.5229288 0.2200435 2.220446E-18
v 0.3524919 0.2200435 0.721711
v 0.4057204 0.2200435 0.7036754
v 0.3524919 0.2200435 0.7159777
v 0.4063608 0.2200435 0.7109721
v 0.4364321 0.2200435 0.6951554
v 0.4392453 0.2200435 0.7006164
v 0.3524919 0.2200435 0.7159777
v 0.4057204 0.2258535 0.7036754
v 0.3524919 0.2258535 0.7159777
v 0.4057204 0.2200435 0.7036754
v 0.4364321 0.2200435 0.6951554
v 0.4364321 0.2258535 0.6951554
v 0.5144559 0.2344504 0
v 0.5159277 0.2358012 0
v 0.5159277 0.2271311 0.03393197
v 0.5144559 0.2257792 0.03393197
v 0.5144559 0.2344504 0
v 0.5144559 0.2257792 0.03393197
v 0.5159397 0.2245191 0.03393197
v 0.5159277 0.2331893 0
v 0.5144559 0.2344504 0.06786393
v 0.5144559 0.2257792 0.03393197
v 0.5159277 0.2271311 0.03393197
v 0.5159277 0.2358012 0.06786393
v 0.5144559 0.2344504 0.06786393
v 0.5159277 0.2331893 0.06786393
v 0.5159397 0.2245191 0.03393197
v 0.5144559 0.2257792 0.03393197
v 0.5144559 0.2344504 0.06786393
v 0.5159277 0.2358012 0.06786393
v 0.5159277 0.2271311 0.1017959
v 0.5144559 0.2257792 0.1017959
v 0.5144559 0.2344504 0.06786393
v 0.5144559 0.2257792 0.1017959
v 0.5159397 0.2245191 0.1017959
v 0.5159277 0.2331893 0.06786393
v 0.5144559 0.2344504 0.1357279
v 0.5144559 0.2257792 0.1017959
v 0.5159277 0.2271311 0.1017959
v 0.5159277 0.2358012 0.1357279
v 0.5144559 0.2344504 0.1357279
v 0.5159277 0.2331893 0.1357279
v 0.5159397 0.2245191 0.1017959
v 0.5144559 0.2257792 0.1017959
v 0.5144559 0.2344504 0.1357279
v 0.5159277 0.2358012 0.1357279
v 0.5159277 0.2271311 0.1701687
v 0.5144559 0.2257792 0.1701687
v 0.5144559 0.2344504 0.1357279
v 0.5144559 0.2257792 0.1701687
v 0.5159397 0.2245191 0.1701687
v 0.5159277 0.2331893 0.1357279
v 0.5144559 0.2344504 0.2045412
v 0.5144559 0.2257792 0.1701687
v 0.5159277 0.2271311 0.1701687
v 0.5159277 0.2358012 0.2045411
v 0.5144559 0.2344504 0.2045412
v 0.5159277 0.2331893 0.2045411
v 0.5159397 0.2245191 0.1701687
v 0.5144559 0.2257792 0.1701687
v 0.5144559 0.2344504 0.2045412
v 0.5159277 0.2358012 0.2045411
v 0.5159277 0.2271311 0.2384731
v 0.5144559 0.2257792 0.2384731
v 0.5144559 0.2344504 0.2045412
v 0.5144559 0.2257792 0.2384731
v 0.5159397 0.2245191 0.2384731
v 0.5159277 0.2331893 0.2045411
v 0.5144559 0.2344504 0.2724051
v 0.5144559 0.2257792 0.2384731
v 0.5159277 0.2271311 0.2384731
v 0.5159277 0.2358012 0.2724051
v 0.5144559 0.2344504 0.2724051
v 0.5159277 0.2331893 0.2724051
v 0.5159397 0.2245191 0.2384731
v 0.5144559 0.2257792 0.2384731
v 0.5144559 0.2344504 0.2724051
v 0.5159277 0.2358012 0.2724051
v 0.5159277 0.2271311 0.3063371
v 0.5144559 0.2257792 0.3063371
v 0.5144559 0.2344504 0.2724051
v 0.5144559 0.2257792 0.3063371
v 0.5159397 0.2245191 0.3063371
v 0.5159277 0.2331893 0.2724051
v 0.5144559 0.2344504 0.340269
v 0.5144559 0.2257792 0.3063371
v 0.5159277 0.2271311 0.3063371
v 0.5159277 0.2358012 0.340269
v 0.5144559 0.2344504 0.340269
v 0.5159277 0.2331893 0.340269
v 0.5159397 0.2245191 0.3063371
v 0.5144559 0.2257792 0.3063371
v 0.5144559 0.2344504 0.340269
v 0.5159277 0.2358012 0.340269
v 0.5159277 0.2271311 0.374201
v 0.5144559 0.2257792 0.374201
v 0.5144559 0.2344504 0.340269
v 0.5144559 0.2257792 0.374201
v 0.5159397 0.2245191 0.374201
v 0.5159277 0.2331893 0.340269
v 0.5144559 0.2344504 0.4323742
v 0.5144559 0.2257792 0.374201
v 0.5159277 0.2271311 0.374201
v 0.5159277 0.2358012 0.4323742
v 0.5144559 0.2344504 0.4323742
v 0.5159277 0.2331893 0.4323742
v 0.5159397 0.2245191 0.374201
v 0.5144559 0.2257792 0.374201
v 0.5144559 0.2344504 0.4323742
v 0.5159277 0.2358012 0.4323742
v 0.5159277 0.2271311 0.4887076
v 0.5144559 0.2257792 0.4887076
v 0.5144559 0.2344504 0.4323742
v 0.5144559 0.2257792 0.4887076
v 0.5159397 0.2245191 0.4887076
v 0.5159277 0.2331893 0.4323742
v 0.5144559 0.2344504 0.5226395
v 0.5144559 0.2257792 0.4887076
v 0.5159277 0.2271311 0.4887076
v 0.5159277 0.2358012 0.5226395
v 0.5144559 0.2344504 0.5226395
v 0.5159277 0.2331893 0.5226395
v 0.5159397 0.2245191 0.4887076
v 0.5144559 0.2257792 0.4887076
v 0.5144559 0.2344504 0.5226395
v 0.5159277 0.2358012 0.5226395
v 0.5159277 0.2271311 0.5565715
v 0.5144559 0.2257792 0.5565715
v 0.5144559 0.2344504 0.5226395
v 0.5144559 0.2257792 0.5565715
v 0.5159397 0.2245191 0.5565715
v 0.5159277 0.2331893 0.5226395
v 0.5145168 0.2344504 0.5902102
v 0.5144559 0.2257792 0.5565715
v 0.5159277 0.2271311 0.5565715
v 0.5159277 0.2358012 0.5905035
v 0.5145168 0.2344504 0.5902102
v 0.5159277 0.2331893 0.5905035
v 0.5159397 0.2245191 0.5565715
v 0.5144559 0.2257792 0.5565715
v 0.5145168 0.2344504 0.5902102
v 0.5159277 0.2358012 0.5905035
v 0.5024051 0.2271311 0.6216245
v 0.5010552 0.2257792 0.621038
v 0.5145168 0.2344504 0.5902102
v 0.5010552 0.2257792 0.621038
v 0.502416 0.2245191 0.6216292
v 0.5159277 0.2331893 0.5905035
v 0.4877276 0.2344504 0.6518944
v 0.5010552 0.2257792 0.621038
v 0.5024051 0.2271311 0.6216245
v 0.4888825 0.2358012 0.6527455
v 0.4877276 0.2344504 0.6518944
v 0.4888825 0.2331893 0.6527455
v 0.502416 0.2245191 0.6216292
v 0.5010552 0.2257792 0.621038
v 0.4877276 0.2344504 0.6518944
v 0.4888825 0.2358012 0.6527455
v 0.4631613 0.2271311 0.6748769
v 0.4622013 0.2257792 0.6737612
v 0.4877276 0.2344504 0.6518944
v 0.4622013 0.2257792 0.6737612
v 0.4631691 0.2245191 0.674886
v 0.4888825 0.2331893 0.6527455
v 0.4367764 0.2344504 0.6957378
v 0.4622013 0.2257792 0.6737612
v 0.4631613 0.2271311 0.6748769
v 0.4374401 0.2358012 0.6970084
v 0.4367764 0.2344504 0.6957378
v 0.4374401 0.2331893 0.6970084
v 0.4631691 0.2245191 0.674886
v 0.4622013 0.2257792 0.6737612
v 0.4367764 0.2344504 0.6957378
v 0.4374401 0.2358012 0.6970084
v 0.404215 0.2271311 0.7055252
v 0.404215 0.2257792 0.7040534
v 0.4367764 0.2344504 0.6957378
v 0.404215 0.2257792 0.7040534
v 0.404215 0.2245191 0.7055371
v 0.4374401 0.2331893 0.6970084
v 0.3714895 0.2344504 0.7125023
v 0.404215 0.2257792 0.7040534
v 0.404215 0.2271311 0.7055252
v 0.3714895 0.2358012 0.7139741
v 0.3714895 0.2344504 0.7125023
v 0.3714895 0.2331893 0.7139741
v 0.404215 0.2245191 0.7055371
v 0.404215 0.2257792 0.7040534
v 0.3714895 0.2344504 0.7125023
v 0.3714895 0.2358012 0.7139741
v 0.3377728 0.2271311 0.7163226
v 0.3377728 0.2257792 0.7148508
v 0.3714895 0.2344504 0.7125023
v 0.3377728 0.2257792 0.7148508
v 0.3377728 0.2245191 0.7163346
v 0.3714895 0.2331893 0.7139741
v 0.303975 0.2344504 0.7172191
v 0.3377728 0.2257792 0.7148508
v 0.3377728 0.2271311 0.7163226
v 0.303975 0.2358012 0.7186909
v 0.303975 0.2344504 0.7172191
v 0.303975 0.2331893 0.7186909
v 0.3377728 0.2245191 0.7163346
v 0.3377728 0.2257792 0.7148508
v 0.303975 0.2344504 0.7172191
v 0.303975 0.2358012 0.7186909
v 0.2700945 0.2271311 0.7186891
v 0.2700945 0.2257792 0.7172173
v 0.303975 0.2344504 0.7172191
v 0.2700945 0.2257792 0.7172173
v 0.2700945 0.2245191 0.718701
v 0.303975 0.2331893 0.7186909
v 0.2361625 0.2344504 0.7172173
v 0.2700945 0.2257792 0.7172173
v 0.2700945 0.2271311 0.7186891
v 0.2361625 0.2358012 0.7186891
v 0.2361625 0.2344504 0.7172173
v 0.2361625 0.2331893 0.7186891
v 0.2700945 0.2245191 0.718701
v 0.2700945 0.2257792 0.7172173
v 0.2361625 0.2344504 0.7172173
v 0.2361625 0.2358012 0.7186891
v 0.2022305 0.2271311 0.7186891
v 0.2022305 0.2257792 0.7172173
v 0.2361625 0.2344504 0.7172173
v 0.2022305 0.2257792 0.7172173
v 0.2022305 0.2245191 0.7187011
v 0.2361625 0.2331893 0.7186891
v 0.1682986 0.2344504 0.7172173
v 0.2022305 0.2257792 0.7172173
v 0.2022305 0.2271311 0.7186891
v 0.1682986 0.2358012 0.7186891
v 0.1682986 0.2344504 0.7172173
v 0.1682986 0.2331893 0.7186891
v 0.2022305 0.2245191 0.7187011
v 0.2022305 0.2257792 0.7172173
v 0.1682986 0.2344504 0.7172173
v 0.1682986 0.2358012 0.7186891
v 0.1343666 0.2271311 0.7186891
v 0.1343666 0.2257792 0.7172173
v 0.1682986 0.2344504 0.7172173
v 0.1343666 0.2257792 0.7172173
v 0.1343666 0.2245191 0.7187011
v 0.1682986 0.2331893 0.7186891
v 0.1004346 0.2344504 0.7172173
v 0.1343666 0.2257792 0.7172173
v 0.1343666 0.2271311 0.7186891
v 0.1004346 0.2358012 0.7186891
v 0.1004346 0.2344504 0.7172173
v 0.1004346 0.2331893 0.7186891
v 0.1343666 0.2245191 0.7187011
v 0.1343666 0.2257792 0.7172173
v 0.1004346 0.2344504 0.7172173
v 0.1004346 0.2358012 0.7186891
v 0.06650268 0.2271311 0.7186891
v 0.06650268 0.2257792 0.7172173
v 0.1004346 0.2344504 0.7172173
v 0.06650268 0.2257792 0.7172173
v 0.06650268 0.2245191 0.7187011
v 0.1004346 0.2331893 0.7186891
v 0.03257076 0.2344504 0.7172173
v 0.06650268 0.2257792 0.7172173
v 0.06650268 0.2271311 0.7186891
v 0.03257072 0.2358012 0.7186891
v 0.03257076 0.2344504 0.7172173
v 0.03257072 0.2331893 0.7186891
v 0.06650268 0.2245191 0.7187011
v 0.06650268 0.2257792 0.7172173
v 0.03257076 0.2344504 0.7172173
v 0.03257072 0.2358012 0.7186891
v 0 0.2271311 0.7186891
v 0 0.2257792 0.7172173
v 0.03257076 0.2344504 0.7172173
v 0 0.2257792 0.7172173
v 0 0.2245191 0.718701
v 0.03257072 0.2331893 0.7186891
v 0.5141333 0.24095 -0.1649758
v 0.5141333 0.24095 -0.127325
v 0.5141333 0.22053 -0.127325
v 0.5141333 0.22053 -0.1649758
v 0.5141333 0.24095 -0.4575012
v 0.5141333 0.24095 -0.1649758
v 0.5141333 0.22053 -0.1649758
v 0.5141333 0.22053 -0.4575012
v 0.5141333 0.24095 -0.495152
v 0.5141333 0.24095 -0.4575012
v 0.5141333 0.22053 -0.4575012
v 0.5141333 0.22053 -0.495152
v 0.515689 0.2207637 -0.1748428
v 0.5902142 0.2221484 -0.1748428
v 0.5899586 0.226397 -0.1777717
v 0.5154395 0.2249097 -0.1777717
v 0.515689 0.2207637 -0.1748428
v 0.5154395 0.2249097 -0.1719138
v 0.5899586 0.226397 -0.1719138
v 0.5902142 0.2221484 -0.1748428
v -2.664535E-17 0.2278444 -0.7887127
v 0.3524919 0.2278444 -0.7887127
v 0.3524919 0.2220351 -0.7887127
v -2.664535E-17 0.2220351 -0.7887127
v -2.664535E-17 0.2220351 -0.7887127
v 0.3524919 0.2220351 -0.7887127
v 0.3524919 0.2220351 -0.8095262
v -2.664535E-17 0.2220351 -0.8095261
v 0.5668538 0.2220351 -0.6648214
v 0.5668538 0.2278444 -0.6648214
v 0.5878442 0.2278444 -0.5882168
v 0.5878442 0.2220351 -0.5882168
v 0.5860509 0.2220351 -0.6764467
v 0.5668538 0.2220351 -0.6648214
v 0.5878442 0.2220351 -0.5882168
v 0.6086574 0.2220351 -0.5882167
v 0.5668538 0.2220351 -0.6648214
v 0.5138602 0.2220351 -0.7199632
v 0.5138602 0.2278444 -0.7199632
v 0.5668538 0.2278444 -0.6648214
v 0.5860509 0.2220351 -0.6764467
v 0.5277858 0.2220351 -0.7354317
v 0.5138602 0.2220351 -0.7199632
v 0.5668538 0.2220351 -0.6648214
v 0.4746622 0.2220351 -0.7566526
v 0.4746622 0.2278444 -0.7566526
v 0.5138602 0.2278444 -0.7199632
v 0.5138602 0.2220351 -0.7199632
v 0.4853382 0.2220351 -0.774292
v 0.4746622 0.2220351 -0.7566526
v 0.5138602 0.2220351 -0.7199632
v 0.5277858 0.2220351 -0.7354317
v 0.5878442 0.2278444 -0.5882168
v 0.5878441 0.2278444 2.220446E-18
v 0.5878441 0.2220351 2.220446E-18
v 0.5878442 0.2220351 -0.5882168
v 0.5878441 0.2220351 2.220446E-18
v 0.6086574 0.2220351 2.220446E-18
v 0.6086574 0.2220351 -0.5882167
v 0.5878442 0.2220351 -0.5882168
v 0.3524919 0.2220351 -0.8095262
v 0.3524919 0.2220351 -0.7887127
v 0.4746622 0.2220351 -0.7566526
v 0.4853382 0.2220351 -0.774292
v 0.3524919 0.2220351 -0.7887127
v 0.3524919 0.2278444 -0.7887127
v 0.4746622 0.2278444 -0.7566526
v 0.4746622 0.2220351 -0.7566526
v 0.515689 0.2207637 -0.2635604
v 0.5902142 0.2221484 -0.2635604
v 0.5899586 0.226397 -0.2664893
v 0.5154395 0.2249097 -0.2664893
v 0.515689 0.2207637 -0.2635604
v 0.5154395 0.2249097 -0.2606314
v 0.5899586 0.226397 -0.2606314
v 0.5902142 0.2221484 -0.2635604
v 0.515689 0.2207637 -0.3542452
v 0.5902142 0.2221484 -0.3542452
v 0.5899586 0.226397 -0.3571741
v 0.5154395 0.2249097 -0.3571741
v 0.515689 0.2207637 -0.3542452
v 0.5154395 0.2249097 -0.3513162
v 0.5899586 0.226397 -0.3513162
v 0.5902142 0.2221484 -0.3542452
v 0.515689 0.2207637 -0.4419862
v 0.5902142 0.2221484 -0.4419862
v 0.5899586 0.226397 -0.4449152
v 0.5154395 0.2249097 -0.4449152
v 0.515689 0.2207637 -0.4419862
v 0.5154395 0.2249097 -0.4390573
v 0.5899586 0.226397 -0.4390573
v 0.5902142 0.2221484 -0.4419862
v 0.5156462 0.2207649 -0.5777193
v 0.5842408 0.2227508 -0.5922207
v 0.5834503 0.2272229 -0.5946845
v 0.5148609 0.2251349 -0.5801926
v 0.5156462 0.2207649 -0.5777193
v 0.5160097 0.2246548 -0.5744685
v 0.5845991 0.2267428 -0.5889603
v 0.5842408 0.2227508 -0.5922207
v 0.4665816 0.2207837 -0.6703767
v 0.5128046 0.2264605 -0.7206961
v 0.5110884 0.2313194 -0.7210709
v 0.4648561 0.2255466 -0.6707867
v 0.4665816 0.2207837 -0.6703767
v 0.4690683 0.2237862 -0.667116
v 0.5153006 0.2295591 -0.7174002
v 0.5128046 0.2264605 -0.7206961
v 0.515689 0.2207637 -0.09096088
v 0.5902142 0.2221484 -0.09096088
v 0.5899586 0.226397 -0.09388985
v 0.5154395 0.2249097 -0.09388985
v 0.515689 0.2207637 -0.09096088
v 0.5154395 0.2249097 -0.08803192
v 0.5899586 0.226397 -0.08803192
v 0.5902142 0.2221484 -0.09096088
v 0.08988357 0.2207637 -0.7149227
v 0.08988357 0.2221484 -0.789448
v 0.08695457 0.226397 -0.7891923
v 0.08695457 0.2249097 -0.7146732
v 0.08988357 0.2207637 -0.7149227
v 0.09281258 0.2249097 -0.7146732
v 0.09281258 0.226397 -0.7891923
v 0.08988357 0.2221484 -0.789448
v 0.1761279 0.2207637 -0.7149227
v 0.1761279 0.2221484 -0.789448
v 0.1731988 0.226397 -0.7891923
v 0.1731988 0.2249097 -0.7146732
v 0.1761279 0.2207637 -0.7149227
v 0.1790569 0.2249097 -0.7146732
v 0.1790569 0.226397 -0.7891923
v 0.1761279 0.2221484 -0.789448
v 0.2623278 0.2207637 -0.7149227
v 0.2623278 0.2221484 -0.789448
v 0.2593988 0.226397 -0.7891923
v 0.2593988 0.2249097 -0.7146732
v 0.2623278 0.2207637 -0.7149227
v 0.2652568 0.2249097 -0.7146732
v 0.2652569 0.226397 -0.7891923
v 0.2623278 0.2221484 -0.789448
v 0.3926519 0.2207637 -0.7094868
v 0.4181914 0.2221484 -0.7794994
v 0.4153522 0.226397 -0.7802629
v 0.3898148 0.2249097 -0.7102562
v 0.3926519 0.2207637 -0.7094868
v 0.395318 0.2249097 -0.7082487
v 0.4208555 0.226397 -0.7782555
v 0.4181914 0.2221484 -0.7794994
v -2.664535E-17 0.2402 -0.7159777
v 0.3524919 0.2402 -0.7159777
v 0.3524919 0.23439 -0.7159777
v -2.664535E-17 0.23439 -0.7159777
v -2.664535E-17 0.23439 -0.7159777
v 0.3524919 0.23439 -0.7159777
v 0.3524919 0.23439 -0.721711
v -2.664535E-17 0.23439 -0.721711
v 0.4946612 0.23439 -0.6360604
v 0.4946612 0.2402 -0.6360604
v 0.5143692 0.2402 -0.5882168
v 0.5143692 0.23439 -0.5882168
v 0.5007104 0.23439 -0.640095
v 0.4946612 0.23439 -0.6360604
v 0.5143692 0.23439 -0.5882168
v 0.5229288 0.23439 -0.5882167
v 0.4946612 0.23439 -0.6360604
v 0.4702367 0.23439 -0.6648425
v 0.4702367 0.2402 -0.6648425
v 0.4946612 0.2402 -0.6360604
v 0.5007104 0.23439 -0.640095
v 0.4737224 0.23439 -0.669861
v 0.4702367 0.23439 -0.6648425
v 0.4946612 0.23439 -0.6360604
v 0.4364321 0.23439 -0.6951554
v 0.4364321 0.2402 -0.6951554
v 0.4702367 0.2402 -0.6648425
v 0.4702367 0.23439 -0.6648425
v 0.4392453 0.23439 -0.7006164
v 0.4364321 0.23439 -0.6951554
v 0.4702367 0.23439 -0.6648425
v 0.4737224 0.23439 -0.669861
v 0.5143692 0.2402 -0.5882168
v 0.5143691 0.2402 2.220446E-18
v 0.5143691 0.23439 2.220446E-18
v 0.5143692 0.23439 -0.5882168
v 0.5143691 0.23439 2.220446E-18
v 0.5229288 0.23439 2.220446E-18
v 0.5229288 0.23439 -0.5882167
v 0.5143692 0.23439 -0.5882168
v 0.3524919 0.23439 -0.721711
v 0.3524919 0.23439 -0.7159777
v 0.4057204 0.23439 -0.7036754
v 0.4063608 0.23439 -0.7109721
v 0.4364321 0.23439 -0.6951554
v 0.4392453 0.23439 -0.7006164
v 0.3524919 0.23439 -0.7159777
v 0.3524919 0.2402 -0.7159777
v 0.4057204 0.2402 -0.7036754
v 0.4057204 0.23439 -0.7036754
v 0.4364321 0.23439 -0.6951554
v 0.4364321 0.2402 -0.6951554
v -2.664535E-17 0.2258535 -0.7159777
v 0.3524919 0.2258535 -0.7159777
v 0.3524919 0.2200435 -0.7159777
v -2.664535E-17 0.2200435 -0.7159777
v -2.664535E-17 0.2200435 -0.7159777
v 0.3524919 0.2200435 -0.7159777
v 0.3524919 0.2200435 -0.721711
v -2.664535E-17 0.2200435 -0.721711
v 0.4946612 0.2200435 -0.6360604
v 0.4946612 0.2258535 -0.6360604
v 0.5143692 0.2258535 -0.5882168
v 0.5143692 0.2200435 -0.5882168
v 0.5007104 0.2200435 -0.640095
v 0.4946612 0.2200435 -0.6360604
v 0.5143692 0.2200435 -0.5882168
v 0.5229288 0.2200435 -0.5882167
v 0.4946612 0.2200435 -0.6360604
v 0.4702367 0.2200435 -0.6648425
v 0.4702367 0.2258535 -0.6648425
v 0.4946612 0.2258535 -0.6360604
v 0.5007104 0.2200435 -0.640095
v 0.4737224 0.2200435 -0.669861
v 0.4702367 0.2200435 -0.6648425
v 0.4946612 0.2200435 -0.6360604
v 0.4364321 0.2200435 -0.6951554
v 0.4364321 0.2258535 -0.6951554
v 0.4702367 0.2258535 -0.6648425
v 0.4702367 0.2200435 -0.6648425
v 0.4392453 0.2200435 -0.7006164
v 0.4364321 0.2200435 -0.6951554
v 0.4702367 0.2200435 -0.6648425
v 0.4737224 0.2200435 -0.669861
v 0.5143692 0.2258535 -0.5882168
v 0.5143691 0.2258535 2.220446E-18
v 0.5143691 0.2200435 2.220446E-18
v 0.5143692 0.2200435 -0.5882168
v 0.5143691 0.2200435 2.220446E-18
v 0.5229288 0.2200435 2.220446E-18
v 0.5229288 0.2200435 -0.5882167
v 0.5143692 0.2200435 -0.5882168
v 0.3524919 0.2200435 -0.721711
v 0.3524919 0.2200435 -0.7159777
v 0.4057204 0.2200435 -0.7036754
v 0.4063608 0.2200435 -0.7109721
v 0.4364321 0.2200435 -0.6951554
v 0.4392453 0.2200435 -0.7006164
v 0.3524919 0.2200435 -0.7159777
v 0.3524919 0.2258535 -0.7159777
v 0.4057204 0.2258535 -0.7036754
v 0.4057204 0.2200435 -0.7036754
v 0.4364321 0.2200435 -0.6951554
v 0.4364321 0.2258535 -0.6951554
v 0.5144559 0.2344504 0
v 0.5144559 0.2257792 -0.03393197
v 0.5159277 0.2271311 -0.03393197
v 0.5159277 0.2358012 0
v 0.5144559 0.2344504 0
v 0.5159277 0.2331893 0
v 0.5159397 0.2245191 -0.03393197
v 0.5144559 0.2257792 -0.03393197
v 0.5144559 0.2344504 -0.06786393
v 0.5159277 0.2358012 -0.06786393
v 0.5159277 0.2271311 -0.03393197
v 0.5144559 0.2257792 -0.03393197
v 0.5144559 0.2344504 -0.06786393
v 0.5144559 0.2257792 -0.03393197
v 0.5159397 0.2245191 -0.03393197
v 0.5159277 0.2331893 -0.06786393
v 0.5144559 0.2344504 -0.06786393
v 0.5144559 0.2257792 -0.1017959
v 0.5159277 0.2271311 -0.1017959
v 0.5159277 0.2358012 -0.06786393
v 0.5144559 0.2344504 -0.06786393
v 0.5159277 0.2331893 -0.06786393
v 0.5159397 0.2245191 -0.1017959
v 0.5144559 0.2257792 -0.1017959
v 0.5144559 0.2344504 -0.1357279
v 0.5159277 0.2358012 -0.1357279
v 0.5159277 0.2271311 -0.1017959
v 0.5144559 0.2257792 -0.1017959
v 0.5144559 0.2344504 -0.1357279
v 0.5144559 0.2257792 -0.1017959
v 0.5159397 0.2245191 -0.1017959
v 0.5159277 0.2331893 -0.1357279
v 0.5144559 0.2344504 -0.1357279
v 0.5144559 0.2257792 -0.1701687
v 0.5159277 0.2271311 -0.1701687
v 0.5159277 0.2358012 -0.1357279
v 0.5144559 0.2344504 -0.1357279
v 0.5159277 0.2331893 -0.1357279
v 0.5159397 0.2245191 -0.1701687
v 0.5144559 0.2257792 -0.1701687
v 0.5144559 0.2344504 -0.2045412
v 0.5159277 0.2358012 -0.2045411
v 0.5159277 0.2271311 -0.1701687
v 0.5144559 0.2257792 -0.1701687
v 0.5144559 0.2344504 -0.2045412
v 0.5144559 0.2257792 -0.1701687
v 0.5159397 0.2245191 -0.1701687
v 0.5159277 0.2331893 -0.2045411
v 0.5144559 0.2344504 -0.2045412
v 0.5144559 0.2257792 -0.2384731
v 0.5159277 0.2271311 -0.2384731
v 0.5159277 0.2358012 -0.2045411
v 0.5144559 0.2344504 -0.2045412
v 0.5159277 0.2331893 -0.2045411
v 0.5159397 0.2245191 -0.2384731
v 0.5144559 0.2257792 -0.2384731
v 0.5144559 0.2344504 -0.2724051
v 0.5159277 0.2358012 -0.2724051
v 0.5159277 0.2271311 -0.2384731
v 0.5144559 0.2257792 -0.2384731
v 0.5144559 0.2344504 -0.2724051
v 0.5144559 0.2257792 -0.2384731
v 0.5159397 0.2245191 -0.2384731
v 0.5159277 0.2331893 -0.2724051
v 0.5144559 0.2344504 -0.2724051
v 0.5144559 0.2257792 -0.3063371
v 0.5159277 0.2271311 -0.3063371
v 0.5159277 0.2358012 -0.2724051
v 0.5144559 0.2344504 -0.2724051
v 0.5159277 0.2331893 -0.2724051
v 0.5159397 0.2245191 -0.3063371
v 0.5144559 0.2257792 -0.3063371
v 0.5144559 0.2344504 -0.340269
v 0.5159277 0.2358012 -0.340269
v 0.5159277 0.2271311 -0.3063371
v 0.5144559 0.2257792 -0.3063371
v 0.5144559 0.2344504 -0.340269
v 0.5144559 0.2257792 -0.3063371
v 0.5159397 0.2245191 -0.3063371
v 0.5159277 0.2331893 -0.340269
v 0.5144559 0.2344504 -0.340269
v 0.5144559 0.2257792 -0.374201
v 0.5159277 0.2271311 -0.374201
v 0.5159277 0.2358012 -0.340269
v 0.5144559 0.2344504 -0.340269
v 0.5159277 0.2331893 -0.340269
v 0.5159397 0.2245191 -0.374201
v 0.5144559 0.2257792 -0.374201
v 0.5144559 0.2344504 -0.4323742
v 0.5159277 0.2358012 -0.4323742
v 0.5159277 0.2271311 -0.374201
v 0.5144559 0.2257792 -0.374201
v 0.5144559 0.2344504 -0.4323742
v 0.5144559 0.2257792 -0.374201
v 0.5159397 0.2245191 -0.374201
v 0.5159277 0.2331893 -0.4323742
v 0.5144559 0.2344504 -0.4323742
v 0.5144559 0.2257792 -0.4887076
v 0.5159277 0.2271311 -0.4887076
v 0.5159277 0.2358012 -0.4323742
v 0.5144559 0.2344504 -0.4323742
v 0.5159277 0.2331893 -0.4323742
v 0.5159397 0.2245191 -0.4887076
v 0.5144559 0.2257792 -0.4887076
v 0.5144559 0.2344504 -0.5226395
v 0.5159277 0.2358012 -0.5226395
v 0.5159277 0.2271311 -0.4887076
v 0.5144559 0.2257792 -0.4887076
v 0.5144559 0.2344504 -0.5226395
v 0.5144559 0.2257792 -0.4887076
v 0.5159397 0.2245191 -0.4887076
v 0.5159277 0.2331893 -0.5226395
v 0.5144559 0.2344504 -0.5226395
v 0.5144559 0.2257792 -0.5565715
v 0.5159277 0.2271311 -0.5565715
v 0.5159277 0.2358012 -0.5226395
v 0.5144559 0.2344504 -0.5226395
v 0.5159277 0.2331893 -0.5226395
v 0.5159397 0.2245191 -0.5565715
v 0.5144559 0.2257792 -0.5565715
v 0.5145168 0.2344504 -0.5902102
v 0.5159277 0.2358012 -0.5905035
v 0.5159277 0.2271311 -0.5565715
v 0.5144559 0.2257792 -0.5565715
v 0.5145168 0.2344504 -0.5902102
v 0.5144559 0.2257792 -0.5565715
v 0.5159397 0.2245191 -0.5565715
v 0.5159277 0.2331893 -0.5905035
v 0.5145168 0.2344504 -0.5902102
v 0.5010552 0.2257792 -0.621038
v 0.5024051 0.2271311 -0.6216245
v 0.5159277 0.2358012 -0.5905035
v 0.5145168 0.2344504 -0.5902102
v 0.5159277 0.2331893 -0.5905035
v 0.502416 0.2245191 -0.6216292
v 0.5010552 0.2257792 -0.621038
v 0.4877276 0.2344504 -0.6518944
v 0.4888825 0.2358012 -0.6527455
v 0.5024051 0.2271311 -0.6216245
v 0.5010552 0.2257792 -0.621038
v 0.4877276 0.2344504 -0.6518944
v 0.5010552 0.2257792 -0.621038
v 0.502416 0.2245191 -0.6216292
v 0.4888825 0.2331893 -0.6527455
v 0.4877276 0.2344504 -0.6518944
v 0.4622013 0.2257792 -0.6737612
v 0.4631613 0.2271311 -0.6748769
v 0.4888825 0.2358012 -0.6527455
v 0.4877276 0.2344504 -0.6518944
v 0.4888825 0.2331893 -0.6527455
v 0.4631691 0.2245191 -0.674886
v 0.4622013 0.2257792 -0.6737612
v 0.4367764 0.2344504 -0.6957378
v 0.4374401 0.2358012 -0.6970084
v 0.4631613 0.2271311 -0.6748769
v 0.4622013 0.2257792 -0.6737612
v 0.4367764 0.2344504 -0.6957378
v 0.4622013 0.2257792 -0.6737612
v 0.4631691 0.2245191 -0.674886
v 0.4374401 0.2331893 -0.6970084
v 0.4367764 0.2344504 -0.6957378
v 0.404215 0.2257792 -0.7040534
v 0.404215 0.2271311 -0.7055252
v 0.4374401 0.2358012 -0.6970084
v 0.4367764 0.2344504 -0.6957378
v 0.4374401 0.2331893 -0.6970084
v 0.404215 0.2245191 -0.7055371
v 0.404215 0.2257792 -0.7040534
v 0.3714895 0.2344504 -0.7125023
v 0.3714895 0.2358012 -0.7139741
v 0.404215 0.2271311 -0.7055252
v 0.404215 0.2257792 -0.7040534
v 0.3714895 0.2344504 -0.7125023
v 0.404215 0.2257792 -0.7040534
v 0.404215 0.2245191 -0.7055371
v 0.3714895 0.2331893 -0.7139741
v 0.3714895 0.2344504 -0.7125023
v 0.3377728 0.2257792 -0.7148508
v 0.3377728 0.2271311 -0.7163226
v 0.3714895 0.2358012 -0.7139741
v 0.3714895 0.2344504 -0.7125023
v 0.3714895 0.2331893 -0.7139741
v 0.3377728 0.2245191 -0.7163346
v 0.3377728 0.2257792 -0.7148508
v 0.303975 0.2344504 -0.7172191
v 0.303975 0.2358012 -0.7186909
v 0.3377728 0.2271311 -0.7163226
v 0.3377728 0.2257792 -0.7148508
v 0.303975 0.2344504 -0.7172191
v 0.3377728 0.2257792 -0.7148508
v 0.3377728 0.2245191 -0.7163346
v 0.303975 0.2331893 -0.7186909
v 0.303975 0.2344504 -0.7172191
v 0.2700945 0.2257792 -0.7172173
v 0.2700945 0.2271311 -0.7186891
v 0.303975 0.2358012 -0.7186909
v 0.303975 0.2344504 -0.7172191
v 0.303975 0.2331893 -0.7186909
v 0.2700945 0.2245191 -0.718701
v 0.2700945 0.2257792 -0.7172173
v 0.2361625 0.2344504 -0.7172173
v 0.2361625 0.2358012 -0.7186891
v 0.2700945 0.2271311 -0.7186891
v 0.2700945 0.2257792 -0.7172173
v 0.2361625 0.2344504 -0.7172173
v 0.2700945 0.2257792 -0.7172173
v 0.2700945 0.2245191 -0.718701
v 0.2361625 0.2331893 -0.7186891
v 0.2361625 0.2344504 -0.7172173
v 0.2022305 0.2257792 -0.7172173
v 0.2022305 0.2271311 -0.7186891
v 0.2361625 0.2358012 -0.7186891
v 0.2361625 0.2344504 -0.7172173
v 0.2361625 0.2331893 -0.7186891
v 0.2022305 0.2245191 -0.7187011
v 0.2022305 0.2257792 -0.7172173
v 0.1682986 0.2344504 -0.7172173
v 0.1682986 0.2358012 -0.7186891
v 0.2022305 0.2271311 -0.7186891
v 0.2022305 0.2257792 -0.7172173
v 0.1682986 0.2344504 -0.7172173
v 0.2022305 0.2257792 -0.7172173
v 0.2022305 0.2245191 -0.7187011
v 0.1682986 0.2331893 -0.7186891
v 0.1682986 0.2344504 -0.7172173
v 0.1343666 0.2257792 -0.7172173
v 0.1343666 0.2271311 -0.7186891
v 0.1682986 0.2358012 -0.7186891
v 0.1682986 0.2344504 -0.7172173
v 0.1682986 0.2331893 -0.7186891
v 0.1343666 0.2245191 -0.7187011
v 0.1343666 0.2257792 -0.7172173
v 0.1004346 0.2344504 -0.7172173
v 0.1004346 0.2358012 -0.7186891
v 0.1343666 0.2271311 -0.7186891
v 0.1343666 0.2257792 -0.7172173
v 0.1004346 0.2344504 -0.7172173
v 0.1343666 0.2257792 -0.7172173
v 0.1343666 0.2245191 -0.7187011
v 0.1004346 0.2331893 -0.7186891
v 0.1004346 0.2344504 -0.7172173
v 0.06650268 0.2257792 -0.7172173
v 0.06650268 0.2271311 -0.7186891
v 0.1004346 0.2358012 -0.7186891
v 0.1004346 0.2344504 -0.7172173
v 0.1004346 0.2331893 -0.7186891
v 0.06650268 0.2245191 -0.7187011
v 0.06650268 0.2257792 -0.7172173
v 0.03257076 0.2344504 -0.7172173
v 0.03257072 0.2358012 -0.7186891
v 0.06650268 0.2271311 -0.7186891
v 0.06650268 0.2257792 -0.7172173
v 0.03257076 0.2344504 -0.7172173
v 0.06650268 0.2257792 -0.7172173
v 0.06650268 0.2245191 -0.7187011
v 0.03257072 0.2331893 -0.7186891
v 0.03257076 0.2344504 -0.7172173
v 0 0.2257792 -0.7172173
v 0 0.2271311 -0.7186891
v 0.03257072 0.2358012 -0.7186891
v 0.03257076 0.2344504 -0.7172173
v 0.03257072 0.2331893 -0.7186891
v 0 0.2245191 -0.718701
v 0 0.2257792 -0.7172173
v -0.5404105 0.08821353 0.5131224
v -0.5646352 0.1013371 0.5250953
v -0.5651188 0.1013371 0.5142217
v -0.5399266 0.08821353 0.5239959
v -0.5363339 0.08580709 0.512941
v -0.5358502 0.08580709 0.5238146
v -0.5404105 0.08821353 0.5131224
v -0.5641513 0.1013371 0.5359689
v -0.5646352 0.1013371 0.5250953
v -0.5399266 0.08821353 0.5239959
v -0.539443 0.08821353 0.5348696
v -0.539443 0.08821353 0.5348696
v -0.5358502 0.08580709 0.5238146
v -0.5353664 0.08580709 0.5346882
v -0.5365421 0.100039 0.5082622
v -0.5406187 0.100039 0.5084435
v -0.5365421 0.08580709 0.5082622
v -0.5726484 0.1267055 0.5098686
v -0.5726484 0.1049751 0.5098686
v -0.5351582 0.100039 0.539367
v -0.5351582 0.08580709 0.539367
v -0.5392347 0.100039 0.5395484
v -0.5712646 0.1267055 0.5409734
v -0.5712646 0.1049751 0.5409734
v -0.5404105 0.08821353 0.5131224
v -0.5404105 0.100039 0.5131224
v -0.5363339 0.08580709 0.512941
v -0.5363339 0.100039 0.512941
v -0.5353664 0.100039 0.5346882
v -0.5353664 0.08580709 0.5346882
v -0.5351582 0.08580709 0.539367
v -0.5351582 0.100039 0.539367
v -0.5681994 0.1253215 0.5143588
v -0.5651188 0.1013371 0.5142217
v -0.5646352 0.1013371 0.5250953
v -0.5677156 0.1253215 0.5252324
v -0.5677156 0.1253215 0.5252324
v -0.5646352 0.1013371 0.5250953
v -0.5641513 0.1013371 0.5359689
v -0.5672318 0.1253215 0.5361059
v -0.5404105 0.100039 0.5131224
v -0.5404105 0.08821353 0.5131224
v -0.5651188 0.1013371 0.5142217
v -0.5681994 0.1253215 0.5143588
v -0.5365421 0.100039 0.5082622
v -0.5365421 0.08580709 0.5082622
v -0.5363339 0.08580709 0.512941
v -0.5363339 0.100039 0.512941
v -0.5672318 0.1253215 0.5361059
v -0.5641513 0.1013371 0.5359689
v -0.539443 0.08821353 0.5348696
v -0.539443 0.100039 0.5348696
v -0.5353664 0.100039 0.5346882
v -0.539443 0.100039 0.5348696
v -0.5353664 0.08580709 0.5346882
v -0.539443 0.08821353 0.5348696
v -0.5726484 0.1267055 0.5098686
v -0.5681994 0.1253215 0.5143588
v -0.5677156 0.1253215 0.5252324
v -0.5719564 0.1267055 0.5254211
v -0.5719564 0.1267055 0.5254211
v -0.5677156 0.1253215 0.5252324
v -0.5672318 0.1253215 0.5361059
v -0.5712646 0.1267055 0.5409734
v -0.5406187 0.100039 0.5084435
v -0.5404105 0.100039 0.5131224
v -0.5681994 0.1253215 0.5143588
v -0.5726484 0.1267055 0.5098686
v -0.5365421 0.100039 0.5082622
v -0.5363339 0.100039 0.512941
v -0.5404105 0.100039 0.5131224
v -0.5406187 0.100039 0.5084435
v -0.5712646 0.1267055 0.5409734
v -0.5672318 0.1253215 0.5361059
v -0.539443 0.100039 0.5348696
v -0.5392347 0.100039 0.5395484
v -0.5392347 0.100039 0.5395484
v -0.539443 0.100039 0.5348696
v -0.5353664 0.100039 0.5346882
v -0.5351582 0.100039 0.539367
v -0.5726484 0.1049751 0.5098686
v -0.5726484 0.1267055 0.5098686
v -0.5719564 0.1267055 0.5254211
v -0.5719564 0.1049751 0.5254211
v -0.5719564 0.1049751 0.5254211
v -0.5719564 0.1267055 0.5254211
v -0.5712646 0.1267055 0.5409734
v -0.5712646 0.1049751 0.5409734
v -0.5410981 0.08821353 0.159309
v -0.565831 0.1013371 0.1701934
v -0.565831 0.1013371 0.159309
v -0.5410981 0.08821353 0.1701934
v -0.5370175 0.08580709 0.159309
v -0.5370175 0.08580709 0.1701934
v -0.5410981 0.08821353 0.159309
v -0.565831 0.1013371 0.1810777
v -0.565831 0.1013371 0.1701934
v -0.5410981 0.08821353 0.1701934
v -0.5410981 0.08821353 0.1810777
v -0.5410981 0.08821353 0.1810777
v -0.5370175 0.08580709 0.1701934
v -0.5370175 0.08580709 0.1810777
v -0.5370175 0.100039 0.1546256
v -0.5410981 0.100039 0.1546256
v -0.5370175 0.08580709 0.1546256
v -0.5731596 0.1267055 0.1546256
v -0.5731596 0.1049751 0.1546256
v -0.5370175 0.100039 0.1857612
v -0.5370175 0.08580709 0.1857612
v -0.5410981 0.100039 0.1857612
v -0.5731596 0.1267055 0.1857612
v -0.5731596 0.1049751 0.1857612
v -0.5410981 0.08821353 0.159309
v -0.5410981 0.100039 0.159309
v -0.5370175 0.08580709 0.159309
v -0.5370175 0.100039 0.159309
v -0.5370175 0.100039 0.1810777
v -0.5370175 0.08580709 0.1810777
v -0.5370175 0.08580709 0.1857612
v -0.5370175 0.100039 0.1857612
v -0.5689145 0.1253215 0.159309
v -0.565831 0.1013371 0.159309
v -0.565831 0.1013371 0.1701934
v -0.5689145 0.1253215 0.1701934
v -0.5689145 0.1253215 0.1701934
v -0.565831 0.1013371 0.1701934
v -0.565831 0.1013371 0.1810777
v -0.5689145 0.1253215 0.1810777
v -0.5410981 0.100039 0.159309
v -0.5410981 0.08821353 0.159309
v -0.565831 0.1013371 0.159309
v -0.5689145 0.1253215 0.159309
v -0.5370175 0.100039 0.1546256
v -0.5370175 0.08580709 0.1546256
v -0.5370175 0.08580709 0.159309
v -0.5370175 0.100039 0.159309
v -0.5689145 0.1253215 0.1810777
v -0.565831 0.1013371 0.1810777
v -0.5410981 0.08821353 0.1810777
v -0.5410981 0.100039 0.1810777
v -0.5370175 0.100039 0.1810777
v -0.5410981 0.100039 0.1810777
v -0.5370175 0.08580709 0.1810777
v -0.5410981 0.08821353 0.1810777
v -0.5731596 0.1267055 0.1546256
v -0.5689145 0.1253215 0.159309
v -0.5689145 0.1253215 0.1701934
v -0.5731596 0.1267055 0.1701934
v -0.5731596 0.1267055 0.1701934
v -0.5689145 0.1253215 0.1701934
v -0.5689145 0.1253215 0.1810777
v -0.5731596 0.1267055 0.1857612
v -0.5410981 0.100039 0.1546256
v -0.5410981 0.100039 0.159309
v -0.5689145 0.1253215 0.159309
v -0.5731596 0.1267055 0.1546256
v -0.5370175 0.100039 0.1546256
v -0.5370175 0.100039 0.159309
v -0.5410981 0.100039 0.159309
v -0.5410981 0.100039 0.1546256
v -0.5731596 0.1267055 0.1857612
v -0.5689145 0.1253215 0.1810777
v -0.5410981 0.100039 0.1810777
v -0.5410981 0.100039 0.1857612
v -0.5410981 0.100039 0.1857612
v -0.5410981 0.100039 0.1810777
v -0.5370175 0.100039 0.1810777
v -0.5370175 0.100039 0.1857612
v -0.5731596 0.1049751 0.1546256
v -0.5731596 0.1267055 0.1546256
v -0.5731596 0.1267055 0.1701934
v -0.5731596 0.1049751 0.1701934
v -0.5731596 0.1049751 0.1701934
v -0.5731596 0.1267055 0.1701934
v -0.5731596 0.1267055 0.1857612
v -0.5731596 0.1049751 0.1857612
v -0.3532568 0.08821353 0.7277039
v -0.3423724 0.1013371 0.7524368
v -0.3532568 0.1013371 0.7524368
v -0.3423724 0.08821353 0.7277039
v -0.3532568 0.08580709 0.7236233
v -0.3423724 0.08580709 0.7236233
v -0.3532568 0.08821353 0.7277039
v -0.3314881 0.1013371 0.7524368
v -0.3423724 0.1013371 0.7524368
v -0.3423724 0.08821353 0.7277039
v -0.3314881 0.08821353 0.7277039
v -0.3314881 0.08821353 0.7277039
v -0.3423724 0.08580709 0.7236233
v -0.3314881 0.08580709 0.7236233
v -0.3579402 0.100039 0.7236233
v -0.3579402 0.100039 0.7277039
v -0.3579402 0.08580709 0.7236233
v -0.3579402 0.1267055 0.7597653
v -0.3579402 0.1049751 0.7597653
v -0.3268046 0.100039 0.7236233
v -0.3268046 0.08580709 0.7236233
v -0.3268046 0.100039 0.7277039
v -0.3268046 0.1267055 0.7597653
v -0.3268046 0.1049751 0.7597653
v -0.3532568 0.08821353 0.7277039
v -0.3532568 0.100039 0.7277039
v -0.3532568 0.08580709 0.7236233
v -0.3532568 0.100039 0.7236233
v -0.3314881 0.100039 0.7236233
v -0.3314881 0.08580709 0.7236233
v -0.3268046 0.08580709 0.7236233
v -0.3268046 0.100039 0.7236233
v -0.3532568 0.1253215 0.7555203
v -0.3532568 0.1013371 0.7524368
v -0.3423724 0.1013371 0.7524368
v -0.3423724 0.1253215 0.7555203
v -0.3423724 0.1253215 0.7555203
v -0.3423724 0.1013371 0.7524368
v -0.3314881 0.1013371 0.7524368
v -0.3314881 0.1253215 0.7555204
v -0.3532568 0.100039 0.7277039
v -0.3532568 0.08821353 0.7277039
v -0.3532568 0.1013371 0.7524368
v -0.3532568 0.1253215 0.7555203
v -0.3579402 0.100039 0.7236233
v -0.3579402 0.08580709 0.7236233
v -0.3532568 0.08580709 0.7236233
v -0.3532568 0.100039 0.7236233
v -0.3314881 0.1253215 0.7555204
v -0.3314881 0.1013371 0.7524368
v -0.3314881 0.08821353 0.7277039
v -0.3314881 0.100039 0.7277039
v -0.3314881 0.100039 0.7236233
v -0.3314881 0.100039 0.7277039
v -0.3314881 0.08580709 0.7236233
v -0.3314881 0.08821353 0.7277039
v -0.3579402 0.1267055 0.7597653
v -0.3532568 0.1253215 0.7555203
v -0.3423724 0.1253215 0.7555203
v -0.3423724 0.1267055 0.7597653
v -0.3423724 0.1267055 0.7597653
v -0.3423724 0.1253215 0.7555203
v -0.3314881 0.1253215 0.7555204
v -0.3268046 0.1267055 0.7597653
v -0.3579402 0.100039 0.7277039
v -0.3532568 0.100039 0.7277039
v -0.3532568 0.1253215 0.7555203
v -0.3579402 0.1267055 0.7597653
v -0.3579402 0.100039 0.7236233
v -0.3532568 0.100039 0.7236233
v -0.3532568 0.100039 0.7277039
v -0.3579402 0.100039 0.7277039
v -0.3268046 0.1267055 0.7597653
v -0.3314881 0.1253215 0.7555204
v -0.3314881 0.100039 0.7277039
v -0.3268046 0.100039 0.7277039
v -0.3268046 0.100039 0.7277039
v -0.3314881 0.100039 0.7277039
v -0.3314881 0.100039 0.7236233
v -0.3268046 0.100039 0.7236233
v -0.3579402 0.1049751 0.7597653
v -0.3579402 0.1267055 0.7597653
v -0.3423724 0.1267055 0.7597653
v -0.3423724 0.1049751 0.7597653
v -0.3423724 0.1049751 0.7597653
v -0.3423724 0.1267055 0.7597653
v -0.3268046 0.1267055 0.7597653
v -0.3268046 0.1049751 0.7597653
v -0.18188 0.08821353 0.7277039
v -0.1709956 0.1013371 0.7524368
v -0.18188 0.1013371 0.7524368
v -0.1709956 0.08821353 0.7277039
v -0.18188 0.08580709 0.7236233
v -0.1709956 0.08580709 0.7236233
v -0.18188 0.08821353 0.7277039
v -0.1601112 0.1013371 0.7524368
v -0.1709956 0.1013371 0.7524368
v -0.1709956 0.08821353 0.7277039
v -0.1601112 0.08821353 0.7277039
v -0.1601112 0.08821353 0.7277039
v -0.1709956 0.08580709 0.7236233
v -0.1601112 0.08580709 0.7236233
v -0.1865634 0.100039 0.7236233
v -0.1865634 0.100039 0.7277039
v -0.1865634 0.08580709 0.7236233
v -0.1865634 0.1267055 0.7597653
v -0.1865634 0.1049751 0.7597653
v -0.1554278 0.100039 0.7236233
v -0.1554278 0.08580709 0.7236233
v -0.1554278 0.100039 0.7277039
v -0.1554278 0.1267055 0.7597653
v -0.1554278 0.1049751 0.7597653
v -0.18188 0.08821353 0.7277039
v -0.18188 0.100039 0.7277039
v -0.18188 0.08580709 0.7236233
v -0.18188 0.100039 0.7236233
v -0.1601112 0.100039 0.7236233
v -0.1601112 0.08580709 0.7236233
v -0.1554278 0.08580709 0.7236233
v -0.1554278 0.100039 0.7236233
v -0.18188 0.1253215 0.7555203
v -0.18188 0.1013371 0.7524368
v -0.1709956 0.1013371 0.7524368
v -0.1709956 0.1253215 0.7555203
v -0.1709956 0.1253215 0.7555203
v -0.1709956 0.1013371 0.7524368
v -0.1601112 0.1013371 0.7524368
v -0.1601112 0.1253215 0.7555204
v -0.18188 0.100039 0.7277039
v -0.18188 0.08821353 0.7277039
v -0.18188 0.1013371 0.7524368
v -0.18188 0.1253215 0.7555203
v -0.1865634 0.100039 0.7236233
v -0.1865634 0.08580709 0.7236233
v -0.18188 0.08580709 0.7236233
v -0.18188 0.100039 0.7236233
v -0.1601112 0.1253215 0.7555204
v -0.1601112 0.1013371 0.7524368
v -0.1601112 0.08821353 0.7277039
v -0.1601112 0.100039 0.7277039
v -0.1601112 0.100039 0.7236233
v -0.1601112 0.100039 0.7277039
v -0.1601112 0.08580709 0.7236233
v -0.1601112 0.08821353 0.7277039
v -0.1865634 0.1267055 0.7597653
v -0.18188 0.1253215 0.7555203
v -0.1709956 0.1253215 0.7555203
v -0.1709956 0.1267055 0.7597653
v -0.1709956 0.1267055 0.7597653
v -0.1709956 0.1253215 0.7555203
v -0.1601112 0.1253215 0.7555204
v -0.1554278 0.1267055 0.7597653
v -0.1865634 0.100039 0.7277039
v -0.18188 0.100039 0.7277039
v -0.18188 0.1253215 0.7555203
v -0.1865634 0.1267055 0.7597653
v -0.1865634 0.100039 0.7236233
v -0.18188 0.100039 0.7236233
v -0.18188 0.100039 0.7277039
v -0.1865634 0.100039 0.7277039
v -0.1554278 0.1267055 0.7597653
v -0.1601112 0.1253215 0.7555204
v -0.1601112 0.100039 0.7277039
v -0.1554278 0.100039 0.7277039
v -0.1554278 0.100039 0.7277039
v -0.1601112 0.100039 0.7277039
v -0.1601112 0.100039 0.7236233
v -0.1554278 0.100039 0.7236233
v -0.1865634 0.1049751 0.7597653
v -0.1865634 0.1267055 0.7597653
v -0.1709956 0.1267055 0.7597653
v -0.1709956 0.1049751 0.7597653
v -0.1709956 0.1049751 0.7597653
v -0.1709956 0.1267055 0.7597653
v -0.1554278 0.1267055 0.7597653
v -0.1554278 0.1049751 0.7597653
v 0.5404105 0.08821353 0.5131224
v 0.5651188 0.1013371 0.5142217
v 0.5646352 0.1013371 0.5250953
v 0.5399266 0.08821353 0.5239959
v 0.5363339 0.08580709 0.512941
v 0.5404105 0.08821353 0.5131224
v 0.5358502 0.08580709 0.5238146
v 0.5641513 0.1013371 0.5359689
v 0.539443 0.08821353 0.5348696
v 0.5399266 0.08821353 0.5239959
v 0.5646352 0.1013371 0.5250953
v 0.539443 0.08821353 0.5348696
v 0.5358502 0.08580709 0.5238146
v 0.5353664 0.08580709 0.5346882
v 0.5365421 0.100039 0.5082622
v 0.5365421 0.08580709 0.5082622
v 0.5406187 0.100039 0.5084435
v 0.5726484 0.1267055 0.5098686
v 0.5726484 0.1049751 0.5098686
v 0.5351582 0.100039 0.539367
v 0.5392347 0.100039 0.5395484
v 0.5351582 0.08580709 0.539367
v 0.5712646 0.1267055 0.5409734
v 0.5712646 0.1049751 0.5409734
v 0.5404105 0.08821353 0.5131224
v 0.5363339 0.08580709 0.512941
v 0.5404105 0.100039 0.5131224
v 0.5363339 0.100039 0.512941
v 0.5353664 0.100039 0.5346882
v 0.5351582 0.100039 0.539367
v 0.5351582 0.08580709 0.539367
v 0.5353664 0.08580709 0.5346882
v 0.5681994 0.1253215 0.5143588
v 0.5677156 0.1253215 0.5252324
v 0.5646352 0.1013371 0.5250953
v 0.5651188 0.1013371 0.5142217
v 0.5677156 0.1253215 0.5252324
v 0.5672318 0.1253215 0.5361059
v 0.5641513 0.1013371 0.5359689
v 0.5646352 0.1013371 0.5250953
v 0.5404105 0.100039 0.5131224
v 0.5681994 0.1253215 0.5143588
v 0.5651188 0.1013371 0.5142217
v 0.5404105 0.08821353 0.5131224
v 0.5365421 0.100039 0.5082622
v 0.5363339 0.100039 0.512941
v 0.5363339 0.08580709 0.512941
v 0.5365421 0.08580709 0.5082622
v 0.5672318 0.1253215 0.5361059
v 0.539443 0.100039 0.5348696
v 0.539443 0.08821353 0.5348696
v 0.5641513 0.1013371 0.5359689
v 0.5353664 0.100039 0.5346882
v 0.5353664 0.08580709 0.5346882
v 0.539443 0.100039 0.5348696
v 0.539443 0.08821353 0.5348696
v 0.5726484 0.1267055 0.5098686
v 0.5719564 0.1267055 0.5254211
v 0.5677156 0.1253215 0.5252324
v 0.5681994 0.1253215 0.5143588
v 0.5719564 0.1267055 0.5254211
v 0.5712646 0.1267055 0.5409734
v 0.5672318 0.1253215 0.5361059
v 0.5677156 0.1253215 0.5252324
v 0.5406187 0.100039 0.5084435
v 0.5726484 0.1267055 0.5098686
v 0.5681994 0.1253215 0.5143588
v 0.5404105 0.100039 0.5131224
v 0.5365421 0.100039 0.5082622
v 0.5406187 0.100039 0.5084435
v 0.5404105 0.100039 0.5131224
v 0.5363339 0.100039 0.512941
v 0.5712646 0.1267055 0.5409734
v 0.5392347 0.100039 0.5395484
v 0.539443 0.100039 0.5348696
v 0.5672318 0.1253215 0.5361059
v 0.5392347 0.100039 0.5395484
v 0.5351582 0.100039 0.539367
v 0.5353664 0.100039 0.5346882
v 0.539443 0.100039 0.5348696
v 0.5726484 0.1049751 0.5098686
v 0.5719564 0.1049751 0.5254211
v 0.5719564 0.1267055 0.5254211
v 0.5726484 0.1267055 0.5098686
v 0.5719564 0.1049751 0.5254211
v 0.5712646 0.1049751 0.5409734
v 0.5712646 0.1267055 0.5409734
v 0.5719564 0.1267055 0.5254211
v 0.5410981 0.08821353 0.159309
v 0.565831 0.1013371 0.159309
v 0.565831 0.1013371 0.1701934
v 0.5410981 0.08821353 0.1701934
v 0.5370175 0.08580709 0.159309
v 0.5410981 0.08821353 0.159309
v 0.5370175 0.08580709 0.1701934
v 0.565831 0.1013371 0.1810777
v 0.5410981 0.08821353 0.1810777
v 0.5410981 0.08821353 0.1701934
v 0.565831 0.1013371 0.1701934
v 0.5410981 0.08821353 0.1810777
v 0.5370175 0.08580709 0.1701934
v 0.5370175 0.08580709 0.1810777
v 0.5370175 0.100039 0.1546256
v 0.5370175 0.08580709 0.1546256
v 0.5410981 0.100039 0.1546256
v 0.5731596 0.1267055 0.1546256
v 0.5731596 0.1049751 0.1546256
v 0.5370175 0.100039 0.1857612
v 0.5410981 0.100039 0.1857612
v 0.5370175 0.08580709 0.1857612
v 0.5731596 0.1267055 0.1857612
v 0.5731596 0.1049751 0.1857612
v 0.5410981 0.08821353 0.159309
v 0.5370175 0.08580709 0.159309
v 0.5410981 0.100039 0.159309
v 0.5370175 0.100039 0.159309
v 0.5370175 0.100039 0.1810777
v 0.5370175 0.100039 0.1857612
v 0.5370175 0.08580709 0.1857612
v 0.5370175 0.08580709 0.1810777
v 0.5689145 0.1253215 0.159309
v 0.5689145 0.1253215 0.1701934
v 0.565831 0.1013371 0.1701934
v 0.565831 0.1013371 0.159309
v 0.5689145 0.1253215 0.1701934
v 0.5689145 0.1253215 0.1810777
v 0.565831 0.1013371 0.1810777
v 0.565831 0.1013371 0.1701934
v 0.5410981 0.100039 0.159309
v 0.5689145 0.1253215 0.159309
v 0.565831 0.1013371 0.159309
v 0.5410981 0.08821353 0.159309
v 0.5370175 0.100039 0.1546256
v 0.5370175 0.100039 0.159309
v 0.5370175 0.08580709 0.159309
v 0.5370175 0.08580709 0.1546256
v 0.5689145 0.1253215 0.1810777
v 0.5410981 0.100039 0.1810777
v 0.5410981 0.08821353 0.1810777
v 0.565831 0.1013371 0.1810777
v 0.5370175 0.100039 0.1810777
v 0.5370175 0.08580709 0.1810777
v 0.5410981 0.100039 0.1810777
v 0.5410981 0.08821353 0.1810777
v 0.5731596 0.1267055 0.1546256
v 0.5731596 0.1267055 0.1701934
v 0.5689145 0.1253215 0.1701934
v 0.5689145 0.1253215 0.159309
v 0.5731596 0.1267055 0.1701934
v 0.5731596 0.1267055 0.1857612
v 0.5689145 0.1253215 0.1810777
v 0.5689145 0.1253215 0.1701934
v 0.5410981 0.100039 0.1546256
v 0.5731596 0.1267055 0.1546256
v 0.5689145 0.1253215 0.159309
v 0.5410981 0.100039 0.159309
v 0.5370175 0.100039 0.1546256
v 0.5410981 0.100039 0.1546256
v 0.5410981 0.100039 0.159309
v 0.5370175 0.100039 0.159309
v 0.5731596 0.1267055 0.1857612
v 0.5410981 0.100039 0.1857612
v 0.5410981 0.100039 0.1810777
v 0.5689145 0.1253215 0.1810777
v 0.5410981 0.100039 0.1857612
v 0.5370175 0.100039 0.1857612
v 0.5370175 0.100039 0.1810777
v 0.5410981 0.100039 0.1810777
v 0.5731596 0.1049751 0.1546256
v 0.5731596 0.1049751 0.1701934
v 0.5731596 0.1267055 0.1701934
v 0.5731596 0.1267055 0.1546256
v 0.5731596 0.1049751 0.1701934
v 0.5731596 0.1049751 0.1857612
v 0.5731596 0.1267055 0.1857612
v 0.5731596 0.1267055 0.1701934
v 0.3532568 0.08821353 0.7277039
v 0.3532568 0.1013371 0.7524368
v 0.3423724 0.1013371 0.7524368
v 0.3423724 0.08821353 0.7277039
v 0.3532568 0.08580709 0.7236233
v 0.3532568 0.08821353 0.7277039
v 0.3423724 0.08580709 0.7236233
v 0.3314881 0.1013371 0.7524368
v 0.3314881 0.08821353 0.7277039
v 0.3423724 0.08821353 0.7277039
v 0.3423724 0.1013371 0.7524368
v 0.3314881 0.08821353 0.7277039
v 0.3423724 0.08580709 0.7236233
v 0.3314881 0.08580709 0.7236233
v 0.3579402 0.100039 0.7236233
v 0.3579402 0.08580709 0.7236233
v 0.3579402 0.100039 0.7277039
v 0.3579402 0.1267055 0.7597653
v 0.3579402 0.1049751 0.7597653
v 0.3268046 0.100039 0.7236233
v 0.3268046 0.100039 0.7277039
v 0.3268046 0.08580709 0.7236233
v 0.3268046 0.1267055 0.7597653
v 0.3268046 0.1049751 0.7597653
v 0.3532568 0.08821353 0.7277039
v 0.3532568 0.08580709 0.7236233
v 0.3532568 0.100039 0.7277039
v 0.3532568 0.100039 0.7236233
v 0.3314881 0.100039 0.7236233
v 0.3268046 0.100039 0.7236233
v 0.3268046 0.08580709 0.7236233
v 0.3314881 0.08580709 0.7236233
v 0.3532568 0.1253215 0.7555203
v 0.3423724 0.1253215 0.7555203
v 0.3423724 0.1013371 0.7524368
v 0.3532568 0.1013371 0.7524368
v 0.3423724 0.1253215 0.7555203
v 0.3314881 0.1253215 0.7555204
v 0.3314881 0.1013371 0.7524368
v 0.3423724 0.1013371 0.7524368
v 0.3532568 0.100039 0.7277039
v 0.3532568 0.1253215 0.7555203
v 0.3532568 0.1013371 0.7524368
v 0.3532568 0.08821353 0.7277039
v 0.3579402 0.100039 0.7236233
v 0.3532568 0.100039 0.7236233
v 0.3532568 0.08580709 0.7236233
v 0.3579402 0.08580709 0.7236233
v 0.3314881 0.1253215 0.7555204
v 0.3314881 0.100039 0.7277039
v 0.3314881 0.08821353 0.7277039
v 0.3314881 0.1013371 0.7524368
v 0.3314881 0.100039 0.7236233
v 0.3314881 0.08580709 0.7236233
v 0.3314881 0.100039 0.7277039
v 0.3314881 0.08821353 0.7277039
v 0.3579402 0.1267055 0.7597653
v 0.3423724 0.1267055 0.7597653
v 0.3423724 0.1253215 0.7555203
v 0.3532568 0.1253215 0.7555203
v 0.3423724 0.1267055 0.7597653
v 0.3268046 0.1267055 0.7597653
v 0.3314881 0.1253215 0.7555204
v 0.3423724 0.1253215 0.7555203
v 0.3579402 0.100039 0.7277039
v 0.3579402 0.1267055 0.7597653
v 0.3532568 0.1253215 0.7555203
v 0.3532568 0.100039 0.7277039
v 0.3579402 0.100039 0.7236233
v 0.3579402 0.100039 0.7277039
v 0.3532568 0.100039 0.7277039
v 0.3532568 0.100039 0.7236233
v 0.3268046 0.1267055 0.7597653
v 0.3268046 0.100039 0.7277039
v 0.3314881 0.100039 0.7277039
v 0.3314881 0.1253215 0.7555204
v 0.3268046 0.100039 0.7277039
v 0.3268046 0.100039 0.7236233
v 0.3314881 0.100039 0.7236233
v 0.3314881 0.100039 0.7277039
v 0.3579402 0.1049751 0.7597653
v 0.3423724 0.1049751 0.7597653
v 0.3423724 0.1267055 0.7597653
v 0.3579402 0.1267055 0.7597653
v 0.3423724 0.1049751 0.7597653
v 0.3268046 0.1049751 0.7597653
v 0.3268046 0.1267055 0.7597653
v 0.3423724 0.1267055 0.7597653
v 0.18188 0.08821353 0.7277039
v 0.18188 0.1013371 0.7524368
v 0.1709956 0.1013371 0.7524368
v 0.1709956 0.08821353 0.7277039
v 0.18188 0.08580709 0.7236233
v 0.18188 0.08821353 0.7277039
v 0.1709956 0.08580709 0.7236233
v 0.1601112 0.1013371 0.7524368
v 0.1601112 0.08821353 0.7277039
v 0.1709956 0.08821353 0.7277039
v 0.1709956 0.1013371 0.7524368
v 0.1601112 0.08821353 0.7277039
v 0.1709956 0.08580709 0.7236233
v 0.1601112 0.08580709 0.7236233
v 0.1865634 0.100039 0.7236233
v 0.1865634 0.08580709 0.7236233
v 0.1865634 0.100039 0.7277039
v 0.1865634 0.1267055 0.7597653
v 0.1865634 0.1049751 0.7597653
v 0.1554278 0.100039 0.7236233
v 0.1554278 0.100039 0.7277039
v 0.1554278 0.08580709 0.7236233
v 0.1554278 0.1267055 0.7597653
v 0.1554278 0.1049751 0.7597653
v 0.18188 0.08821353 0.7277039
v 0.18188 0.08580709 0.7236233
v 0.18188 0.100039 0.7277039
v 0.18188 0.100039 0.7236233
v 0.1601112 0.100039 0.7236233
v 0.1554278 0.100039 0.7236233
v 0.1554278 0.08580709 0.7236233
v 0.1601112 0.08580709 0.7236233
v 0.18188 0.1253215 0.7555203
v 0.1709956 0.1253215 0.7555203
v 0.1709956 0.1013371 0.7524368
v 0.18188 0.1013371 0.7524368
v 0.1709956 0.1253215 0.7555203
v 0.1601112 0.1253215 0.7555204
v 0.1601112 0.1013371 0.7524368
v 0.1709956 0.1013371 0.7524368
v 0.18188 0.100039 0.7277039
v 0.18188 0.1253215 0.7555203
v 0.18188 0.1013371 0.7524368
v 0.18188 0.08821353 0.7277039
v 0.1865634 0.100039 0.7236233
v 0.18188 0.100039 0.7236233
v 0.18188 0.08580709 0.7236233
v 0.1865634 0.08580709 0.7236233
v 0.1601112 0.1253215 0.7555204
v 0.1601112 0.100039 0.7277039
v 0.1601112 0.08821353 0.7277039
v 0.1601112 0.1013371 0.7524368
v 0.1601112 0.100039 0.7236233
v 0.1601112 0.08580709 0.7236233
v 0.1601112 0.100039 0.7277039
v 0.1601112 0.08821353 0.7277039
v 0.1865634 0.1267055 0.7597653
v 0.1709956 0.1267055 0.7597653
v 0.1709956 0.1253215 0.7555203
v 0.18188 0.1253215 0.7555203
v 0.1709956 0.1267055 0.7597653
v 0.1554278 0.1267055 0.7597653
v 0.1601112 0.1253215 0.7555204
v 0.1709956 0.1253215 0.7555203
v 0.1865634 0.100039 0.7277039
v 0.1865634 0.1267055 0.7597653
v 0.18188 0.1253215 0.7555203
v 0.18188 0.100039 0.7277039
v 0.1865634 0.100039 0.7236233
v 0.1865634 0.100039 0.7277039
v 0.18188 0.100039 0.7277039
v 0.18188 0.100039 0.7236233
v 0.1554278 0.1267055 0.7597653
v 0.1554278 0.100039 0.7277039
v 0.1601112 0.100039 0.7277039
v 0.1601112 0.1253215 0.7555204
v 0.1554278 0.100039 0.7277039
v 0.1554278 0.100039 0.7236233
v 0.1601112 0.100039 0.7236233
v 0.1601112 0.100039 0.7277039
v 0.1865634 0.1049751 0.7597653
v 0.1709956 0.1049751 0.7597653
v 0.1709956 0.1267055 0.7597653
v 0.1865634 0.1267055 0.7597653
v 0.1709956 0.1049751 0.7597653
v 0.1554278 0.1049751 0.7597653
v 0.1554278 0.1267055 0.7597653
v 0.1709956 0.1267055 0.7597653
v -0.5404105 0.08821353 -0.5131224
v -0.5651188 0.1013371 -0.5142217
v -0.5646352 0.1013371 -0.5250953
v -0.5399266 0.08821353 -0.5239959
v -0.5363339 0.08580709 -0.512941
v -0.5404105 0.08821353 -0.5131224
v -0.5358502 0.08580709 -0.5238146
v -0.5641513 0.1013371 -0.5359689
v -0.539443 0.08821353 -0.5348696
v -0.5399266 0.08821353 -0.5239959
v -0.5646352 0.1013371 -0.5250953
v -0.539443 0.08821353 -0.5348696
v -0.5358502 0.08580709 -0.5238146
v -0.5353664 0.08580709 -0.5346882
v -0.5365421 0.100039 -0.5082622
v -0.5365421 0.08580709 -0.5082622
v -0.5406187 0.100039 -0.5084435
v -0.5726484 0.1267055 -0.5098686
v -0.5726484 0.1049751 -0.5098686
v -0.5351582 0.100039 -0.539367
v -0.5392347 0.100039 -0.5395484
v -0.5351582 0.08580709 -0.539367
v -0.5712646 0.1267055 -0.5409734
v -0.5712646 0.1049751 -0.5409734
v -0.5404105 0.08821353 -0.5131224
v -0.5363339 0.08580709 -0.512941
v -0.5404105 0.100039 -0.5131224
v -0.5363339 0.100039 -0.512941
v -0.5353664 0.100039 -0.5346882
v -0.5351582 0.100039 -0.539367
v -0.5351582 0.08580709 -0.539367
v -0.5353664 0.08580709 -0.5346882
v -0.5681994 0.1253215 -0.5143588
v -0.5677156 0.1253215 -0.5252324
v -0.5646352 0.1013371 -0.5250953
v -0.5651188 0.1013371 -0.5142217
v -0.5677156 0.1253215 -0.5252324
v -0.5672318 0.1253215 -0.5361059
v -0.5641513 0.1013371 -0.5359689
v -0.5646352 0.1013371 -0.5250953
v -0.5404105 0.100039 -0.5131224
v -0.5681994 0.1253215 -0.5143588
v -0.5651188 0.1013371 -0.5142217
v -0.5404105 0.08821353 -0.5131224
v -0.5365421 0.100039 -0.5082622
v -0.5363339 0.100039 -0.512941
v -0.5363339 0.08580709 -0.512941
v -0.5365421 0.08580709 -0.5082622
v -0.5672318 0.1253215 -0.5361059
v -0.539443 0.100039 -0.5348696
v -0.539443 0.08821353 -0.5348696
v -0.5641513 0.1013371 -0.5359689
v -0.5353664 0.100039 -0.5346882
v -0.5353664 0.08580709 -0.5346882
v -0.539443 0.100039 -0.5348696
v -0.539443 0.08821353 -0.5348696
v -0.5726484 0.1267055 -0.5098686
v -0.5719564 0.1267055 -0.5254211
v -0.5677156 0.1253215 -0.5252324
v -0.5681994 0.1253215 -0.5143588
v -0.5719564 0.1267055 -0.5254211
v -0.5712646 0.1267055 -0.5409734
v -0.5672318 0.1253215 -0.5361059
v -0.5677156 0.1253215 -0.5252324
v -0.5406187 0.100039 -0.5084435
v -0.5726484 0.1267055 -0.5098686
v -0.5681994 0.1253215 -0.5143588
v -0.5404105 0.100039 -0.5131224
v -0.5365421 0.100039 -0.5082622
v -0.5406187 0.100039 -0.5084435
v -0.5404105 0.100039 -0.5131224
v -0.5363339 0.100039 -0.512941
v -0.5712646 0.1267055 -0.5409734
v -0.5392347 0.100039 -0.5395484
v -0.539443 0.100039 -0.5348696
v -0.5672318 0.1253215 -0.5361059
v -0.5392347 0.100039 -0.5395484
v -0.5351582 0.100039 -0.539367
v -0.5353664 0.100039 -0.5346882
v -0.539443 0.100039 -0.5348696
v -0.5726484 0.1049751 -0.5098686
v -0.5719564 0.1049751 -0.5254211
v -0.5719564 0.1267055 -0.5254211
v -0.5726484 0.1267055 -0.5098686
v -0.5719564 0.1049751 -0.5254211
v -0.5712646 0.1049751 -0.5409734
v -0.5712646 0.1267055 -0.5409734
v -0.5719564 0.1267055 -0.5254211
v -0.5410981 0.08821353 -0.159309
v -0.565831 0.1013371 -0.159309
v -0.565831 0.1013371 -0.1701934
v -0.5410981 0.08821353 -0.1701934
v -0.5370175 0.08580709 -0.159309
v -0.5410981 0.08821353 -0.159309
v -0.5370175 0.08580709 -0.1701934
v -0.565831 0.1013371 -0.1810777
v -0.5410981 0.08821353 -0.1810777
v -0.5410981 0.08821353 -0.1701934
v -0.565831 0.1013371 -0.1701934
v -0.5410981 0.08821353 -0.1810777
v -0.5370175 0.08580709 -0.1701934
v -0.5370175 0.08580709 -0.1810777
v -0.5370175 0.100039 -0.1546256
v -0.5370175 0.08580709 -0.1546256
v -0.5410981 0.100039 -0.1546256
v -0.5731596 0.1267055 -0.1546256
v -0.5731596 0.1049751 -0.1546256
v -0.5370175 0.100039 -0.1857612
v -0.5410981 0.100039 -0.1857612
v -0.5370175 0.08580709 -0.1857612
v -0.5731596 0.1267055 -0.1857612
v -0.5731596 0.1049751 -0.1857612
v -0.5410981 0.08821353 -0.159309
v -0.5370175 0.08580709 -0.159309
v -0.5410981 0.100039 -0.159309
v -0.5370175 0.100039 -0.159309
v -0.5370175 0.100039 -0.1810777
v -0.5370175 0.100039 -0.1857612
v -0.5370175 0.08580709 -0.1857612
v -0.5370175 0.08580709 -0.1810777
v -0.5689145 0.1253215 -0.159309
v -0.5689145 0.1253215 -0.1701934
v -0.565831 0.1013371 -0.1701934
v -0.565831 0.1013371 -0.159309
v -0.5689145 0.1253215 -0.1701934
v -0.5689145 0.1253215 -0.1810777
v -0.565831 0.1013371 -0.1810777
v -0.565831 0.1013371 -0.1701934
v -0.5410981 0.100039 -0.159309
v -0.5689145 0.1253215 -0.159309
v -0.565831 0.1013371 -0.159309
v -0.5410981 0.08821353 -0.159309
v -0.5370175 0.100039 -0.1546256
v -0.5370175 0.100039 -0.159309
v -0.5370175 0.08580709 -0.159309
v -0.5370175 0.08580709 -0.1546256
v -0.5689145 0.1253215 -0.1810777
v -0.5410981 0.100039 -0.1810777
v -0.5410981 0.08821353 -0.1810777
v -0.565831 0.1013371 -0.1810777
v -0.5370175 0.100039 -0.1810777
v -0.5370175 0.08580709 -0.1810777
v -0.5410981 0.100039 -0.1810777
v -0.5410981 0.08821353 -0.1810777
v -0.5731596 0.1267055 -0.1546256
v -0.5731596 0.1267055 -0.1701934
v -0.5689145 0.1253215 -0.1701934
v -0.5689145 0.1253215 -0.159309
v -0.5731596 0.1267055 -0.1701934
v -0.5731596 0.1267055 -0.1857612
v -0.5689145 0.1253215 -0.1810777
v -0.5689145 0.1253215 -0.1701934
v -0.5410981 0.100039 -0.1546256
v -0.5731596 0.1267055 -0.1546256
v -0.5689145 0.1253215 -0.159309
v -0.5410981 0.100039 -0.159309
v -0.5370175 0.100039 -0.1546256
v -0.5410981 0.100039 -0.1546256
v -0.5410981 0.100039 -0.159309
v -0.5370175 0.100039 -0.159309
v -0.5731596 0.1267055 -0.1857612
v -0.5410981 0.100039 -0.1857612
v -0.5410981 0.100039 -0.1810777
v -0.5689145 0.1253215 -0.1810777
v -0.5410981 0.100039 -0.1857612
v -0.5370175 0.100039 -0.1857612
v -0.5370175 0.100039 -0.1810777
v -0.5410981 0.100039 -0.1810777
v -0.5731596 0.1049751 -0.1546256
v -0.5731596 0.1049751 -0.1701934
v -0.5731596 0.1267055 -0.1701934
v -0.5731596 0.1267055 -0.1546256
v -0.5731596 0.1049751 -0.1701934
v -0.5731596 0.1049751 -0.1857612
v -0.5731596 0.1267055 -0.1857612
v -0.5731596 0.1267055 -0.1701934
v -0.3532568 0.08821353 -0.7277039
v -0.3532568 0.1013371 -0.7524368
v -0.3423724 0.1013371 -0.7524368
v -0.3423724 0.08821353 -0.7277039
v -0.3532568 0.08580709 -0.7236233
v -0.3532568 0.08821353 -0.7277039
v -0.3423724 0.08580709 -0.7236233
v -0.3314881 0.1013371 -0.7524368
v -0.3314881 0.08821353 -0.7277039
v -0.3423724 0.08821353 -0.7277039
v -0.3423724 0.1013371 -0.7524368
v -0.3314881 0.08821353 -0.7277039
v -0.3423724 0.08580709 -0.7236233
v -0.3314881 0.08580709 -0.7236233
v -0.3579402 0.100039 -0.7236233
v -0.3579402 0.08580709 -0.7236233
v -0.3579402 0.100039 -0.7277039
v -0.3579402 0.1267055 -0.7597653
v -0.3579402 0.1049751 -0.7597653
v -0.3268046 0.100039 -0.7236233
v -0.3268046 0.100039 -0.7277039
v -0.3268046 0.08580709 -0.7236233
v -0.3268046 0.1267055 -0.7597653
v -0.3268046 0.1049751 -0.7597653
v -0.3532568 0.08821353 -0.7277039
v -0.3532568 0.08580709 -0.7236233
v -0.3532568 0.100039 -0.7277039
v -0.3532568 0.100039 -0.7236233
v -0.3314881 0.100039 -0.7236233
v -0.3268046 0.100039 -0.7236233
v -0.3268046 0.08580709 -0.7236233
v -0.3314881 0.08580709 -0.7236233
v -0.3532568 0.1253215 -0.7555203
v -0.3423724 0.1253215 -0.7555203
v -0.3423724 0.1013371 -0.7524368
v -0.3532568 0.1013371 -0.7524368
v -0.3423724 0.1253215 -0.7555203
v -0.3314881 0.1253215 -0.7555204
v -0.3314881 0.1013371 -0.7524368
v -0.3423724 0.1013371 -0.7524368
v -0.3532568 0.100039 -0.7277039
v -0.3532568 0.1253215 -0.7555203
v -0.3532568 0.1013371 -0.7524368
v -0.3532568 0.08821353 -0.7277039
v -0.3579402 0.100039 -0.7236233
v -0.3532568 0.100039 -0.7236233
v -0.3532568 0.08580709 -0.7236233
v -0.3579402 0.08580709 -0.7236233
v -0.3314881 0.1253215 -0.7555204
v -0.3314881 0.100039 -0.7277039
v -0.3314881 0.08821353 -0.7277039
v -0.3314881 0.1013371 -0.7524368
v -0.3314881 0.100039 -0.7236233
v -0.3314881 0.08580709 -0.7236233
v -0.3314881 0.100039 -0.7277039
v -0.3314881 0.08821353 -0.7277039
v -0.3579402 0.1267055 -0.7597653
v -0.3423724 0.1267055 -0.7597653
v -0.3423724 0.1253215 -0.7555203
v -0.3532568 0.1253215 -0.7555203
v -0.3423724 0.1267055 -0.7597653
v -0.3268046 0.1267055 -0.7597653
v -0.3314881 0.1253215 -0.7555204
v -0.3423724 0.1253215 -0.7555203
v -0.3579402 0.100039 -0.7277039
v -0.3579402 0.1267055 -0.7597653
v -0.3532568 0.1253215 -0.7555203
v -0.3532568 0.100039 -0.7277039
v -0.3579402 0.100039 -0.7236233
v -0.3579402 0.100039 -0.7277039
v -0.3532568 0.100039 -0.7277039
v -0.3532568 0.100039 -0.7236233
v -0.3268046 0.1267055 -0.7597653
v -0.3268046 0.100039 -0.7277039
v -0.3314881 0.100039 -0.7277039
v -0.3314881 0.1253215 -0.7555204
v -0.3268046 0.100039 -0.7277039
v -0.3268046 0.100039 -0.7236233
v -0.3314881 0.100039 -0.7236233
v -0.3314881 0.100039 -0.7277039
v -0.3579402 0.1049751 -0.7597653
v -0.3423724 0.1049751 -0.7597653
v -0.3423724 0.1267055 -0.7597653
v -0.3579402 0.1267055 -0.7597653
v -0.3423724 0.1049751 -0.7597653
v -0.3268046 0.1049751 -0.7597653
v -0.3268046 0.1267055 -0.7597653
v -0.3423724 0.1267055 -0.7597653
v -0.18188 0.08821353 -0.7277039
v -0.18188 0.1013371 -0.7524368
v -0.1709956 0.1013371 -0.7524368
v -0.1709956 0.08821353 -0.7277039
v -0.18188 0.08580709 -0.7236233
v -0.18188 0.08821353 -0.7277039
v -0.1709956 0.08580709 -0.7236233
v -0.1601112 0.1013371 -0.7524368
v -0.1601112 0.08821353 -0.7277039
v -0.1709956 0.08821353 -0.7277039
v -0.1709956 0.1013371 -0.7524368
v -0.1601112 0.08821353 -0.7277039
v -0.1709956 0.08580709 -0.7236233
v -0.1601112 0.08580709 -0.7236233
v -0.1865634 0.100039 -0.7236233
v -0.1865634 0.08580709 -0.7236233
v -0.1865634 0.100039 -0.7277039
v -0.1865634 0.1267055 -0.7597653
v -0.1865634 0.1049751 -0.7597653
v -0.1554278 0.100039 -0.7236233
v -0.1554278 0.100039 -0.7277039
v -0.1554278 0.08580709 -0.7236233
v -0.1554278 0.1267055 -0.7597653
v -0.1554278 0.1049751 -0.7597653
v -0.18188 0.08821353 -0.7277039
v -0.18188 0.08580709 -0.7236233
v -0.18188 0.100039 -0.7277039
v -0.18188 0.100039 -0.7236233
v -0.1601112 0.100039 -0.7236233
v -0.1554278 0.100039 -0.7236233
v -0.1554278 0.08580709 -0.7236233
v -0.1601112 0.08580709 -0.7236233
v -0.18188 0.1253215 -0.7555203
v -0.1709956 0.1253215 -0.7555203
v -0.1709956 0.1013371 -0.7524368
v -0.18188 0.1013371 -0.7524368
v -0.1709956 0.1253215 -0.7555203
v -0.1601112 0.1253215 -0.7555204
v -0.1601112 0.1013371 -0.7524368
v -0.1709956 0.1013371 -0.7524368
v -0.18188 0.100039 -0.7277039
v -0.18188 0.1253215 -0.7555203
v -0.18188 0.1013371 -0.7524368
v -0.18188 0.08821353 -0.7277039
v -0.1865634 0.100039 -0.7236233
v -0.18188 0.100039 -0.7236233
v -0.18188 0.08580709 -0.7236233
v -0.1865634 0.08580709 -0.7236233
v -0.1601112 0.1253215 -0.7555204
v -0.1601112 0.100039 -0.7277039
v -0.1601112 0.08821353 -0.7277039
v -0.1601112 0.1013371 -0.7524368
v -0.1601112 0.100039 -0.7236233
v -0.1601112 0.08580709 -0.7236233
v -0.1601112 0.100039 -0.7277039
v -0.1601112 0.08821353 -0.7277039
v -0.1865634 0.1267055 -0.7597653
v -0.1709956 0.1267055 -0.7597653
v -0.1709956 0.1253215 -0.7555203
v -0.18188 0.1253215 -0.7555203
v -0.1709956 0.1267055 -0.7597653
v -0.1554278 0.1267055 -0.7597653
v -0.1601112 0.1253215 -0.7555204
v -0.1709956 0.1253215 -0.7555203
v -0.1865634 0.100039 -0.7277039
v -0.1865634 0.1267055 -0.7597653
v -0.18188 0.1253215 -0.7555203
v -0.18188 0.100039 -0.7277039
v -0.1865634 0.100039 -0.7236233
v -0.1865634 0.100039 -0.7277039
v -0.18188 0.100039 -0.7277039
v -0.18188 0.100039 -0.7236233
v -0.1554278 0.1267055 -0.7597653
v -0.1554278 0.100039 -0.7277039
v -0.1601112 0.100039 -0.7277039
v -0.1601112 0.1253215 -0.7555204
v -0.1554278 0.100039 -0.7277039
v -0.1554278 0.100039 -0.7236233
v -0.1601112 0.100039 -0.7236233
v -0.1601112 0.100039 -0.7277039
v -0.1865634 0.1049751 -0.7597653
v -0.1709956 0.1049751 -0.7597653
v -0.1709956 0.1267055 -0.7597653
v -0.1865634 0.1267055 -0.7597653
v -0.1709956 0.1049751 -0.7597653
v -0.1554278 0.1049751 -0.7597653
v -0.1554278 0.1267055 -0.7597653
v -0.1709956 0.1267055 -0.7597653
v 0.5404105 0.08821353 -0.5131224
v 0.5646352 0.1013371 -0.5250953
v 0.5651188 0.1013371 -0.5142217
v 0.5399266 0.08821353 -0.5239959
v 0.5363339 0.08580709 -0.512941
v 0.5358502 0.08580709 -0.5238146
v 0.5404105 0.08821353 -0.5131224
v 0.5641513 0.1013371 -0.5359689
v 0.5646352 0.1013371 -0.5250953
v 0.5399266 0.08821353 -0.5239959
v 0.539443 0.08821353 -0.5348696
v 0.539443 0.08821353 -0.5348696
v 0.5358502 0.08580709 -0.5238146
v 0.5353664 0.08580709 -0.5346882
v 0.5365421 0.100039 -0.5082622
v 0.5406187 0.100039 -0.5084435
v 0.5365421 0.08580709 -0.5082622
v 0.5726484 0.1267055 -0.5098686
v 0.5726484 0.1049751 -0.5098686
v 0.5351582 0.100039 -0.539367
v 0.5351582 0.08580709 -0.539367
v 0.5392347 0.100039 -0.5395484
v 0.5712646 0.1267055 -0.5409734
v 0.5712646 0.1049751 -0.5409734
v 0.5404105 0.08821353 -0.5131224
v 0.5404105 0.100039 -0.5131224
v 0.5363339 0.08580709 -0.512941
v 0.5363339 0.100039 -0.512941
v 0.5353664 0.100039 -0.5346882
v 0.5353664 0.08580709 -0.5346882
v 0.5351582 0.08580709 -0.539367
v 0.5351582 0.100039 -0.539367
v 0.5681994 0.1253215 -0.5143588
v 0.5651188 0.1013371 -0.5142217
v 0.5646352 0.1013371 -0.5250953
v 0.5677156 0.1253215 -0.5252324
v 0.5677156 0.1253215 -0.5252324
v 0.5646352 0.1013371 -0.5250953
v 0.5641513 0.1013371 -0.5359689
v 0.5672318 0.1253215 -0.5361059
v 0.5404105 0.100039 -0.5131224
v 0.5404105 0.08821353 -0.5131224
v 0.5651188 0.1013371 -0.5142217
v 0.5681994 0.1253215 -0.5143588
v 0.5365421 0.100039 -0.5082622
v 0.5365421 0.08580709 -0.5082622
v 0.5363339 0.08580709 -0.512941
v 0.5363339 0.100039 -0.512941
v 0.5672318 0.1253215 -0.5361059
v 0.5641513 0.1013371 -0.5359689
v 0.539443 0.08821353 -0.5348696
v 0.539443 0.100039 -0.5348696
v 0.5353664 0.100039 -0.5346882
v 0.539443 0.100039 -0.5348696
v 0.5353664 0.08580709 -0.5346882
v 0.539443 0.08821353 -0.5348696
v 0.5726484 0.1267055 -0.5098686
v 0.5681994 0.1253215 -0.5143588
v 0.5677156 0.1253215 -0.5252324
v 0.5719564 0.1267055 -0.5254211
v 0.5719564 0.1267055 -0.5254211
v 0.5677156 0.1253215 -0.5252324
v 0.5672318 0.1253215 -0.5361059
v 0.5712646 0.1267055 -0.5409734
v 0.5406187 0.100039 -0.5084435
v 0.5404105 0.100039 -0.5131224
v 0.5681994 0.1253215 -0.5143588
v 0.5726484 0.1267055 -0.5098686
v 0.5365421 0.100039 -0.5082622
v 0.5363339 0.100039 -0.512941
v 0.5404105 0.100039 -0.5131224
v 0.5406187 0.100039 -0.5084435
v 0.5712646 0.1267055 -0.5409734
v 0.5672318 0.1253215 -0.5361059
v 0.539443 0.100039 -0.5348696
v 0.5392347 0.100039 -0.5395484
v 0.5392347 0.100039 -0.5395484
v 0.539443 0.100039 -0.5348696
v 0.5353664 0.100039 -0.5346882
v 0.5351582 0.100039 -0.539367
v 0.5726484 0.1049751 -0.5098686
v 0.5726484 0.1267055 -0.5098686
v 0.5719564 0.1267055 -0.5254211
v 0.5719564 0.1049751 -0.5254211
v 0.5719564 0.1049751 -0.5254211
v 0.5719564 0.1267055 -0.5254211
v 0.5712646 0.1267055 -0.5409734
v 0.5712646 0.1049751 -0.5409734
v 0.5410981 0.08821353 -0.159309
v 0.565831 0.1013371 -0.1701934
v 0.565831 0.1013371 -0.159309
v 0.5410981 0.08821353 -0.1701934
v 0.5370175 0.08580709 -0.159309
v 0.5370175 0.08580709 -0.1701934
v 0.5410981 0.08821353 -0.159309
v 0.565831 0.1013371 -0.1810777
v 0.565831 0.1013371 -0.1701934
v 0.5410981 0.08821353 -0.1701934
v 0.5410981 0.08821353 -0.1810777
v 0.5410981 0.08821353 -0.1810777
v 0.5370175 0.08580709 -0.1701934
v 0.5370175 0.08580709 -0.1810777
v 0.5370175 0.100039 -0.1546256
v 0.5410981 0.100039 -0.1546256
v 0.5370175 0.08580709 -0.1546256
v 0.5731596 0.1267055 -0.1546256
v 0.5731596 0.1049751 -0.1546256
v 0.5370175 0.100039 -0.1857612
v 0.5370175 0.08580709 -0.1857612
v 0.5410981 0.100039 -0.1857612
v 0.5731596 0.1267055 -0.1857612
v 0.5731596 0.1049751 -0.1857612
v 0.5410981 0.08821353 -0.159309
v 0.5410981 0.100039 -0.159309
v 0.5370175 0.08580709 -0.159309
v 0.5370175 0.100039 -0.159309
v 0.5370175 0.100039 -0.1810777
v 0.5370175 0.08580709 -0.1810777
v 0.5370175 0.08580709 -0.1857612
v 0.5370175 0.100039 -0.1857612
v 0.5689145 0.1253215 -0.159309
v 0.565831 0.1013371 -0.159309
v 0.565831 0.1013371 -0.1701934
v 0.5689145 0.1253215 -0.1701934
v 0.5689145 0.1253215 -0.1701934
v 0.565831 0.1013371 -0.1701934
v 0.565831 0.1013371 -0.1810777
v 0.5689145 0.1253215 -0.1810777
v 0.5410981 0.100039 -0.159309
v 0.5410981 0.08821353 -0.159309
v 0.565831 0.1013371 -0.159309
v 0.5689145 0.1253215 -0.159309
v 0.5370175 0.100039 -0.1546256
v 0.5370175 0.08580709 -0.1546256
v 0.5370175 0.08580709 -0.159309
v 0.5370175 0.100039 -0.159309
v 0.5689145 0.1253215 -0.1810777
v 0.565831 0.1013371 -0.1810777
v 0.5410981 0.08821353 -0.1810777
v 0.5410981 0.100039 -0.1810777
v 0.5370175 0.100039 -0.1810777
v 0.5410981 0.100039 -0.1810777
v 0.5370175 0.08580709 -0.1810777
v 0.5410981 0.08821353 -0.1810777
v 0.5731596 0.1267055 -0.1546256
v 0.5689145 0.1253215 -0.159309
v 0.5689145 0.1253215 -0.1701934
v 0.5731596 0.1267055 -0.1701934
v 0.5731596 0.1267055 -0.1701934
v 0.5689145 0.1253215 -0.1701934
v 0.5689145 0.1253215 -0.1810777
v 0.5731596 0.1267055 -0.1857612
v 0.5410981 0.100039 -0.1546256
v 0.5410981 0.100039 -0.159309
v 0.5689145 0.1253215 -0.159309
v 0.5731596 0.1267055 -0.1546256
v 0.5370175 0.100039 -0.1546256
v 0.5370175 0.100039 -0.159309
v 0.5410981 0.100039 -0.159309
v 0.5410981 0.100039 -0.1546256
v 0.5731596 0.1267055 -0.1857612
v 0.5689145 0.1253215 -0.1810777
v 0.5410981 0.100039 -0.1810777
v 0.5410981 0.100039 -0.1857612
v 0.5410981 0.100039 -0.1857612
v 0.5410981 0.100039 -0.1810777
v 0.5370175 0.100039 -0.1810777
v 0.5370175 0.100039 -0.1857612
v 0.5731596 0.1049751 -0.1546256
v 0.5731596 0.1267055 -0.1546256
v 0.5731596 0.1267055 -0.1701934
v 0.5731596 0.1049751 -0.1701934
v 0.5731596 0.1049751 -0.1701934
v 0.5731596 0.1267055 -0.1701934
v 0.5731596 0.1267055 -0.1857612
v 0.5731596 0.1049751 -0.1857612
v 0.3532568 0.08821353 -0.7277039
v 0.3423724 0.1013371 -0.7524368
v 0.3532568 0.1013371 -0.7524368
v 0.3423724 0.08821353 -0.7277039
v 0.3532568 0.08580709 -0.7236233
v 0.3423724 0.08580709 -0.7236233
v 0.3532568 0.08821353 -0.7277039
v 0.3314881 0.1013371 -0.7524368
v 0.3423724 0.1013371 -0.7524368
v 0.3423724 0.08821353 -0.7277039
v 0.3314881 0.08821353 -0.7277039
v 0.3314881 0.08821353 -0.7277039
v 0.3423724 0.08580709 -0.7236233
v 0.3314881 0.08580709 -0.7236233
v 0.3579402 0.100039 -0.7236233
v 0.3579402 0.100039 -0.7277039
v 0.3579402 0.08580709 -0.7236233
v 0.3579402 0.1267055 -0.7597653
v 0.3579402 0.1049751 -0.7597653
v 0.3268046 0.100039 -0.7236233
v 0.3268046 0.08580709 -0.7236233
v 0.3268046 0.100039 -0.7277039
v 0.3268046 0.1267055 -0.7597653
v 0.3268046 0.1049751 -0.7597653
v 0.3532568 0.08821353 -0.7277039
v 0.3532568 0.100039 -0.7277039
v 0.3532568 0.08580709 -0.7236233
v 0.3532568 0.100039 -0.7236233
v 0.3314881 0.100039 -0.7236233
v 0.3314881 0.08580709 -0.7236233
v 0.3268046 0.08580709 -0.7236233
v 0.3268046 0.100039 -0.7236233
v 0.3532568 0.1253215 -0.7555203
v 0.3532568 0.1013371 -0.7524368
v 0.3423724 0.1013371 -0.7524368
v 0.3423724 0.1253215 -0.7555203
v 0.3423724 0.1253215 -0.7555203
v 0.3423724 0.1013371 -0.7524368
v 0.3314881 0.1013371 -0.7524368
v 0.3314881 0.1253215 -0.7555204
v 0.3532568 0.100039 -0.7277039
v 0.3532568 0.08821353 -0.7277039
v 0.3532568 0.1013371 -0.7524368
v 0.3532568 0.1253215 -0.7555203
v 0.3579402 0.100039 -0.7236233
v 0.3579402 0.08580709 -0.7236233
v 0.3532568 0.08580709 -0.7236233
v 0.3532568 0.100039 -0.7236233
v 0.3314881 0.1253215 -0.7555204
v 0.3314881 0.1013371 -0.7524368
v 0.3314881 0.08821353 -0.7277039
v 0.3314881 0.100039 -0.7277039
v 0.3314881 0.100039 -0.7236233
v 0.3314881 0.100039 -0.7277039
v 0.3314881 0.08580709 -0.7236233
v 0.3314881 0.08821353 -0.7277039
v 0.3579402 0.1267055 -0.7597653
v 0.3532568 0.1253215 -0.7555203
v 0.3423724 0.1253215 -0.7555203
v 0.3423724 0.1267055 -0.7597653
v 0.3423724 0.1267055 -0.7597653
v 0.3423724 0.1253215 -0.7555203
v 0.3314881 0.1253215 -0.7555204
v 0.3268046 0.1267055 -0.7597653
v 0.3579402 0.100039 -0.7277039
v 0.3532568 0.100039 -0.7277039
v 0.3532568 0.1253215 -0.7555203
v 0.3579402 0.1267055 -0.7597653
v 0.3579402 0.100039 -0.7236233
v 0.3532568 0.100039 -0.7236233
v 0.3532568 0.100039 -0.7277039
v 0.3579402 0.100039 -0.7277039
v 0.3268046 0.1267055 -0.7597653
v 0.3314881 0.1253215 -0.7555204
v 0.3314881 0.100039 -0.7277039
v 0.3268046 0.100039 -0.7277039
v 0.3268046 0.100039 -0.7277039
v 0.3314881 0.100039 -0.7277039
v 0.3314881 0.100039 -0.7236233
v 0.3268046 0.100039 -0.7236233
v 0.3579402 0.1049751 -0.7597653
v 0.3579402 0.1267055 -0.7597653
v 0.3423724 0.1267055 -0.7597653
v 0.3423724 0.1049751 -0.7597653
v 0.3423724 0.1049751 -0.7597653
v 0.3423724 0.1267055 -0.7597653
v 0.3268046 0.1267055 -0.7597653
v 0.3268046 0.1049751 -0.7597653
v 0.18188 0.08821353 -0.7277039
v 0.1709956 0.1013371 -0.7524368
v 0.18188 0.1013371 -0.7524368
v 0.1709956 0.08821353 -0.7277039
v 0.18188 0.08580709 -0.7236233
v 0.1709956 0.08580709 -0.7236233
v 0.18188 0.08821353 -0.7277039
v 0.1601112 0.1013371 -0.7524368
v 0.1709956 0.1013371 -0.7524368
v 0.1709956 0.08821353 -0.7277039
v 0.1601112 0.08821353 -0.7277039
v 0.1601112 0.08821353 -0.7277039
v 0.1709956 0.08580709 -0.7236233
v 0.1601112 0.08580709 -0.7236233
v 0.1865634 0.100039 -0.7236233
v 0.1865634 0.100039 -0.7277039
v 0.1865634 0.08580709 -0.7236233
v 0.1865634 0.1267055 -0.7597653
v 0.1865634 0.1049751 -0.7597653
v 0.1554278 0.100039 -0.7236233
v 0.1554278 0.08580709 -0.7236233
v 0.1554278 0.100039 -0.7277039
v 0.1554278 0.1267055 -0.7597653
v 0.1554278 0.1049751 -0.7597653
v 0.18188 0.08821353 -0.7277039
v 0.18188 0.100039 -0.7277039
v 0.18188 0.08580709 -0.7236233
v 0.18188 0.100039 -0.7236233
v 0.1601112 0.100039 -0.7236233
v 0.1601112 0.08580709 -0.7236233
v 0.1554278 0.08580709 -0.7236233
v 0.1554278 0.100039 -0.7236233
v 0.18188 0.1253215 -0.7555203
v 0.18188 0.1013371 -0.7524368
v 0.1709956 0.1013371 -0.7524368
v 0.1709956 0.1253215 -0.7555203
v 0.1709956 0.1253215 -0.7555203
v 0.1709956 0.1013371 -0.7524368
v 0.1601112 0.1013371 -0.7524368
v 0.1601112 0.1253215 -0.7555204
v 0.18188 0.100039 -0.7277039
v 0.18188 0.08821353 -0.7277039
v 0.18188 0.1013371 -0.7524368
v 0.18188 0.1253215 -0.7555203
v 0.1865634 0.100039 -0.7236233
v 0.1865634 0.08580709 -0.7236233
v 0.18188 0.08580709 -0.7236233
v 0.18188 0.100039 -0.7236233
v 0.1601112 0.1253215 -0.7555204
v 0.1601112 0.1013371 -0.7524368
v 0.1601112 0.08821353 -0.7277039
v 0.1601112 0.100039 -0.7277039
v 0.1601112 0.100039 -0.7236233
v 0.1601112 0.100039 -0.7277039
v 0.1601112 0.08580709 -0.7236233
v 0.1601112 0.08821353 -0.7277039
v 0.1865634 0.1267055 -0.7597653
v 0.18188 0.1253215 -0.7555203
v 0.1709956 0.1253215 -0.7555203
v 0.1709956 0.1267055 -0.7597653
v 0.1709956 0.1267055 -0.7597653
v 0.1709956 0.1253215 -0.7555203
v 0.1601112 0.1253215 -0.7555204
v 0.1554278 0.1267055 -0.7597653
v 0.1865634 0.100039 -0.7277039
v 0.18188 0.100039 -0.7277039
v 0.18188 0.1253215 -0.7555203
v 0.1865634 0.1267055 -0.7597653
v 0.1865634 0.100039 -0.7236233
v 0.18188 0.100039 -0.7236233
v 0.18188 0.100039 -0.7277039
v 0.1865634 0.100039 -0.7277039
v 0.1554278 0.1267055 -0.7597653
v 0.1601112 0.1253215 -0.7555204
v 0.1601112 0.100039 -0.7277039
v 0.1554278 0.100039 -0.7277039
v 0.1554278 0.100039 -0.7277039
v 0.1601112 0.100039 -0.7277039
v 0.1601112 0.100039 -0.7236233
v 0.1554278 0.100039 -0.7236233
v 0.1865634 0.1049751 -0.7597653
v 0.1865634 0.1267055 -0.7597653
v 0.1709956 0.1267055 -0.7597653
v 0.1709956 0.1049751 -0.7597653
v 0.1709956 0.1049751 -0.7597653
v 0.1709956 0.1267055 -0.7597653
v 0.1554278 0.1267055 -0.7597653
v 0.1554278 0.1049751 -0.7597653
v -0.382403 0.004944185 0.1008
v -0.382403 8.094468E-10 0.1008
v -0.4043407 8.094468E-10 0.1008
v -0.4030269 0.004944185 0.1008
v -0.3992981 0.01063796 0.1008
v -0.3943863 0.01418714 0.1008
v -0.3874709 0.01634905 0.1008
v -0.3787841 0.01696705 0.1008
v -0.3873109 8.094472E-10 0.0997
v -0.3953075 0.004944185 0.0997
v -0.3953075 0.004944185 0.0271
v -0.3873109 8.094472E-10 0.0271
v -0.4043407 8.094313E-10 0.0997
v -0.4030269 0.004944185 0.1008
v -0.4043407 8.094468E-10 0.1008
v -0.4030269 0.004944185 0.0997
v -0.4043407 8.090518E-10 0.0271
v -0.3992981 0.01063796 0.1008
v -0.4030269 0.004944185 0.0271
v -0.399298 0.01063786 0.0997
v -0.3992957 0.01063495 0.0271
v -0.3953075 0.004944185 0.0997
v -0.3897293 0.01098519 0.0997
v -0.3897293 0.01098519 0.0271
v -0.3953075 0.004944185 0.0271
v -0.399298 0.01063786 0.0997
v -0.3943863 0.01418714 0.1008
v -0.3992981 0.01063796 0.1008
v -0.3943863 0.01418714 0.0997
v -0.3992957 0.01063495 0.0271
v -0.3943863 0.01418714 0.0271
v -0.3874709 0.01634905 0.0271
v -0.3874709 0.01634905 0.0997
v -0.3874709 0.01634905 0.1008
v -0.3787841 0.01696705 0.1008
v -0.3787841 0.01696705 0.0997
v -0.3787841 0.01696705 0.0271
v -0.382403 0.004944185 0.1008
v -0.3824084 8.094468E-10 0.0997
v -0.382403 8.094468E-10 0.1008
v -0.3824459 0.004944185 0.0997
v -0.3787841 0.01696705 0.1008
v -0.3791977 0.0155669 0.0997
v -0.3787841 0.01696705 0.0997
v -0.3791977 0.0155669 0.0997
v -0.3787841 0.01696705 0.1008
v -0.3787841 0.01696705 0.0271
v -0.3791977 0.0155669 0.0271
v -0.3824459 0.004944185 0.0997
v -0.3873109 8.094472E-10 0.0997
v -0.3824084 8.094468E-10 0.0997
v -0.3953075 0.004944185 0.0997
v -0.3791977 0.0155669 0.0997
v -0.3897293 0.01098519 0.0997
v -0.3791977 0.0155669 0.0271
v -0.3897293 0.01098519 0.0271
v -0.3897293 0.01098519 0.0997
v -0.3791977 0.0155669 0.0997
v -0.382403 0.004944185 0.026
v -0.4043407 8.094472E-10 0.026
v -0.382403 8.094468E-10 0.026
v -0.4030269 0.004944185 0.026
v -0.3992981 0.01063796 0.026
v -0.3943863 0.01418714 0.026
v -0.3874709 0.01634905 0.026
v -0.3787841 0.01696705 0.026
v -0.4043407 8.090518E-10 0.0271
v -0.4043407 8.094472E-10 0.026
v -0.4030269 0.004944185 0.026
v -0.4030269 0.004944185 0.0271
v -0.3992981 0.01063796 0.026
v -0.3992957 0.01063495 0.0271
v -0.3874709 0.01634905 0.0271
v -0.3787841 0.01696705 0.026
v -0.3787841 0.01696705 0.0271
v -0.3874709 0.01634905 0.026
v -0.3943863 0.01418714 0.026
v -0.3943863 0.01418714 0.0271
v -0.3992957 0.01063495 0.0271
v -0.3992981 0.01063796 0.026
v -0.382403 0.004944185 0.026
v -0.382403 8.094468E-10 0.026
v -0.3824084 8.094468E-10 0.0271
v -0.3824459 0.004944185 0.0271
v -0.3787841 0.01696705 0.026
v -0.3791977 0.0155669 0.0271
v -0.3824459 0.004944185 0.0271
v -0.3824084 8.094468E-10 0.0271
v -0.3873109 8.094472E-10 0.0271
v -0.3953075 0.004944185 0.0271
v -0.3791977 0.0155669 0.0271
v -0.3897293 0.01098519 0.0271
v -0.382403 0.004944185 -0.026
v -0.382403 8.094468E-10 -0.026
v -0.4043407 8.094468E-10 -0.026
v -0.4030269 0.004944185 -0.026
v -0.3992981 0.01063796 -0.026
v -0.3943863 0.01418714 -0.026
v -0.3874709 0.01634905 -0.026
v -0.3787841 0.01696705 -0.026
v -0.3873109 8.094472E-10 -0.0271
v -0.3953075 0.004944185 -0.0271
v -0.3953075 0.004944185 -0.0997
v -0.3873109 8.094472E-10 -0.0997
v -0.4043407 8.094313E-10 -0.0271
v -0.4030269 0.004944185 -0.026
v -0.4043407 8.094468E-10 -0.026
v -0.4030269 0.004944185 -0.0271
v -0.4043407 8.090518E-10 -0.09969999
v -0.3992981 0.01063796 -0.026
v -0.4030269 0.004944185 -0.09969999
v -0.399298 0.01063786 -0.0271
v -0.3992957 0.01063495 -0.09969999
v -0.3953075 0.004944185 -0.0271
v -0.3897293 0.01098519 -0.0271
v -0.3897293 0.01098519 -0.0997
v -0.3953075 0.004944185 -0.0997
v -0.399298 0.01063786 -0.0271
v -0.3943863 0.01418714 -0.026
v -0.3992981 0.01063796 -0.026
v -0.3943863 0.01418714 -0.0271
v -0.3992957 0.01063495 -0.09969999
v -0.3943863 0.01418714 -0.09969999
v -0.3874709 0.01634905 -0.09969999
v -0.3874709 0.01634905 -0.0271
v -0.3874709 0.01634905 -0.026
v -0.3787841 0.01696705 -0.026
v -0.3787841 0.01696705 -0.0271
v -0.3787841 0.01696705 -0.09969999
v -0.382403 0.004944185 -0.026
v -0.3824084 8.094468E-10 -0.0271
v -0.382403 8.094468E-10 -0.026
v -0.3824459 0.004944185 -0.0271
v -0.3787841 0.01696705 -0.026
v -0.3791977 0.0155669 -0.0271
v -0.3787841 0.01696705 -0.0271
v -0.3791977 0.0155669 -0.0271
v -0.3787841 0.01696705 -0.026
v -0.3787841 0.01696705 -0.09969999
v -0.3791977 0.0155669 -0.09969999
v -0.3824459 0.004944185 -0.0271
v -0.3873109 8.094472E-10 -0.0271
v -0.3824084 8.094468E-10 -0.0271
v -0.3953075 0.004944185 -0.0271
v -0.3791977 0.0155669 -0.0271
v -0.3897293 0.01098519 -0.0271
v -0.3791977 0.0155669 -0.09969999
v -0.3897293 0.01098519 -0.0997
v -0.3897293 0.01098519 -0.0271
v -0.3791977 0.0155669 -0.0271
v -0.382403 0.004944185 -0.1008
v -0.4043407 8.094472E-10 -0.1008
v -0.382403 8.094468E-10 -0.1008
v -0.4030269 0.004944185 -0.1008
v -0.3992981 0.01063796 -0.1008
v -0.3943863 0.01418714 -0.1008
v -0.3874709 0.01634905 -0.1008
v -0.3787841 0.01696705 -0.1008
v -0.4043407 8.090518E-10 -0.09969999
v -0.4043407 8.094472E-10 -0.1008
v -0.4030269 0.004944185 -0.1008
v -0.4030269 0.004944185 -0.09969999
v -0.3992981 0.01063796 -0.1008
v -0.3992957 0.01063495 -0.09969999
v -0.3874709 0.01634905 -0.09969999
v -0.3787841 0.01696705 -0.1008
v -0.3787841 0.01696705 -0.09969999
v -0.3874709 0.01634905 -0.1008
v -0.3943863 0.01418714 -0.1008
v -0.3943863 0.01418714 -0.09969999
v -0.3992957 0.01063495 -0.09969999
v -0.3992981 0.01063796 -0.1008
v -0.382403 0.004944185 -0.1008
v -0.382403 8.094468E-10 -0.1008
v -0.3824084 8.094468E-10 -0.09969999
v -0.3824459 0.004944185 -0.09969999
v -0.3787841 0.01696705 -0.1008
v -0.3791977 0.0155669 -0.09969999
v -0.3824459 0.004944185 -0.09969999
v -0.3824084 8.094468E-10 -0.09969999
v -0.3873109 8.094472E-10 -0.0997
v -0.3953075 0.004944185 -0.0997
v -0.3791977 0.0155669 -0.09969999
v -0.3897293 0.01098519 -0.0997
v -0.405204 0.02 0.008839038
v -0.424865 0.01770869 0.01080065
v -0.424865 0.02 0.008839038
v -0.405204 0.01770869 0.01080064
v -0.405204 0 0.01080064
v -0.424865 0 0.01080064
v -0.4158592 0 0.008774076
v -0.4146118 0.01132809 0.008774076
v -0.4146118 0.01132809 0
v -0.4158592 0 0
v -0.405204 0.01770869 0.01080064
v -0.4039127 0 0.008774076
v -0.405204 0 0.01080064
v -0.4039127 0.01755757 0.008774076
v -0.405204 0.02 0.008839038
v -0.4039127 0.01755757 0
v -0.405204 0.02 0
v -0.4039127 0.01755757 -0.008716473
v -0.4146118 0.01132809 -0.008716473
v -0.4146118 0.01132809 0
v -0.4039127 0.01755757 0
v -0.4039127 0.01755757 0.008774076
v -0.4146118 0.01132809 0.008774076
v -0.4158592 0 0.008774076
v -0.4039127 0 0.008774076
v -0.424865 0.02 -0.008781437
v -0.405204 0.01770869 -0.01074304
v -0.405204 0.02 -0.008781437
v -0.424865 0.01770869 -0.01074304
v -0.405204 0 -0.01074304
v -0.424865 0 -0.01074304
v -0.405204 0.01770869 -0.01074304
v -0.405204 0 -0.01074304
v -0.4039127 0 -0.008716473
v -0.4039127 0.01755757 -0.008716473
v -0.405204 0.02 -0.008781437
v -0.4039127 0.01755757 0
v -0.405204 0.02 0
v -0.4039127 0.01755757 -0.008716473
v -0.4039127 0 -0.008716473
v -0.4158592 0 -0.008716473
v -0.4146118 0.01132809 -0.008716473
v -0.424865 0.02 -0.008781437
v -0.405204 0.02 -0.008781437
v -0.405204 0.02 0
v -0.424865 0.02 0
v -0.4146118 0.01132809 0
v -0.4146118 0.01132809 -0.008716473
v -0.4158592 0 -0.008716473
v -0.4158592 0 0
v -0.4146118 0.01132809 0
v -0.4146118 0.01132809 0.008774076
v -0.4039127 0.01755757 0.008774076
v -0.4039127 0.01755757 0
v -0.405204 0.02 0
v -0.405204 0.02 0.008839038
v -0.424865 0.02 0.008839038
v -0.424865 0.02 0
v -0.24 -0.00025 0.5949996
v -0.24 -0.00025 0.55
v -0.14 -0.00025 0.55
v -0.14 -0.00025 0.5949996
v 0.4050004 -0.00025 0.5949996
v 0.4050004 -0.00025 0.55
v 0.4893418 -0.00025 0.5945485
v 0.4893418 -0.00025 0.5245845
v 0.4050004 -0.00025 0.525
v 0.24 -0.00025 0.5949996
v 0.24 -0.00025 0.55
v 0.34 -0.00025 0.55
v 0.34 -0.00025 0.5949996
v 0.14 -0.00025 0.5949996
v 0.14 -0.00025 0.55
v 0.24 -0.00025 0.55
v 0.24 -0.00025 0.5949996
v -0.4893418 -0.00025 0.5245845
v -0.4050004 -0.00025 0.525
v -0.4050004 -0.00025 0.55
v -0.4893418 -0.00025 0.5945485
v -0.4050004 -0.00025 0.5949996
v 0.4893418 -0.00025 0.5945485
v 0.4893418 -0.00025 0.6550348
v 0.4050004 -0.00025 0.5949996
v 0.4052011 -0.00025 0.6550348
v -0.4050004 -0.00025 0.105
v -0.4050004 -0.00025 0
v -0.34 -0.00025 0
v -0.34 -0.00025 0.105
v -0.1400739 -0.00025 0.6550348
v -0.14 -0.00025 0.5949996
v -0.0366 -0.00025 0.5949996
v -0.03661932 -0.00025 0.6550348
v 0.14 -0.00025 0.5949996
v 0.1400739 -0.00025 0.6550348
v 0.03661932 -0.00025 0.6550348
v 0.0366 -0.00025 0.5949996
v -0.4050004 -0.00025 0.21
v -0.4050004 -0.00025 0.105
v -0.34 -0.00025 0.105
v -0.34 -0.00025 0.21
v -0.4050004 -0.00025 0.315
v -0.4050004 -0.00025 0.21
v -0.34 -0.00025 0.21
v -0.34 -0.00025 0.315
v -0.4050004 -0.00025 0.42
v -0.4050004 -0.00025 0.315
v -0.34 -0.00025 0.315
v -0.34 -0.00025 0.42
v -0.4050004 -0.00025 0.525
v -0.4050004 -0.00025 0.42
v -0.34 -0.00025 0.42
v -0.34 -0.00025 0.525
v 0.34 -0.00025 0.525
v 0.34 -0.00025 0.42
v 0.4050004 -0.00025 0.42
v 0.4050004 -0.00025 0.525
v -0.4893418 -0.00025 0.6550348
v -0.4893418 -0.00025 0.5945485
v -0.4050004 -0.00025 0.5949996
v -0.4052011 -0.00025 0.6550348
v -0.34 -0.00025 0.55
v -0.34 -0.00025 0.5949996
v -0.4050004 -0.00025 0.5949996
v -0.4050004 -0.00025 0.55
v -0.03661932 -0.00025 0.6550348
v -0.0366 -0.00025 0.5949996
v 0 -0.00025 0.5949996
v 0 -0.00025 0.6550348
v 0.34 -0.00025 0.42
v 0.34 -0.00025 0.315
v 0.4050004 -0.00025 0.315
v 0.4050004 -0.00025 0.42
v -0.24 -0.00025 0.5949996
v -0.2401267 -0.00025 0.6550348
v -0.3401795 -0.00025 0.6550348
v -0.34 -0.00025 0.5949996
v 0.34 -0.00025 0.315
v 0.34 -0.00025 0.21
v 0.4050004 -0.00025 0.21
v 0.4050004 -0.00025 0.315
v -0.4050004 -0.00025 -0.5949996
v -0.4050004 -0.00025 -0.55
v -0.4893418 -0.00025 -0.5945485
v -0.4893418 -0.00025 -0.5245845
v -0.4050004 -0.00025 -0.525
v 0.34 -0.00025 0.21
v 0.34 -0.00025 0.105
v 0.4050004 -0.00025 0.105
v 0.4050004 -0.00025 0.21
v 0.34 -0.00025 0.105
v 0.34 -0.00025 9.934108E-11
v 0.4050004 -0.00025 0
v 0.4050004 -0.00025 0.105
v 0.03661932 -0.00025 0.6550348
v 0 -0.00025 0.6550348
v 0 -0.00025 0.5949996
v 0.0366 -0.00025 0.5949996
v -0.4893418 -0.00025 -0.5945485
v -0.4893418 -0.00025 -0.6550348
v -0.4050004 -0.00025 -0.5949996
v -0.4052011 -0.00025 -0.6550348
v -0.4893418 -0.00025 0.5245845
v -0.4893418 -0.00025 0.4196676
v -0.4050004 -0.00025 0.42
v -0.4050004 -0.00025 0.525
v -0.4893418 -0.00025 0.4196676
v -0.4893418 -0.00025 0.3147507
v -0.4050004 -0.00025 0.315
v -0.4050004 -0.00025 0.42
v -1.829863E-06 -0.00025 -0.55
v -0.0366 -0.00025 -0.55
v -0.0366 -0.00025 -0.5949996
v 0 -0.00025 -0.5949996
v -0.4893418 -0.00025 0.3147507
v -0.4893418 -0.00025 0.2098338
v -0.4050004 -0.00025 0.21
v -0.4050004 -0.00025 0.315
v -0.4893418 -0.00025 0.2098338
v -0.4893418 -0.00025 0.1049169
v -0.4050004 -0.00025 0.105
v -0.4050004 -0.00025 0.21
v 0.34 -0.00025 0.525
v 0.4050004 -0.00025 0.525
v 0.4050004 -0.00025 0.55
v 0.34 -0.00025 0.55
v -0.4893418 -0.00025 0.1049169
v -0.4893418 -0.00025 -5.404897E-18
v -0.4050004 -0.00025 0
v -0.4050004 -0.00025 0.105
v 0.4050004 -0.00025 0.105
v 0.4050004 -0.00025 0
v 0.4893418 -0.00025 -5.404897E-18
v 0.4893418 -0.00025 0.1049169
v 0.4050004 -0.00025 0.21
v 0.4050004 -0.00025 0.105
v 0.4893418 -0.00025 0.1049169
v 0.4893418 -0.00025 0.2098338
v 0.4050004 -0.00025 0.315
v 0.4050004 -0.00025 0.21
v 0.4893418 -0.00025 0.2098338
v 0.4893418 -0.00025 0.3147507
v 0.4050004 -0.00025 0.42
v 0.4050004 -0.00025 0.315
v 0.4893418 -0.00025 0.3147507
v 0.4893418 -0.00025 0.4196676
v 0.4050004 -0.00025 0.525
v 0.4050004 -0.00025 0.42
v 0.4893418 -0.00025 0.4196676
v 0.4893418 -0.00025 0.5245845
v -0.4050004 -0.00025 0.525
v -0.34 -0.00025 0.525
v -0.34 -0.00025 0.55
v -0.4050004 -0.00025 0.55
v 0.0366 -0.00025 0.5949996
v 0.0366 -0.00025 0.55
v 0.14 -0.00025 0.55
v 0.14 -0.00025 0.5949996
v 0.4050004 -0.00025 0.5949996
v 0.34 -0.00025 0.5949996
v 0.34 -0.00025 0.55
v 0.4050004 -0.00025 0.55
v 0.34 -0.00025 -0.5949996
v 0.24 -0.00025 -0.5949996
v 0.2401267 -0.00025 -0.6550348
v 0.3401795 -0.00025 -0.6550348
v 0.0366 -0.00025 0.55
v 0.0366 -0.00025 0.5949996
v 0 -0.00025 0.5949996
v 0 -0.00025 0.55
v -0.14 -0.00025 -0.5949996
v -0.0366 -0.00025 -0.5949996
v -0.0366 -0.00025 -0.55
v -0.14 -0.00025 -0.55
v -0.34 -0.00025 0.5949996
v -0.34 -0.00025 0.55
v -0.24 -0.00025 0.55
v -0.24 -0.00025 0.5949996
v 0.1400739 -0.00025 0.6550348
v 0.14 -0.00025 0.5949996
v 0.24 -0.00025 0.5949996
v 0.2401267 -0.00025 0.6550348
v 0.34 -0.00025 0.5949996
v 0.3401795 -0.00025 0.6550348
v 0.2401267 -0.00025 0.6550348
v 0.24 -0.00025 0.5949996
v -0.2401267 -0.00025 0.6550348
v -0.24 -0.00025 0.5949996
v -0.14 -0.00025 0.5949996
v -0.1400739 -0.00025 0.6550348
v 0.1400739 -0.00025 -0.6550348
v 0.2401267 -0.00025 -0.6550348
v 0.24 -0.00025 -0.5949996
v 0.14 -0.00025 -0.5949996
v -0.14 -0.00025 0.5949996
v -0.14 -0.00025 0.55
v -0.0366 -0.00025 0.55
v -0.0366 -0.00025 0.5949996
v 0 -0.00025 0.55
v 0 -0.00025 0.5949996
v -0.0366 -0.00025 0.5949996
v -0.0366 -0.00025 0.55
v -0.24 -0.00025 -0.5949996
v -0.14 -0.00025 -0.5949996
v -0.14 -0.00025 -0.55
v -0.24 -0.00025 -0.55
v 0.4050004 -0.00025 -0.525
v 0.4050004 -0.00025 -0.55
v 0.4893418 -0.00025 -0.5245845
v 0.4893418 -0.00025 -0.5945485
v 0.4050004 -0.00025 -0.5949996
v 0.24 -0.00025 -0.5949996
v 0.34 -0.00025 -0.5949996
v 0.34 -0.00025 -0.55
v 0.24 -0.00025 -0.55
v 0.14 -0.00025 -0.5949996
v 0.24 -0.00025 -0.5949996
v 0.24 -0.00025 -0.55
v 0.14 -0.00025 -0.55
v 0.34 -0.00025 -0.5949996
v 0.3401795 -0.00025 -0.6550348
v 0.4052011 -0.00025 -0.6550348
v 0.4050004 -0.00025 -0.5949996
v 0.4893418 -0.00025 -0.6550348
v -0.4050004 -0.00025 -0.105
v -0.34 -0.00025 -0.105
v -0.34 -0.00025 0
v -0.4050004 -0.00025 0
v -0.1400739 -0.00025 -0.6550348
v -0.03661932 -0.00025 -0.6550348
v -0.0366 -0.00025 -0.5949996
v -0.14 -0.00025 -0.5949996
v 0.14 -0.00025 -0.5949996
v 0.0366 -0.00025 -0.5949996
v 0.03661932 -0.00025 -0.6550348
v 0.1400739 -0.00025 -0.6550348
v -0.4050004 -0.00025 -0.21
v -0.34 -0.00025 -0.21
v -0.34 -0.00025 -0.105
v -0.4050004 -0.00025 -0.105
v -0.4050004 -0.00025 -0.315
v -0.34 -0.00025 -0.315
v -0.34 -0.00025 -0.21
v -0.4050004 -0.00025 -0.21
v -0.4050004 -0.00025 -0.42
v -0.34 -0.00025 -0.42
v -0.34 -0.00025 -0.315
v -0.4050004 -0.00025 -0.315
v -0.4050004 -0.00025 -0.525
v -0.34 -0.00025 -0.525
v -0.34 -0.00025 -0.42
v -0.4050004 -0.00025 -0.42
v 0.34 -0.00025 -0.525
v 0.4050004 -0.00025 -0.525
v 0.4050004 -0.00025 -0.42
v 0.34 -0.00025 -0.42
v -0.34 -0.00025 -0.5949996
v -0.4050004 -0.00025 -0.5949996
v -0.4052011 -0.00025 -0.6550348
v -0.3401795 -0.00025 -0.6550348
v -0.34 -0.00025 -0.55
v -0.4050004 -0.00025 -0.55
v -0.4050004 -0.00025 -0.5949996
v -0.34 -0.00025 -0.5949996
v -0.03661932 -0.00025 -0.6550348
v 0 -0.00025 -0.6550348
v 0 -0.00025 -0.5949996
v -0.0366 -0.00025 -0.5949996
v -0.3401795 -0.00025 0.6550348
v -0.4052011 -0.00025 0.6550348
v -0.4050004 -0.00025 0.5949996
v -0.34 -0.00025 0.5949996
v 0.34 -0.00025 -0.42
v 0.4050004 -0.00025 -0.42
v 0.4050004 -0.00025 -0.315
v 0.34 -0.00025 -0.315
v -0.24 -0.00025 -0.5949996
v -0.34 -0.00025 -0.5949996
v -0.3401795 -0.00025 -0.6550348
v -0.2401267 -0.00025 -0.6550348
v 0.34 -0.00025 -0.315
v 0.4050004 -0.00025 -0.315
v 0.4050004 -0.00025 -0.21
v 0.34 -0.00025 -0.21
v 0.34 -0.00025 0.5949996
v 0.4050004 -0.00025 0.5949996
v 0.4052011 -0.00025 0.6550348
v 0.3401795 -0.00025 0.6550348
v 0.34 -0.00025 -0.21
v 0.4050004 -0.00025 -0.21
v 0.4050004 -0.00025 -0.105
v 0.34 -0.00025 -0.105
v 0.34 -0.00025 -0.105
v 0.4050004 -0.00025 -0.105
v 0.4050004 -0.00025 0
v 0.34 -0.00025 9.934108E-11
v 0.03661932 -0.00025 -0.6550348
v 0.0366 -0.00025 -0.5949996
v 0 -0.00025 -0.5949996
v 0 -0.00025 -0.6550348
v -0.4893418 -0.00025 -0.5245845
v -0.4050004 -0.00025 -0.525
v -0.4050004 -0.00025 -0.42
v -0.4893418 -0.00025 -0.4196676
v -0.4893418 -0.00025 -0.4196676
v -0.4050004 -0.00025 -0.42
v -0.4050004 -0.00025 -0.315
v -0.4893418 -0.00025 -0.3147507
v -0.4893418 -0.00025 -0.3147507
v -0.4050004 -0.00025 -0.315
v -0.4050004 -0.00025 -0.21
v -0.4893418 -0.00025 -0.2098338
v -0.4893418 -0.00025 -0.2098338
v -0.4050004 -0.00025 -0.21
v -0.4050004 -0.00025 -0.105
v -0.4893418 -0.00025 -0.1049169
v 0.34 -0.00025 -0.525
v 0.34 -0.00025 -0.55
v 0.4050004 -0.00025 -0.55
v 0.4050004 -0.00025 -0.525
v -0.4893418 -0.00025 -0.1049169
v -0.4050004 -0.00025 -0.105
v -0.4050004 -0.00025 0
v -0.4893418 -0.00025 -5.404897E-18
v 0.4050004 -0.00025 -0.105
v 0.4893418 -0.00025 -0.1049169
v 0.4893418 -0.00025 -5.404897E-18
v 0.4050004 -0.00025 0
v 0.4050004 -0.00025 -0.21
v 0.4893418 -0.00025 -0.2098338
v 0.4893418 -0.00025 -0.1049169
v 0.4050004 -0.00025 -0.105
v 0.4050004 -0.00025 -0.315
v 0.4893418 -0.00025 -0.3147507
v 0.4893418 -0.00025 -0.2098338
v 0.4050004 -0.00025 -0.21
v 0.4050004 -0.00025 -0.42
v 0.4893418 -0.00025 -0.4196676
v 0.4893418 -0.00025 -0.3147507
v 0.4050004 -0.00025 -0.315
v 0.4050004 -0.00025 -0.525
v 0.4893418 -0.00025 -0.5245845
v 0.4893418 -0.00025 -0.4196676
v 0.4050004 -0.00025 -0.42
v -0.4050004 -0.00025 -0.525
v -0.4050004 -0.00025 -0.55
v -0.34 -0.00025 -0.55
v -0.34 -0.00025 -0.525
v 0.0366 -0.00025 -0.5949996
v 0.14 -0.00025 -0.5949996
v 0.14 -0.00025 -0.55
v 0.0366 -0.00025 -0.55
v 0.4050004 -0.00025 -0.5949996
v 0.4050004 -0.00025 -0.55
v 0.34 -0.00025 -0.55
v 0.34 -0.00025 -0.5949996
v 0.0366 -0.00025 -0.55
v -1.829863E-06 -0.00025 -0.55
v 0 -0.00025 -0.5949996
v 0.0366 -0.00025 -0.5949996
v -0.2401267 -0.00025 -0.6550348
v -0.1400739 -0.00025 -0.6550348
v -0.14 -0.00025 -0.5949996
v -0.24 -0.00025 -0.5949996
v -0.34 -0.00025 -0.5949996
v -0.24 -0.00025 -0.5949996
v -0.24 -0.00025 -0.55
v -0.34 -0.00025 -0.55
v 0.7060795 0.175428 -0.1648148
v 0.7060745 0.175428 -0.1701148
v 0.7060745 0.1927617 -0.1701148
v 0.7062373 0.16227 -0.17
v 0.7060797 0.1927617 -0.1648148
v 0.7062373 0.20655 -0.17
v 0.7061505 0.175428 -0.09086487
v 0.7061504 0.1927617 -0.09086181
v 0.7062374 0.16227 -1.058791E-24
v 0.7062374 0.20655 -2.646978E-25
v 0.7061619 0.175428 -0.07891487
v 0.7061619 0.1927617 -0.07891838
v 0.7062328 0.1927617 -0.005304871
v 0.7062374 0.1927617 0
v 0.7062329 0.175428 -0.005304871
v 0.7062374 0.175428 0
v 0.7062424 0.175428 -0.3420984
v 0.7062374 0.175428 -0.3473984
v 0.7062375 0.1927617 -0.3473984
v 0.7062374 0.16227 -0.3473984
v 0.7062426 0.1927617 -0.3420984
v 0.7062374 0.20655 -0.3473984
v 0.7063134 0.175428 -0.2681484
v 0.7062373 0.16227 -0.17
v 0.7063133 0.1927617 -0.2681454
v 0.7062373 0.20655 -0.17
v 0.7063248 0.175428 -0.2561984
v 0.7063248 0.1927617 -0.2562019
v 0.7060699 0.1927617 -0.1754197
v 0.7060745 0.1927617 -0.1701148
v 0.70607 0.175428 -0.1754197
v 0.7060745 0.175428 -0.1701148
v 0.7065915 0.175428 -0.5193272
v 0.7065866 0.175428 -0.5246272
v 0.7065866 0.1927617 -0.5246272
v 0.7066044 0.16227 -0.5245436
v 0.7065917 0.1927617 -0.5193272
v 0.7065866 0.20655 -0.5246272
v 0.7061505 0.175428 -0.4432963
v 0.7061504 0.1927617 -0.4432932
v 0.7062374 0.16227 -0.3473984
v 0.7062374 0.20655 -0.3473984
v 0.7061619 0.175428 -0.4313463
v 0.7061619 0.1927617 -0.4313498
v 0.7062328 0.1927617 -0.3527032
v 0.7062375 0.1927617 -0.3473984
v 0.7062329 0.175428 -0.3527032
v 0.7062374 0.175428 -0.3473984
v 0.7002087 0.175428 -0.6123037
v 0.7002158 0.16227 -0.6184347
v 0.7002087 0.175428 -0.6183432
v 0.7002087 0.1927617 -0.6183434
v 0.7066044 0.16227 -0.5245436
v 0.7002087 0.1927617 -0.6123073
v 0.7002087 0.20655 -0.6183456
v 0.7065866 0.20655 -0.5246272
v 0.7065866 0.1927617 -0.5299321
v 0.7065866 0.1927617 -0.5246272
v 0.7065866 0.175428 -0.5299321
v 0.7065866 0.175428 -0.5246272
v 0.6696283 0.175428 -0.7252302
v 0.669624 0.16227 -0.7315411
v 0.6696283 0.175428 -0.7312697
v 0.6696283 0.1927617 -0.7312698
v 0.7002158 0.16227 -0.6184347
v 0.6696283 0.1927617 -0.7252337
v 0.6696283 0.20655 -0.731272
v 0.7002087 0.20655 -0.6183456
v 0.7002087 0.1927617 -0.6236505
v 0.7002087 0.1927617 -0.6183434
v 0.7002087 0.175428 -0.6236505
v 0.7002087 0.175428 -0.6183432
v 0.5994142 0.175428 -0.8130875
v 0.5957419 0.175428 -0.8169091
v 0.5957419 0.1927617 -0.8169091
v 0.5957398 0.16227 -0.8171585
v 0.5994144 0.1927617 -0.8130877
v 0.5957419 0.20655 -0.8169091
v 0.6298625 0.175428 -0.7771
v 0.6298647 0.1927617 -0.7770978
v 0.669624 0.16227 -0.7315411
v 0.6696283 0.20655 -0.731272
v 0.6381426 0.175428 -0.7684836
v 0.6381402 0.1927617 -0.7684861
v 0.665953 0.1927617 -0.7350975
v 0.6696283 0.1927617 -0.7312698
v 0.665953 0.175428 -0.7350975
v 0.6696283 0.175428 -0.7312697
v 0.5348935 0.16227 -0.8601467
v 0.5281367 0.175428 -0.862129
v 0.5348879 0.175428 -0.8599151
v 0.455303 0.16227 -0.8838832
v 0.5281398 0.1927617 -0.8621285
v 0.4603074 0.175428 -0.8822043
v 0.4552121 0.175428 -0.8838716
v 0.4552121 0.1927618 -0.8838716
v 0.4603074 0.1927617 -0.8822044
v 0.4552142 0.20655 -0.8838732
v 0.5348879 0.1927617 -0.8599151
v 0.5348935 0.20655 -0.8599174
v 0.3452293 0.175428 -0.9033105
v 0.3399293 0.175428 -0.9033055
v 0.3399293 0.1927617 -0.9033055
v 0.3398451 0.16227 -0.9033204
v 0.3452293 0.1927617 -0.9033106
v 0.3399293 0.20655 -0.9033054
v 0.448161 0.175428 -0.8847916
v 0.455303 0.16227 -0.8838832
v 0.4552121 0.175428 -0.8838716
v 0.4481641 0.1927618 -0.8847916
v 0.4552142 0.20655 -0.8838732
v 0.4552121 0.1927618 -0.8838716
v 0.1754148 0.175428 -0.9052359
v 0.1701149 0.175428 -0.905231
v 0.1701149 0.1927617 -0.905231
v 0.1701148 0.16227 -0.9052309
v 0.1754148 0.1927617 -0.9052361
v 0.1701148 0.20655 -0.9052309
v 0.2517145 0.175428 -0.905144
v 0.2517176 0.1927617 -0.905144
v 0.3398451 0.16227 -0.9033204
v 0.3399293 0.20655 -0.9033054
v 0.2636645 0.175428 -0.9051555
v 0.263661 0.1927617 -0.9051555
v 0.3346244 0.1927617 -0.9033009
v 0.3399293 0.1927617 -0.9033055
v 0.3346244 0.175428 -0.903301
v 0.3399293 0.175428 -0.9033055
v 0.005299999 0.175428 -0.9050732
v -9.536743E-09 0.175428 -0.9050681
v -9.536743E-09 0.1927617 -0.9050682
v -3.178914E-09 0.16227 -0.9050682
v 0.005299999 0.1927617 -0.9050733
v -3.178914E-09 0.20655 -0.9050682
v 0.07925 0.175428 -0.905144
v 0.07925308 0.1927617 -0.905144
v 0.1701148 0.16227 -0.9052309
v 0.1701148 0.20655 -0.9052309
v 0.09119999 0.175428 -0.9051555
v 0.09119646 0.1927617 -0.9051555
v 0.16481 0.1927617 -0.9052264
v 0.1701149 0.1927617 -0.905231
v 0.16481 0.175428 -0.9052265
v 0.1701149 0.175428 -0.905231
v -0.4603074 0.175428 -0.8822043
v -0.4552121 0.1927618 -0.8838716
v -0.4552121 0.175428 -0.8838716
v -0.4552586 0.16227 -0.8838782
v -0.4603074 0.1927617 -0.8822044
v -0.4552142 0.20655 -0.8838732
v -0.5281367 0.175428 -0.862129
v -0.5348935 0.16227 -0.860032
v -0.5348907 0.175428 -0.8599968
v -0.5281398 0.1927617 -0.8621285
v -0.5348935 0.20655 -0.8599174
v -0.5348907 0.1927617 -0.8599519
v -0.3452293 0.175428 -0.9033105
v -0.3399293 0.1927617 -0.9033055
v -0.3399293 0.175428 -0.9033055
v -0.3398872 0.16227 -0.9033129
v -0.3452293 0.1927617 -0.9033106
v -0.3399293 0.20655 -0.9033054
v -0.448161 0.175428 -0.8847916
v -0.4552586 0.16227 -0.8838782
v -0.4552121 0.175428 -0.8838716
v -0.4481641 0.1927618 -0.8847916
v -0.4552142 0.20655 -0.8838732
v -0.4552121 0.1927618 -0.8838716
v -0.1754148 0.175428 -0.9052359
v -0.1701149 0.1927617 -0.905231
v -0.1701149 0.175428 -0.905231
v -0.1701149 0.16227 -0.9052309
v -0.1754148 0.1927617 -0.9052361
v -0.1701149 0.20655 -0.9052309
v -0.2517145 0.175428 -0.905144
v -0.2517176 0.1927617 -0.905144
v -0.3398872 0.16227 -0.9033129
v -0.3399293 0.20655 -0.9033054
v -0.2636645 0.175428 -0.9051555
v -0.263661 0.1927617 -0.9051555
v -0.3346244 0.1927617 -0.9033009
v -0.3399293 0.1927617 -0.9033055
v -0.3346244 0.175428 -0.903301
v -0.3399293 0.175428 -0.9033055
v 0.7060795 0.175428 0.1648148
v 0.7060745 0.1927617 0.1701148
v 0.7060745 0.175428 0.1701148
v 0.7062373 0.16227 0.17
v 0.7060797 0.1927617 0.1648148
v 0.7062373 0.20655 0.17
v 0.7061505 0.175428 0.09086487
v 0.7061504 0.1927617 0.09086181
v 0.7062374 0.16227 -1.058791E-24
v 0.7062374 0.20655 -2.646978E-25
v 0.7061619 0.175428 0.07891487
v 0.7061619 0.1927617 0.07891838
v 0.7062328 0.1927617 0.005304871
v 0.7062374 0.1927617 0
v 0.7062329 0.175428 0.005304871
v 0.7062374 0.175428 0
v 0.7062424 0.175428 0.3420984
v 0.7062375 0.1927617 0.3473984
v 0.7062374 0.175428 0.3473984
v 0.7062374 0.16227 0.3473984
v 0.7062426 0.1927617 0.3420984
v 0.7062374 0.20655 0.3473984
v 0.7063134 0.175428 0.2681484
v 0.7062373 0.16227 0.17
v 0.7063133 0.1927617 0.2681454
v 0.7062373 0.20655 0.17
v 0.7063248 0.175428 0.2561984
v 0.7063248 0.1927617 0.2562019
v 0.7060699 0.1927617 0.1754197
v 0.7060745 0.1927617 0.1701148
v 0.70607 0.175428 0.1754197
v 0.7060745 0.175428 0.1701148
v 0.7065915 0.175428 0.5193272
v 0.7065866 0.1927617 0.5246272
v 0.7065866 0.175428 0.5246272
v 0.7066044 0.16227 0.5245436
v 0.7065917 0.1927617 0.5193272
v 0.7065866 0.20655 0.5246272
v 0.7061505 0.175428 0.4432963
v 0.7061504 0.1927617 0.4432932
v 0.7062374 0.16227 0.3473984
v 0.7062374 0.20655 0.3473984
v 0.7061619 0.175428 0.4313463
v 0.7061619 0.1927617 0.4313498
v 0.7062328 0.1927617 0.3527032
v 0.7062375 0.1927617 0.3473984
v 0.7062329 0.175428 0.3527032
v 0.7062374 0.175428 0.3473984
v 0.7002087 0.175428 0.6123037
v 0.7002087 0.175428 0.6183432
v 0.7002158 0.16227 0.6184347
v 0.7002087 0.1927617 0.6183434
v 0.7066044 0.16227 0.5245436
v 0.7002087 0.1927617 0.6123073
v 0.7002087 0.20655 0.6183456
v 0.7065866 0.20655 0.5246272
v 0.7065866 0.1927617 0.5299321
v 0.7065866 0.1927617 0.5246272
v 0.7065866 0.175428 0.5299321
v 0.7065866 0.175428 0.5246272
v 0.6696283 0.175428 0.7252302
v 0.6696283 0.175428 0.7312697
v 0.669624 0.16227 0.7315411
v 0.6696283 0.1927617 0.7312698
v 0.7002158 0.16227 0.6184347
v 0.6696283 0.1927617 0.7252337
v 0.6696283 0.20655 0.731272
v 0.7002087 0.20655 0.6183456
v 0.7002087 0.1927617 0.6236505
v 0.7002087 0.1927617 0.6183434
v 0.7002087 0.175428 0.6236505
v 0.7002087 0.175428 0.6183432
v 0.5994142 0.175428 0.8130875
v 0.5957419 0.1927617 0.8169091
v 0.5957419 0.175428 0.8169091
v 0.5957398 0.16227 0.8171585
v 0.5994144 0.1927617 0.8130877
v 0.5957419 0.20655 0.8169091
v 0.6298625 0.175428 0.7771
v 0.6298647 0.1927617 0.7770978
v 0.669624 0.16227 0.7315411
v 0.6696283 0.20655 0.731272
v 0.6381426 0.175428 0.7684836
v 0.6381402 0.1927617 0.7684861
v 0.665953 0.1927617 0.7350975
v 0.6696283 0.1927617 0.7312698
v 0.665953 0.175428 0.7350975
v 0.6696283 0.175428 0.7312697
v 0.5348935 0.16227 0.8601467
v 0.5348879 0.175428 0.8599151
v 0.5281367 0.175428 0.862129
v 0.455303 0.16227 0.8838832
v 0.5281398 0.1927617 0.8621285
v 0.4603074 0.175428 0.8822043
v 0.4552121 0.175428 0.8838716
v 0.4552121 0.1927618 0.8838716
v 0.4603074 0.1927617 0.8822044
v 0.4552142 0.20655 0.8838732
v 0.5348879 0.1927617 0.8599151
v 0.5348935 0.20655 0.8599174
v 0.3452293 0.175428 0.9033105
v 0.3399293 0.1927617 0.9033055
v 0.3399293 0.175428 0.9033055
v 0.3398451 0.16227 0.9033204
v 0.3452293 0.1927617 0.9033106
v 0.3399293 0.20655 0.9033054
v 0.448161 0.175428 0.8847916
v 0.455303 0.16227 0.8838832
v 0.4552121 0.175428 0.8838716
v 0.4481641 0.1927618 0.8847916
v 0.4552142 0.20655 0.8838732
v 0.4552121 0.1927618 0.8838716
v 0.1754148 0.175428 0.9052359
v 0.1701149 0.1927617 0.905231
v 0.1701149 0.175428 0.905231
v 0.1701148 0.16227 0.9052309
v 0.1754148 0.1927617 0.9052361
v 0.1701148 0.20655 0.9052309
v 0.2517145 0.175428 0.905144
v 0.2517176 0.1927617 0.905144
v 0.3398451 0.16227 0.9033204
v 0.3399293 0.20655 0.9033054
v 0.2636645 0.175428 0.9051555
v 0.263661 0.1927617 0.9051555
v 0.3346244 0.1927617 0.9033009
v 0.3399293 0.1927617 0.9033055
v 0.3346244 0.175428 0.903301
v 0.3399293 0.175428 0.9033055
v 0.005299999 0.175428 0.9050732
v -9.536743E-09 0.1927617 0.9050682
v -9.536743E-09 0.175428 0.9050681
v -3.178914E-09 0.16227 0.9050682
v 0.005299999 0.1927617 0.9050733
v -3.178914E-09 0.20655 0.9050682
v 0.07925 0.175428 0.905144
v 0.07925308 0.1927617 0.905144
v 0.1701148 0.16227 0.9052309
v 0.1701148 0.20655 0.9052309
v 0.09119999 0.175428 0.9051555
v 0.09119646 0.1927617 0.9051555
v 0.16481 0.1927617 0.9052264
v 0.1701149 0.1927617 0.905231
v 0.16481 0.175428 0.9052265
v 0.1701149 0.175428 0.905231
v -0.4603074 0.175428 0.8822043
v -0.4552121 0.175428 0.8838716
v -0.4552121 0.1927618 0.8838716
v -0.4552586 0.16227 0.8838782
v -0.4603074 0.1927617 0.8822044
v -0.4552142 0.20655 0.8838732
v -0.5281367 0.175428 0.862129
v -0.5348935 0.16227 0.860032
v -0.5348907 0.175428 0.8599968
v -0.5281398 0.1927617 0.8621285
v -0.5348935 0.20655 0.8599174
v -0.5348907 0.1927617 0.8599519
v -0.3452293 0.175428 0.9033105
v -0.3399293 0.175428 0.9033055
v -0.3399293 0.1927617 0.9033055
v -0.3398872 0.16227 0.9033129
v -0.3452293 0.1927617 0.9033106
v -0.3399293 0.20655 0.9033054
v -0.448161 0.175428 0.8847916
v -0.4552586 0.16227 0.8838782
v -0.4552121 0.175428 0.8838716
v -0.4481641 0.1927618 0.8847916
v -0.4552142 0.20655 0.8838732
v -0.4552121 0.1927618 0.8838716
v -0.1754148 0.175428 0.9052359
v -0.1701149 0.175428 0.905231
v -0.1701149 0.1927617 0.905231
v -0.1701149 0.16227 0.9052309
v -0.1754148 0.1927617 0.9052361
v -0.1701149 0.20655 0.9052309
v -0.2517145 0.175428 0.905144
v -0.2517176 0.1927617 0.905144
v -0.3398872 0.16227 0.9033129
v -0.3399293 0.20655 0.9033054
v -0.2636645 0.175428 0.9051555
v -0.263661 0.1927617 0.9051555
v -0.3346244 0.1927617 0.9033009
v -0.3399293 0.1927617 0.9033055
v -0.3346244 0.175428 0.903301
v -0.3399293 0.175428 0.9033055
v -0.1701149 0.1927617 -0.905231
v -0.16481 0.175428 -0.9052265
v -0.1701149 0.175428 -0.905231
v -0.1701149 0.16227 -0.9052309
v -0.16481 0.1927617 -0.9052264
v -0.1701149 0.20655 -0.9052309
v -0.09119646 0.1927617 -0.9051555
v -0.09119999 0.175428 -0.9051555
v -0.07925308 0.1927617 -0.905144
v -3.178914E-09 0.20655 -0.9050682
v -0.005299999 0.1927617 -0.9050733
v -9.536743E-09 0.1927617 -0.9050682
v -0.07925 0.175428 -0.905144
v -3.178914E-09 0.16227 -0.9050682
v -0.005299999 0.175428 -0.9050732
v -9.536743E-09 0.175428 -0.9050681
v -0.1701149 0.1927617 0.905231
v -0.1701149 0.175428 0.905231
v -0.16481 0.175428 0.9052265
v -0.1701149 0.16227 0.9052309
v -0.16481 0.1927617 0.9052264
v -0.1701149 0.20655 0.9052309
v -0.09119646 0.1927617 0.9051555
v -0.09119999 0.175428 0.9051555
v -0.07925308 0.1927617 0.905144
v -3.178914E-09 0.20655 0.9050682
v -0.005299999 0.1927617 0.9050733
v -9.536743E-09 0.1927617 0.9050682
v -0.07925 0.175428 0.905144
v -3.178914E-09 0.16227 0.9050682
v -0.005299999 0.175428 0.9050732
v -9.536743E-09 0.175428 0.9050681
v 0.39025 0 0.09
v 0.39025 0.009 0.09
v 0.39025 0.009 0.03
v 0.39025 0 0.03
v 0.39025 0.009 0.09
v 0.38975 0.009 0.09
v 0.38975 0.009 0.03
v 0.39025 0.009 0.03
v 0.38975 0.009 0.09
v 0.38975 0 0.09
v 0.38975 0 0.03
v 0.38975 0.009 0.03
v 0.39025 0 0.15
v 0.39025 0.009 0.15
v 0.39025 0.009 0.09
v 0.39025 0 0.09
v 0.39025 0.009 0.15
v 0.38975 0.009 0.15
v 0.38975 0.009 0.09
v 0.39025 0.009 0.09
v 0.38975 0.009 0.15
v 0.38975 0 0.15
v 0.38975 0 0.09
v 0.38975 0.009 0.09
v 0.39025 0 0.03
v 0.39025 0.009 0.03
v 0.39025 0.009 -0.03
v 0.39025 0 -0.03
v 0.39025 0.009 0.03
v 0.38975 0.009 0.03
v 0.38975 0.009 -0.03
v 0.39025 0.009 -0.03
v 0.38975 0.009 0.03
v 0.38975 0 0.03
v 0.38975 0 -0.03
v 0.38975 0.009 -0.03
v 0.39025 0 -0.15
v 0.39025 0.009 -0.15
v 0.39025 0.009 -0.21
v 0.39025 0 -0.21
v 0.39025 0.009 -0.15
v 0.38975 0.009 -0.15
v 0.38975 0.009 -0.21
v 0.39025 0.009 -0.21
v 0.38975 0.009 -0.15
v 0.38975 0 -0.15
v 0.38975 0 -0.21
v 0.38975 0.009 -0.21
v 0.39025 0 -0.09
v 0.39025 0.009 -0.09
v 0.39025 0.009 -0.15
v 0.39025 0 -0.15
v 0.39025 0.009 -0.09
v 0.38975 0.009 -0.09
v 0.38975 0.009 -0.15
v 0.39025 0.009 -0.15
v 0.38975 0.009 -0.09
v 0.38975 0 -0.09
v 0.38975 0 -0.15
v 0.38975 0.009 -0.15
v 0.39025 0 -0.03
v 0.39025 0.009 -0.03
v 0.39025 0.009 -0.09
v 0.39025 0 -0.09
v 0.39025 0.009 -0.03
v 0.38975 0.009 -0.03
v 0.38975 0.009 -0.09
v 0.39025 0.009 -0.09
v 0.38975 0.009 -0.03
v 0.38975 0 -0.03
v 0.38975 0 -0.09
v 0.38975 0.009 -0.09
v 0.39025 0 -0.45
v 0.39025 0.009 -0.45
v 0.39025 0.009 -0.5100001
v 0.39025 0 -0.51
v 0.39025 0.009 -0.45
v 0.38975 0.009 -0.45
v 0.38975 0.009 -0.5100001
v 0.39025 0.009 -0.5100001
v 0.38975 0.009 -0.45
v 0.38975 0 -0.45
v 0.38975 0 -0.51
v 0.38975 0.009 -0.5100001
v 0.39025 0 -0.39
v 0.39025 0.009 -0.39
v 0.39025 0.009 -0.45
v 0.39025 0 -0.45
v 0.39025 0.009 -0.39
v 0.38975 0.009 -0.39
v 0.38975 0.009 -0.45
v 0.39025 0.009 -0.45
v 0.38975 0.009 -0.39
v 0.38975 0 -0.39
v 0.38975 0 -0.45
v 0.38975 0.009 -0.45
v 0.39025 0 -0.33
v 0.39025 0.009 -0.33
v 0.39025 0.009 -0.39
v 0.39025 0 -0.39
v 0.39025 0.009 -0.33
v 0.38975 0.009 -0.33
v 0.38975 0.009 -0.39
v 0.39025 0.009 -0.39
v 0.38975 0.009 -0.33
v 0.38975 0 -0.33
v 0.38975 0 -0.39
v 0.38975 0.009 -0.39
v 0.39025 0 -0.27
v 0.39025 0.009 -0.27
v 0.39025 0.009 -0.33
v 0.39025 0 -0.33
v 0.39025 0.009 -0.27
v 0.38975 0.009 -0.27
v 0.38975 0.009 -0.33
v 0.39025 0.009 -0.33
v 0.38975 0.009 -0.27
v 0.38975 0 -0.27
v 0.38975 0 -0.33
v 0.38975 0.009 -0.33
v 0.39025 0 -0.21
v 0.39025 0.009 -0.21
v 0.39025 0.009 -0.27
v 0.39025 0 -0.27
v 0.39025 0.009 -0.21
v 0.38975 0.009 -0.21
v 0.38975 0.009 -0.27
v 0.39025 0.009 -0.27
v 0.38975 0.009 -0.21
v 0.38975 0 -0.21
v 0.38975 0 -0.27
v 0.38975 0.009 -0.27
v 0.39025 0.009 -0.5100001
v 0.38975 0.009 -0.5100001
v 0.38975 0 -0.51
v 0.39025 0 -0.51
v 0.09 0 -0.57525
v 0.09 0.009 -0.57525
v 0.03 0.009 -0.57525
v 0.03 0 -0.57525
v 0.09 0.009 -0.57525
v 0.09 0.009 -0.5747499
v 0.03 0.009 -0.5747499
v 0.03 0.009 -0.57525
v 0.09 0.009 -0.5747499
v 0.09 0 -0.5747499
v 0.03 0 -0.5747499
v 0.03 0.009 -0.5747499
v 0.15 0 -0.57525
v 0.15 0.009 -0.57525
v 0.09 0.009 -0.57525
v 0.09 0 -0.57525
v 0.15 0.009 -0.57525
v 0.15 0.009 -0.5747499
v 0.09 0.009 -0.5747499
v 0.09 0.009 -0.57525
v 0.15 0.009 -0.5747499
v 0.15 0 -0.5747499
v 0.09 0 -0.5747499
v 0.09 0.009 -0.5747499
v 0.21 0 -0.57525
v 0.21 0.009 -0.57525
v 0.15 0.009 -0.57525
v 0.15 0 -0.57525
v 0.21 0.009 -0.57525
v 0.21 0.009 -0.5747499
v 0.15 0.009 -0.5747499
v 0.15 0.009 -0.57525
v 0.21 0.009 -0.5747499
v 0.21 0 -0.5747499
v 0.15 0 -0.5747499
v 0.15 0.009 -0.5747499
v 0.27 0 -0.57525
v 0.27 0.009 -0.57525
v 0.21 0.009 -0.57525
v 0.21 0 -0.57525
v 0.27 0.009 -0.57525
v 0.27 0.009 -0.5747499
v 0.21 0.009 -0.5747499
v 0.21 0.009 -0.57525
v 0.27 0.009 -0.5747499
v 0.27 0 -0.5747499
v 0.21 0 -0.5747499
v 0.21 0.009 -0.5747499
v 0.33 0 -0.57525
v 0.33 0.009 -0.57525
v 0.27 0.009 -0.57525
v 0.27 0 -0.57525
v 0.33 0.009 -0.57525
v 0.33 0.009 -0.5747499
v 0.27 0.009 -0.5747499
v 0.27 0.009 -0.57525
v 0.33 0.009 -0.5747499
v 0.33 0 -0.5747499
v 0.27 0 -0.5747499
v 0.27 0.009 -0.5747499
v 0.03 0 -0.57525
v 0.03 0.009 -0.57525
v -0.03 0.009 -0.57525
v -0.03 0 -0.57525
v 0.03 0.009 -0.57525
v 0.03 0.009 -0.5747499
v -0.03 0.009 -0.5747499
v -0.03 0.009 -0.57525
v 0.03 0.009 -0.5747499
v 0.03 0 -0.5747499
v -0.03 0 -0.5747499
v -0.03 0.009 -0.5747499
v 0.33 0 -0.57525
v 0.33 0 -0.5747499
v 0.33 0.009 -0.5747499
v 0.33 0.009 -0.57525
v -0.27 0 -0.57525
v -0.27 0.009 -0.57525
v -0.33 0.009 -0.57525
v -0.33 0 -0.57525
v -0.27 0.009 -0.57525
v -0.27 0.009 -0.5747499
v -0.33 0.009 -0.5747499
v -0.33 0.009 -0.57525
v -0.27 0.009 -0.5747499
v -0.27 0 -0.5747499
v -0.33 0 -0.5747499
v -0.33 0.009 -0.5747499
v -0.21 0 -0.57525
v -0.21 0.009 -0.57525
v -0.27 0.009 -0.57525
v -0.27 0 -0.57525
v -0.21 0.009 -0.57525
v -0.21 0.009 -0.5747499
v -0.27 0.009 -0.5747499
v -0.27 0.009 -0.57525
v -0.21 0.009 -0.5747499
v -0.21 0 -0.5747499
v -0.27 0 -0.5747499
v -0.27 0.009 -0.5747499
v -0.15 0 -0.57525
v -0.15 0.009 -0.57525
v -0.21 0.009 -0.57525
v -0.21 0 -0.57525
v -0.15 0.009 -0.57525
v -0.15 0.009 -0.5747499
v -0.21 0.009 -0.5747499
v -0.21 0.009 -0.57525
v -0.15 0.009 -0.5747499
v -0.15 0 -0.5747499
v -0.21 0 -0.5747499
v -0.21 0.009 -0.5747499
v -0.09 0 -0.57525
v -0.09 0.009 -0.57525
v -0.15 0.009 -0.57525
v -0.15 0 -0.57525
v -0.09 0.009 -0.57525
v -0.09 0.009 -0.5747499
v -0.15 0.009 -0.5747499
v -0.15 0.009 -0.57525
v -0.09 0.009 -0.5747499
v -0.09 0 -0.5747499
v -0.15 0 -0.5747499
v -0.15 0.009 -0.5747499
v -0.03 0 -0.57525
v -0.03 0.009 -0.57525
v -0.09 0.009 -0.57525
v -0.09 0 -0.57525
v -0.03 0.009 -0.57525
v -0.03 0.009 -0.5747499
v -0.09 0.009 -0.5747499
v -0.09 0.009 -0.57525
v -0.03 0.009 -0.5747499
v -0.03 0 -0.5747499
v -0.09 0 -0.5747499
v -0.09 0.009 -0.5747499
v -0.33 0.009 -0.57525
v -0.33 0.009 -0.5747499
v -0.33 0 -0.5747499
v -0.33 0 -0.57525
v -0.39025 0 -0.21
v -0.39025 0.009 -0.21
v -0.39025 0.009 -0.15
v -0.39025 0 -0.15
v -0.39025 0.009 -0.21
v -0.38975 0.009 -0.21
v -0.38975 0.009 -0.15
v -0.39025 0.009 -0.15
v -0.38975 0.009 -0.21
v -0.38975 0 -0.21
v -0.38975 0 -0.15
v -0.38975 0.009 -0.15
v -0.39025 0 -0.27
v -0.39025 0.009 -0.27
v -0.39025 0.009 -0.21
v -0.39025 0 -0.21
v -0.39025 0.009 -0.27
v -0.38975 0.009 -0.27
v -0.38975 0.009 -0.21
v -0.39025 0.009 -0.21
v -0.38975 0.009 -0.27
v -0.38975 0 -0.27
v -0.38975 0 -0.21
v -0.38975 0.009 -0.21
v -0.39025 0 -0.33
v -0.39025 0.009 -0.33
v -0.39025 0.009 -0.27
v -0.39025 0 -0.27
v -0.39025 0.009 -0.33
v -0.38975 0.009 -0.33
v -0.38975 0.009 -0.27
v -0.39025 0.009 -0.27
v -0.38975 0.009 -0.33
v -0.38975 0 -0.33
v -0.38975 0 -0.27
v -0.38975 0.009 -0.27
v -0.39025 0 -0.39
v -0.39025 0.009 -0.39
v -0.39025 0.009 -0.33
v -0.39025 0 -0.33
v -0.39025 0.009 -0.39
v -0.38975 0.009 -0.39
v -0.38975 0.009 -0.33
v -0.39025 0.009 -0.33
v -0.38975 0.009 -0.39
v -0.38975 0 -0.39
v -0.38975 0 -0.33
v -0.38975 0.009 -0.33
v -0.39025 0 -0.45
v -0.39025 0.009 -0.45
v -0.39025 0.009 -0.39
v -0.39025 0 -0.39
v -0.39025 0.009 -0.45
v -0.38975 0.009 -0.45
v -0.38975 0.009 -0.39
v -0.39025 0.009 -0.39
v -0.38975 0.009 -0.45
v -0.38975 0 -0.45
v -0.38975 0 -0.39
v -0.38975 0.009 -0.39
v -0.39025 0 -0.51
v -0.39025 0.009 -0.5100001
v -0.39025 0.009 -0.45
v -0.39025 0 -0.45
v -0.39025 0.009 -0.5100001
v -0.38975 0.009 -0.5100001
v -0.38975 0.009 -0.45
v -0.39025 0.009 -0.45
v -0.38975 0.009 -0.5100001
v -0.38975 0 -0.51
v -0.38975 0 -0.45
v -0.38975 0.009 -0.45
v -0.39025 0 -0.51
v -0.38975 0 -0.51
v -0.38975 0.009 -0.5100001
v -0.39025 0.009 -0.5100001
v 0.39025 0 0.21
v 0.39025 0.009 0.21
v 0.39025 0.009 0.15
v 0.39025 0 0.15
v 0.39025 0.009 0.21
v 0.38975 0.009 0.21
v 0.38975 0.009 0.15
v 0.39025 0.009 0.15
v 0.38975 0.009 0.21
v 0.38975 0 0.21
v 0.38975 0 0.15
v 0.38975 0.009 0.15
v 0.39025 0 0.27
v 0.39025 0.009 0.27
v 0.39025 0.009 0.21
v 0.39025 0 0.21
v 0.39025 0.009 0.27
v 0.38975 0.009 0.27
v 0.38975 0.009 0.21
v 0.39025 0.009 0.21
v 0.38975 0.009 0.27
v 0.38975 0 0.27
v 0.38975 0 0.21
v 0.38975 0.009 0.21
v 0.39025 0 0.33
v 0.39025 0.009 0.33
v 0.39025 0.009 0.27
v 0.39025 0 0.27
v 0.39025 0.009 0.33
v 0.38975 0.009 0.33
v 0.38975 0.009 0.27
v 0.39025 0.009 0.27
v 0.38975 0.009 0.33
v 0.38975 0 0.33
v 0.38975 0 0.27
v 0.38975 0.009 0.27
v 0.39025 0 0.39
v 0.39025 0.009 0.39
v 0.39025 0.009 0.33
v 0.39025 0 0.33
v 0.39025 0.009 0.39
v 0.38975 0.009 0.39
v 0.38975 0.009 0.33
v 0.39025 0.009 0.33
v 0.38975 0.009 0.39
v 0.38975 0 0.39
v 0.38975 0 0.33
v 0.38975 0.009 0.33
v 0.39025 0 0.45
v 0.39025 0.009 0.45
v 0.39025 0.009 0.39
v 0.39025 0 0.39
v 0.39025 0.009 0.45
v 0.38975 0.009 0.45
v 0.38975 0.009 0.39
v 0.39025 0.009 0.39
v 0.38975 0.009 0.45
v 0.38975 0 0.45
v 0.38975 0 0.39
v 0.38975 0.009 0.39
v 0.39025 0 0.51
v 0.39025 0.009 0.5100001
v 0.39025 0.009 0.45
v 0.39025 0 0.45
v 0.39025 0.009 0.5100001
v 0.38975 0.009 0.5100001
v 0.38975 0.009 0.45
v 0.39025 0.009 0.45
v 0.38975 0.009 0.5100001
v 0.38975 0 0.51
v 0.38975 0 0.45
v 0.38975 0.009 0.45
v 0.39025 0 0.51
v 0.38975 0 0.51
v 0.38975 0.009 0.5100001
v 0.39025 0.009 0.5100001
v 0.27 0 0.57525
v 0.27 0.009 0.57525
v 0.33 0.009 0.57525
v 0.33 0 0.57525
v 0.27 0.009 0.57525
v 0.27 0.009 0.5747499
v 0.33 0.009 0.5747499
v 0.33 0.009 0.57525
v 0.27 0.009 0.5747499
v 0.27 0 0.5747499
v 0.33 0 0.5747499
v 0.33 0.009 0.5747499
v 0.21 0 0.57525
v 0.21 0.009 0.57525
v 0.27 0.009 0.57525
v 0.27 0 0.57525
v 0.21 0.009 0.57525
v 0.21 0.009 0.5747499
v 0.27 0.009 0.5747499
v 0.27 0.009 0.57525
v 0.21 0.009 0.5747499
v 0.21 0 0.5747499
v 0.27 0 0.5747499
v 0.27 0.009 0.5747499
v 0.15 0 0.57525
v 0.15 0.009 0.57525
v 0.21 0.009 0.57525
v 0.21 0 0.57525
v 0.15 0.009 0.57525
v 0.15 0.009 0.5747499
v 0.21 0.009 0.5747499
v 0.21 0.009 0.57525
v 0.15 0.009 0.5747499
v 0.15 0 0.5747499
v 0.21 0 0.5747499
v 0.21 0.009 0.5747499
v 0.09 0 0.57525
v 0.09 0.009 0.57525
v 0.15 0.009 0.57525
v 0.15 0 0.57525
v 0.09 0.009 0.57525
v 0.09 0.009 0.5747499
v 0.15 0.009 0.5747499
v 0.15 0.009 0.57525
v 0.09 0.009 0.5747499
v 0.09 0 0.5747499
v 0.15 0 0.5747499
v 0.15 0.009 0.5747499
v 0.03 0 0.57525
v 0.03 0.009 0.57525
v 0.09 0.009 0.57525
v 0.09 0 0.57525
v 0.03 0.009 0.57525
v 0.03 0.009 0.5747499
v 0.09 0.009 0.5747499
v 0.09 0.009 0.57525
v 0.03 0.009 0.5747499
v 0.03 0 0.5747499
v 0.09 0 0.5747499
v 0.09 0.009 0.5747499
v -0.03 0 0.57525
v -0.03 0.009 0.57525
v 0.03 0.009 0.57525
v 0.03 0 0.57525
v -0.03 0.009 0.57525
v -0.03 0.009 0.5747499
v 0.03 0.009 0.5747499
v 0.03 0.009 0.57525
v -0.03 0.009 0.5747499
v -0.03 0 0.5747499
v 0.03 0 0.5747499
v 0.03 0.009 0.5747499
v 0.33 0.009 0.57525
v 0.33 0.009 0.5747499
v 0.33 0 0.5747499
v 0.33 0 0.57525
v -0.09 0 0.57525
v -0.09 0.009 0.57525
v -0.03 0.009 0.57525
v -0.03 0 0.57525
v -0.09 0.009 0.57525
v -0.09 0.009 0.5747499
v -0.03 0.009 0.5747499
v -0.03 0.009 0.57525
v -0.09 0.009 0.5747499
v -0.09 0 0.5747499
v -0.03 0 0.5747499
v -0.03 0.009 0.5747499
v -0.15 0 0.57525
v -0.15 0.009 0.57525
v -0.09 0.009 0.57525
v -0.09 0 0.57525
v -0.15 0.009 0.57525
v -0.15 0.009 0.5747499
v -0.09 0.009 0.5747499
v -0.09 0.009 0.57525
v -0.15 0.009 0.5747499
v -0.15 0 0.5747499
v -0.09 0 0.5747499
v -0.09 0.009 0.5747499
v -0.21 0 0.57525
v -0.21 0.009 0.57525
v -0.15 0.009 0.57525
v -0.15 0 0.57525
v -0.21 0.009 0.57525
v -0.21 0.009 0.5747499
v -0.15 0.009 0.5747499
v -0.15 0.009 0.57525
v -0.21 0.009 0.5747499
v -0.21 0 0.5747499
v -0.15 0 0.5747499
v -0.15 0.009 0.5747499
v -0.27 0 0.57525
v -0.27 0.009 0.57525
v -0.21 0.009 0.57525
v -0.21 0 0.57525
v -0.27 0.009 0.57525
v -0.27 0.009 0.5747499
v -0.21 0.009 0.5747499
v -0.21 0.009 0.57525
v -0.27 0.009 0.5747499
v -0.27 0 0.5747499
v -0.21 0 0.5747499
v -0.21 0.009 0.5747499
v -0.33 0 0.57525
v -0.33 0.009 0.57525
v -0.27 0.009 0.57525
v -0.27 0 0.57525
v -0.33 0.009 0.57525
v -0.33 0.009 0.5747499
v -0.27 0.009 0.5747499
v -0.27 0.009 0.57525
v -0.33 0.009 0.5747499
v -0.33 0 0.5747499
v -0.27 0 0.5747499
v -0.27 0.009 0.5747499
v -0.33 0 0.57525
v -0.33 0 0.5747499
v -0.33 0.009 0.5747499
v -0.33 0.009 0.57525
v -0.39025 0 0.45
v -0.39025 0.009 0.45
v -0.39025 0.009 0.5100001
v -0.39025 0 0.51
v -0.39025 0.009 0.45
v -0.38975 0.009 0.45
v -0.38975 0.009 0.5100001
v -0.39025 0.009 0.5100001
v -0.38975 0.009 0.45
v -0.38975 0 0.45
v -0.38975 0 0.51
v -0.38975 0.009 0.5100001
v -0.39025 0 0.39
v -0.39025 0.009 0.39
v -0.39025 0.009 0.45
v -0.39025 0 0.45
v -0.39025 0.009 0.39
v -0.38975 0.009 0.39
v -0.38975 0.009 0.45
v -0.39025 0.009 0.45
v -0.38975 0.009 0.39
v -0.38975 0 0.39
v -0.38975 0 0.45
v -0.38975 0.009 0.45
v -0.39025 0 0.33
v -0.39025 0.009 0.33
v -0.39025 0.009 0.39
v -0.39025 0 0.39
v -0.39025 0.009 0.33
v -0.38975 0.009 0.33
v -0.38975 0.009 0.39
v -0.39025 0.009 0.39
v -0.38975 0.009 0.33
v -0.38975 0 0.33
v -0.38975 0 0.39
v -0.38975 0.009 0.39
v -0.39025 0 0.27
v -0.39025 0.009 0.27
v -0.39025 0.009 0.33
v -0.39025 0 0.33
v -0.39025 0.009 0.27
v -0.38975 0.009 0.27
v -0.38975 0.009 0.33
v -0.39025 0.009 0.33
v -0.38975 0.009 0.27
v -0.38975 0 0.27
v -0.38975 0 0.33
v -0.38975 0.009 0.33
v -0.39025 0 0.21
v -0.39025 0.009 0.21
v -0.39025 0.009 0.27
v -0.39025 0 0.27
v -0.39025 0.009 0.21
v -0.38975 0.009 0.21
v -0.38975 0.009 0.27
v -0.39025 0.009 0.27
v -0.38975 0.009 0.21
v -0.38975 0 0.21
v -0.38975 0 0.27
v -0.38975 0.009 0.27
v -0.39025 0 0.15
v -0.39025 0.009 0.15
v -0.39025 0.009 0.21
v -0.39025 0 0.21
v -0.39025 0.009 0.15
v -0.38975 0.009 0.15
v -0.38975 0.009 0.21
v -0.39025 0.009 0.21
v -0.38975 0.009 0.15
v -0.38975 0 0.15
v -0.38975 0 0.21
v -0.38975 0.009 0.21
v -0.39025 0.009 0.5100001
v -0.38975 0.009 0.5100001
v -0.38975 0 0.51
v -0.39025 0 0.51
v -0.4081303 6.348728E-11 0.5250497
v -0.4056256 0.018 0.5425456
v -0.4081303 0.018 0.525
v -0.4056256 6.348728E-11 0.5425457
v -0.3991109 6.348728E-11 0.558872
v -0.3991224 0.018 0.5588777
v -0.3879841 6.348727E-11 0.5735332
v -0.3879879 0.018 0.5735358
v -0.34 1.544236E-18 0.5930005
v -0.34 0.018 0.5930005
v -0.357546 0.018 0.5910742
v -0.3575063 6.348727E-11 0.5910751
v -0.3741454 0.018 0.5843821
v -0.3743331 6.348726E-11 0.5846654
v -0.3879841 6.348727E-11 0.5735332
v -0.3879879 0.018 0.5735358
v -0.17 0.018 0.5930003
v -0.17 7.72121E-19 0.5930003
v 0 6.175305E-24 0.5930001
v 0 0.018 0.5930001
v -0.408071 2.17924E-10 0.3475249
v -0.4081303 6.348728E-11 0.5250497
v -0.4081303 0.018 0.525
v -0.408071 0.018 0.3475
v -0.4080117 3.723608E-10 0.17
v -0.408071 2.17924E-10 0.3475249
v -0.408071 0.018 0.3475
v -0.4080117 0.018 0.17
v -0.34 0.018 0.5930005
v -0.34 1.544236E-18 0.5930005
v -0.17 7.72121E-19 0.5930003
v -0.17 0.018 0.5930003
v -0.4081303 6.348728E-11 -0.5250497
v -0.4081303 0.018 -0.525
v -0.4056256 0.018 -0.5425456
v -0.4056256 6.348728E-11 -0.5425457
v -0.3991109 6.348728E-11 -0.558872
v -0.3991224 0.018 -0.5588777
v -0.3879841 6.348727E-11 -0.5735332
v -0.3879879 0.018 -0.5735358
v -0.34 1.544236E-18 -0.5930005
v -0.357546 0.018 -0.5910742
v -0.34 0.018 -0.5930005
v -0.3575063 6.348727E-11 -0.5910751
v -0.3741454 0.018 -0.5843821
v -0.3743331 6.348726E-11 -0.5846654
v -0.3879841 6.348727E-11 -0.5735332
v -0.3879879 0.018 -0.5735358
v -0.17 0.018 -0.5930003
v 0 0.018 -0.5930001
v 0 6.175305E-24 -0.5930001
v -0.17 7.72121E-19 -0.5930003
v -0.408071 2.17924E-10 -0.3475249
v -0.408071 0.018 -0.3475
v -0.4081303 0.018 -0.525
v -0.4081303 6.348728E-11 -0.5250497
v -0.4080117 3.723608E-10 -0.17
v -0.4080117 0.018 -0.17
v -0.408071 0.018 -0.3475
v -0.408071 2.17924E-10 -0.3475249
v -0.34 0.018 -0.5930005
v -0.17 0.018 -0.5930003
v -0.17 7.72121E-19 -0.5930003
v -0.34 1.544236E-18 -0.5930005
v 0.4081303 6.348728E-11 0.5250497
v 0.4081303 0.018 0.525
v 0.4056256 0.018 0.5425456
v 0.4056256 6.348728E-11 0.5425457
v 0.3991109 6.348728E-11 0.558872
v 0.3991224 0.018 0.5588777
v 0.3879841 6.348727E-11 0.5735332
v 0.3879879 0.018 0.5735358
v 0.34 1.544236E-18 0.5930005
v 0.357546 0.018 0.5910742
v 0.34 0.018 0.5930005
v 0.3575063 6.348727E-11 0.5910751
v 0.3741454 0.018 0.5843821
v 0.3743331 6.348726E-11 0.5846654
v 0.3879841 6.348727E-11 0.5735332
v 0.3879879 0.018 0.5735358
v 0.17 0.018 0.5930003
v 0 0.018 0.5930001
v 0 6.175305E-24 0.5930001
v 0.17 7.72121E-19 0.5930003
v 0.408071 2.17924E-10 0.3475249
v 0.408071 0.018 0.3475
v 0.4081303 0.018 0.525
v 0.4081303 6.348728E-11 0.5250497
v 0.4080117 3.723608E-10 0.17
v 0.4080117 0.018 0.17
v 0.408071 0.018 0.3475
v 0.408071 2.17924E-10 0.3475249
v 0.34 0.018 0.5930005
v 0.17 0.018 0.5930003
v 0.17 7.72121E-19 0.5930003
v 0.34 1.544236E-18 0.5930005
v 0.4081303 6.348728E-11 -0.5250497
v 0.4056256 0.018 -0.5425456
v 0.4081303 0.018 -0.525
v 0.4056256 6.348728E-11 -0.5425457
v 0.3991109 6.348728E-11 -0.558872
v 0.3991224 0.018 -0.5588777
v 0.3879841 6.348727E-11 -0.5735332
v 0.3879879 0.018 -0.5735358
v 0.34 1.544236E-18 -0.5930005
v 0.34 0.018 -0.5930005
v 0.357546 0.018 -0.5910742
v 0.3575063 6.348727E-11 -0.5910751
v 0.17 0.018 -0.5930003
v 0.17 7.72121E-19 -0.5930003
v 0 6.175305E-24 -0.5930001
v 0 0.018 -0.5930001
v 0.3575063 6.348727E-11 -0.5910751
v 0.357546 0.018 -0.5910742
v 0.3741454 0.018 -0.5843821
v 0.3743331 6.348726E-11 -0.5846654
v 0.3879841 6.348727E-11 -0.5735332
v 0.3879879 0.018 -0.5735358
v 0.408071 2.17924E-10 -0.3475249
v 0.4081303 6.348728E-11 -0.5250497
v 0.4081303 0.018 -0.525
v 0.408071 0.018 -0.3475
v 0.4080117 3.723608E-10 -0.17
v 0.408071 2.17924E-10 -0.3475249
v 0.408071 0.018 -0.3475
v 0.4080117 0.018 -0.17
v 0.34 0.018 -0.5930005
v 0.34 1.544236E-18 -0.5930005
v 0.17 7.72121E-19 -0.5930003
v 0.17 0.018 -0.5930003
v -0.0366 -0.00025 0.525
v -0.0366 -0.00025 0.55
v -0.14 -0.00025 0.55
v -0.14 -0.00025 0.525
v -0.24 -0.00025 0.55
v -0.24 -0.00025 0.525
v -0.34 -0.00025 0.525
v -0.34 -0.00025 0.55
v 5.7742E-10 -0.00025 7.450581E-11
v 2.914335E-17 -0.00025 0.525
v 0.34 -0.00025 0.525
v -0.34 -0.00025 0
v 0.34 -0.00025 9.934108E-11
v 0.34 -0.00025 -0.525
v 0 -0.00025 -0.525
v -0.34 -0.00025 -0.525
v -0.34 -0.00025 -0.55
v -0.24 -0.00025 -0.55
v -0.24 -0.00025 -0.525
v -0.14 -0.00025 -0.525
v -0.14 -0.00025 -0.55
v -0.0366 -0.00025 -0.525
v -0.0366 -0.00025 -0.55
v -1.829863E-06 -0.00025 -0.55
v 0.0366 -0.00025 -0.55
v 0.0366 -0.00025 -0.525
v 0.14 -0.00025 -0.525
v 0.14 -0.00025 -0.55
v 0.24 -0.00025 -0.525
v 0.24 -0.00025 -0.55
v 0.34 -0.00025 -0.55
v 0.34 -0.00025 -0.525
v 0.24 -0.00025 0.525
v 0.34 -0.00025 0.525
v 0.34 -0.00025 0.55
v 0.24 -0.00025 0.55
v 0.14 -0.00025 0.55
v 0.14 -0.00025 0.525
v 0.0366 -0.00025 0.55
v 0.0366 -0.00025 0.525
v -0.0366 -0.00025 0.55
v -0.0366 -0.00025 0.525
v -0.3399237 0.012 -0.5249792
v -0.339959 0.012 -0.5249438
v -0.3399414 -2.334591E-18 -0.5249614
v -0.3399203 0.014 -0.5249754
v -0.3399237 0.012 -0.5249792
v -0.3399414 -2.334591E-18 -0.5249614
v 0.3399354 0.012 -0.5249494
v 0.3398944 0.012 -0.524978
v 0.3399149 -2.334591E-18 -0.5249638
v 0.3504 0.012 2.663612E-05
v 0.3504001 0.012 -2.34127E-05
v 0.3504 -2.334591E-18 1.478195E-06
v 0.3398965 0.012 0.5249768
v 0.3399372 0.012 0.5249478
v 0.339917 -2.334591E-18 0.5249622
v -0.3399585 0.012 0.5249245
v -0.3399229 0.012 0.5249598
v -0.3399406 -2.334591E-18 0.5249423
v -0.3399406 -2.334591E-18 0.5249423
v -0.3399229 0.012 0.5249598
v -0.3399191 0.014 0.5249565
v -0.3504002 0.012 -2.144814E-05
v -0.3503998 0.012 2.863884E-05
v -0.3504 -2.334591E-18 3.709793E-06
v -0.3405506 0.0156575 -0.5261095
v -0.3399169 0.016 -0.5249718
v -0.3399525 0.016 -0.5249361
v -0.3405861 0.0156575 -0.5260739
v -0.3406903 0.01507203 -0.5270923
v -0.3407275 0.01506445 -0.5270595
v -0.3408914 0.01438507 -0.528055
v -0.3409213 0.01440116 -0.5280294
v -0.341166 0.01369579 -0.5289424
v -0.3411412 0.01367913 -0.5289748
v -0.3417876 0.01329582 -0.5287574
v -0.3414217 0.01380303 -0.5278225
v -0.3423894 0.01284759 -0.5286682
v -0.3417097 0.01323116 -0.5276858
v -0.3399237 0.012 -0.5249792
v -0.3412434 0.01219954 -0.5254272
v -0.339959 0.012 -0.5249438
v -0.341208 0.01219954 -0.5254626
v -0.3416495 0.01186639 -0.5265117
v -0.3416119 0.01187358 -0.526544
v -0.3417779 0.01146204 -0.5274795
v -0.3417403 0.01146923 -0.5275117
v -0.3429472 0.01156418 -0.5283074
v -0.3429097 0.01157137 -0.5283396
v -0.3399909 -1.84531E-18 -0.5247705
v -0.3399909 0.016 -0.5247705
v -0.3398495 0.016 -0.5246291
v -0.3398495 -7.684783E-19 -0.5246291
v -0.3398495 -7.684783E-19 -0.5246291
v -0.3398495 0.016 -0.5246291
v -0.3396586 0.016 -0.5246785
v -0.3396586 6.206339E-19 -0.5246785
v -0.3397505 0.016 -0.5250108
v -0.3397505 -2.643581E-18 -0.5250108
v -0.3396091 1.897368E-19 -0.5248694
v -0.3396091 0.016 -0.5248694
v -0.3396091 0.016 -0.5248694
v -0.3396586 0.016 -0.5246785
v -0.3398495 0.016 -0.5246291
v -0.3399909 0.016 -0.5247705
v -0.3397505 0.016 -0.5250108
v -0.3399525 0.016 -0.5249361
v -0.3399169 0.016 -0.5249718
v -0.3397505 0.016 -0.5250108
v -0.3396091 1.897368E-19 -0.5248694
v -0.3396586 6.206339E-19 -0.5246785
v -0.3396586 0.016 -0.5246785
v -0.3396091 0.016 -0.5248694
v -0.3399414 -2.334591E-18 -0.5249614
v -0.3397505 -2.643581E-18 -0.5250108
v -0.3397505 0.016 -0.5250108
v -0.3399203 0.014 -0.5249754
v -0.3399169 0.016 -0.5249718
v -0.3399557 0.014 -0.52494
v -0.3399525 0.016 -0.5249361
v -0.3399909 0.016 -0.5247705
v -0.339959 0.012 -0.5249438
v -0.3399909 -1.84531E-18 -0.5247705
v -0.3399414 -2.334591E-18 -0.5249614
v -0.3426019 0.01215968 -0.5285996
v -0.3423894 0.01284759 -0.5286682
v -0.3417097 0.01323116 -0.5276858
v -0.341814 0.01232079 -0.5276417
v -0.3429472 0.01156418 -0.5283074
v -0.3417779 0.01146204 -0.5274795
v -0.3416495 0.01186639 -0.5265117
v -0.341177 0.01355052 -0.5267969
v -0.3413696 0.01265254 -0.5266163
v -0.3411287 0.01423244 -0.5268759
v -0.3414217 0.01380303 -0.5278225
v -0.340863 0.01475334 -0.5257996
v -0.3412234 0.013 -0.5254444
v -0.3412434 0.01219954 -0.5254272
v -0.339959 0.012 -0.5249438
v -0.3399557 0.014 -0.52494
v -0.3410455 0.014 -0.5256197
v -0.3399525 0.016 -0.5249361
v -0.3405861 0.0156575 -0.5260739
v -0.3411287 0.01423244 -0.5268759
v -0.3405861 0.0156575 -0.5260739
v -0.340863 0.01475334 -0.5257996
v -0.3407275 0.01506445 -0.5270595
v -0.3414217 0.01380303 -0.5278225
v -0.3409213 0.01440116 -0.5280294
v -0.3417846 0.01327081 -0.5287936
v -0.3411412 0.01367913 -0.5289748
v -0.341166 0.01369579 -0.5289424
v -0.3417876 0.01329582 -0.5287574
v -0.3423524 0.01283665 -0.5287008
v -0.3423894 0.01284759 -0.5286682
v -0.3425643 0.01216687 -0.5286317
v -0.3426019 0.01215968 -0.5285996
v -0.3429097 0.01157137 -0.5283396
v -0.3429472 0.01156418 -0.5283074
v -0.3408914 0.01438507 -0.528055
v -0.3413846 0.0138106 -0.5278553
v -0.3410915 0.01424001 -0.5269086
v -0.3406903 0.01507203 -0.5270923
v -0.3408276 0.01475334 -0.525835
v -0.3405506 0.0156575 -0.5261095
v -0.3417846 0.01327081 -0.5287936
v -0.3423524 0.01283665 -0.5287008
v -0.3416726 0.01323872 -0.5277185
v -0.3413846 0.0138106 -0.5278553
v -0.3408914 0.01438507 -0.528055
v -0.3411412 0.01367913 -0.5289748
v -0.3425643 0.01216687 -0.5286317
v -0.3429097 0.01157137 -0.5283396
v -0.3417403 0.01146923 -0.5275117
v -0.3417763 0.01232797 -0.527674
v -0.3423524 0.01283665 -0.5287008
v -0.3416119 0.01187358 -0.526544
v -0.3416726 0.01323872 -0.5277185
v -0.341332 0.01265974 -0.5266485
v -0.341188 0.013 -0.5254799
v -0.341208 0.01219954 -0.5254626
v -0.3399237 0.012 -0.5249792
v -0.3399203 0.014 -0.5249754
v -0.3411399 0.01355809 -0.5268297
v -0.3413846 0.0138106 -0.5278553
v -0.3410915 0.01424001 -0.5269086
v -0.3410101 0.014 -0.5256552
v -0.3408276 0.01475334 -0.525835
v -0.3399169 0.016 -0.5249718
v -0.3405506 0.0156575 -0.5261095
v 0.3409398 0.0156575 -0.5257629
v 0.3399293 0.016 -0.5249415
v 0.339888 0.016 -0.5249704
v 0.3408987 0.0156575 -0.5257917
v 0.3418835 0.01507203 -0.526071
v 0.3418447 0.01506445 -0.5261019
v 0.3427967 0.01438507 -0.526436
v 0.3427663 0.01440116 -0.526461
v 0.343623 0.01369579 -0.5268604
v 0.3436592 0.01367913 -0.5268416
v 0.343333 0.01329582 -0.5274405
v 0.3424757 0.01380303 -0.526918
v 0.3431408 0.01284759 -0.5280177
v 0.3422912 0.01323116 -0.5271778
v 0.3399354 0.012 -0.5249494
v 0.3401478 0.01219954 -0.5263268
v 0.3398944 0.012 -0.524978
v 0.3401887 0.01219954 -0.5262981
v 0.3411454 0.01186639 -0.5269149
v 0.3411836 0.01187358 -0.5268834
v 0.3420762 0.01146204 -0.5272092
v 0.3421144 0.01146923 -0.5271778
v 0.3426887 0.01156418 -0.5285044
v 0.342727 0.01157137 -0.528473
v 0.3397183 -1.84531E-18 -0.5249794
v 0.3397183 0.016 -0.5249794
v 0.3396035 0.016 -0.5248156
v 0.3396035 -7.684783E-19 -0.5248156
v 0.3396035 -7.684783E-19 -0.5248156
v 0.3396035 0.016 -0.5248156
v 0.3396853 0.016 -0.5246361
v 0.3396853 6.206339E-19 -0.5246361
v 0.3399966 0.016 -0.5247843
v 0.3399966 -2.643581E-18 -0.5247843
v 0.339882 1.897368E-19 -0.5246206
v 0.339882 0.016 -0.5246206
v 0.339882 0.016 -0.5246206
v 0.3396853 0.016 -0.5246361
v 0.3396035 0.016 -0.5248156
v 0.3397183 0.016 -0.5249794
v 0.3399966 0.016 -0.5247843
v 0.339888 0.016 -0.5249704
v 0.3399293 0.016 -0.5249415
v 0.3399966 0.016 -0.5247843
v 0.339882 1.897368E-19 -0.5246206
v 0.3396853 6.206339E-19 -0.5246361
v 0.3396853 0.016 -0.5246361
v 0.339882 0.016 -0.5246206
v 0.3399149 -2.334591E-18 -0.5249638
v 0.3399966 -2.643581E-18 -0.5247843
v 0.3399966 0.016 -0.5247843
v 0.3399354 0.012 -0.5249494
v 0.3399323 0.014 -0.5249454
v 0.3399293 0.016 -0.5249415
v 0.3398913 0.014 -0.5249742
v 0.339888 0.016 -0.5249704
v 0.3397183 0.016 -0.5249794
v 0.3397183 -1.84531E-18 -0.5249794
v 0.3398944 0.012 -0.524978
v 0.3399149 -2.334591E-18 -0.5249638
v 0.3430363 0.01215968 -0.5282151
v 0.3431408 0.01284759 -0.5280177
v 0.3422912 0.01323116 -0.5271778
v 0.3422297 0.01232079 -0.5272729
v 0.3426887 0.01156418 -0.5285044
v 0.3420762 0.01146204 -0.5272092
v 0.3411454 0.01186639 -0.5269149
v 0.3415082 0.01355052 -0.5264992
v 0.3412969 0.01265254 -0.5266574
v 0.3415943 0.01423244 -0.5264652
v 0.3424757 0.01380303 -0.526918
v 0.3405804 0.01475334 -0.5260168
v 0.3401682 0.013 -0.5263101
v 0.3401478 0.01219954 -0.5263268
v 0.3398944 0.012 -0.524978
v 0.3398913 0.014 -0.5249742
v 0.3403717 0.014 -0.5261654
v 0.339888 0.016 -0.5249704
v 0.3408987 0.0156575 -0.5257917
v 0.3415943 0.01423244 -0.5264652
v 0.3408987 0.0156575 -0.5257917
v 0.3405804 0.01475334 -0.5260168
v 0.3418447 0.01506445 -0.5261019
v 0.3424757 0.01380303 -0.526918
v 0.3427663 0.01440116 -0.526461
v 0.3433692 0.01327081 -0.5274438
v 0.3436592 0.01367913 -0.5268416
v 0.343623 0.01369579 -0.5268604
v 0.343333 0.01329582 -0.5274405
v 0.3431794 0.01283665 -0.5279869
v 0.3431408 0.01284759 -0.5280177
v 0.3430745 0.01216687 -0.5281836
v 0.3430363 0.01215968 -0.5282151
v 0.342727 0.01157137 -0.528473
v 0.3426887 0.01156418 -0.5285044
v 0.3427967 0.01438507 -0.526436
v 0.3425145 0.0138106 -0.5268871
v 0.341633 0.01424001 -0.5264342
v 0.3418835 0.01507203 -0.526071
v 0.3406215 0.01475334 -0.5259881
v 0.3409398 0.0156575 -0.5257629
v 0.3433692 0.01327081 -0.5274438
v 0.3431794 0.01283665 -0.5279869
v 0.3423299 0.01323872 -0.527147
v 0.3425145 0.0138106 -0.5268871
v 0.3427967 0.01438507 -0.526436
v 0.3436592 0.01367913 -0.5268416
v 0.3430745 0.01216687 -0.5281836
v 0.342727 0.01157137 -0.528473
v 0.3421144 0.01146923 -0.5271778
v 0.3422679 0.01232797 -0.5272415
v 0.3431794 0.01283665 -0.5279869
v 0.3411836 0.01187358 -0.5268834
v 0.3423299 0.01323872 -0.527147
v 0.3413351 0.01265974 -0.5266259
v 0.3402092 0.013 -0.5262814
v 0.3401887 0.01219954 -0.5262981
v 0.3399354 0.012 -0.5249494
v 0.3399323 0.014 -0.5249454
v 0.3415469 0.01355809 -0.5264682
v 0.3425145 0.0138106 -0.5268871
v 0.341633 0.01424001 -0.5264342
v 0.3404127 0.014 -0.5261366
v 0.3406215 0.01475334 -0.5259881
v 0.3399293 0.016 -0.5249415
v 0.3409398 0.0156575 -0.5257629
v 0.3516412 0.0156575 0.000387125
v 0.35039 0.016 2.610207E-05
v 0.3503901 0.016 -2.427101E-05
v 0.3516413 0.0156575 0.0003368473
v 0.3524327 0.01507203 0.0009861279
v 0.352436 0.01506445 0.0009366512
v 0.3532537 0.01438507 0.001527681
v 0.3532569 0.01440116 0.001488466
v 0.3540738 0.01369579 0.001964025
v 0.354079 0.01367913 0.002004442
v 0.3543846 0.01329582 0.001394777
v 0.3534663 0.01380303 0.0009890842
v 0.3547488 0.01284759 0.0009075451
v 0.3535743 0.01323116 0.0006891727
v 0.3504 0.012 2.663612E-05
v 0.3516522 0.01219954 -0.0005851269
v 0.3504001 0.012 -2.34127E-05
v 0.3516519 0.01219954 -0.0005351162
v 0.3527045 0.01186639 -0.0001015758
v 0.3527004 0.01187358 -5.223274E-05
v 0.3534774 0.01146204 0.0004947949
v 0.3534734 0.01146923 0.0005440617
v 0.3548906 0.01156418 0.0002584743
v 0.3548866 0.01157137 0.0003077793
v 0.3503007 -1.84531E-18 -0.0001688099
v 0.3503007 0.016 -0.0001688099
v 0.3501006 0.016 -0.0001695728
v 0.3501006 -7.684783E-19 -0.0001695728
v 0.3501006 -7.684783E-19 -0.0001695728
v 0.3501006 0.016 -0.0001695728
v 0.35 0.016 -9.536743E-09
v 0.35 6.206339E-19 -9.536743E-09
v 0.3502994 0.016 0.0001710987
v 0.3502994 -2.643581E-18 0.0001710987
v 0.3500994 1.897368E-19 0.0001703548
v 0.3500994 0.016 0.0001703548
v 0.3500994 0.016 0.0001703548
v 0.35 0.016 -9.536743E-09
v 0.3501006 0.016 -0.0001695728
v 0.3503007 0.016 -0.0001688099
v 0.3502994 0.016 0.0001710987
v 0.3503901 0.016 -2.427101E-05
v 0.35039 0.016 2.610207E-05
v 0.3502994 0.016 0.0001710987
v 0.3500994 1.897368E-19 0.0001703548
v 0.35 6.206339E-19 -9.536743E-09
v 0.35 0.016 -9.536743E-09
v 0.3500994 0.016 0.0001703548
v 0.3504 -2.334591E-18 1.478195E-06
v 0.3502994 -2.643581E-18 0.0001710987
v 0.3502994 0.016 0.0001710987
v 0.3504 0.012 2.663612E-05
v 0.3503949 0.014 2.635002E-05
v 0.35039 0.016 2.610207E-05
v 0.3503951 0.014 -2.381325E-05
v 0.3503901 0.016 -2.427101E-05
v 0.3503007 0.016 -0.0001688099
v 0.3504001 0.012 -2.34127E-05
v 0.3503007 -1.84531E-18 -0.0001688099
v 0.3504 -2.334591E-18 1.478195E-06
v 0.3548513 0.01215968 0.0007090664
v 0.3547488 0.01284759 0.0009075451
v 0.3535743 0.01323116 0.0006891727
v 0.3536173 0.01232079 0.0005844593
v 0.3548906 0.01156418 0.0002584743
v 0.3534774 0.01146204 0.0004947949
v 0.3527045 0.01186639 -0.0001015758
v 0.3525701 0.01355052 0.0004336452
v 0.3525795 0.01265254 0.0001697826
v 0.3525914 0.01423244 0.0005236912
v 0.3534663 0.01380303 0.0009890842
v 0.3516446 0.01475334 -5.295753E-05
v 0.3516502 0.013 -0.0005588817
v 0.3516522 0.01219954 -0.0005851269
v 0.3504001 0.012 -2.34127E-05
v 0.3503951 0.014 -2.381325E-05
v 0.3516474 0.014 -0.0003091335
v 0.3503901 0.016 -2.427101E-05
v 0.3516413 0.0156575 0.0003368473
v 0.3525914 0.01423244 0.0005236912
v 0.3516413 0.0156575 0.0003368473
v 0.3516446 0.01475334 -5.295753E-05
v 0.352436 0.01506445 0.0009366512
v 0.3534663 0.01380303 0.0009890842
v 0.3532569 0.01440116 0.001488466
v 0.354408 0.01327081 0.001422644
v 0.354079 0.01367913 0.002004442
v 0.3540738 0.01369579 0.001964025
v 0.3543846 0.01329582 0.001394777
v 0.3547455 0.01283665 0.0009567928
v 0.3547488 0.01284759 0.0009075451
v 0.3548473 0.01216687 0.0007584476
v 0.3548513 0.01215968 0.0007090664
v 0.3548866 0.01157137 0.0003077793
v 0.3548906 0.01156418 0.0002584743
v 0.3532537 0.01438507 0.001527681
v 0.3534631 0.0138106 0.001038504
v 0.3525881 0.01424001 0.0005730915
v 0.3524327 0.01507203 0.0009861279
v 0.3516445 0.01475334 -2.851486E-06
v 0.3516412 0.0156575 0.000387125
v 0.354408 0.01327081 0.001422644
v 0.3547455 0.01283665 0.0009567928
v 0.3535711 0.01323872 0.0007386112
v 0.3534631 0.0138106 0.001038504
v 0.3532537 0.01438507 0.001527681
v 0.354079 0.01367913 0.002004442
v 0.3548473 0.01216687 0.0007584476
v 0.3548866 0.01157137 0.0003077793
v 0.3534734 0.01146923 0.0005440617
v 0.3536133 0.01232797 0.0006338024
v 0.3547455 0.01283665 0.0009567928
v 0.3527004 0.01187358 -5.223274E-05
v 0.3535711 0.01323872 0.0007386112
v 0.3525755 0.01265974 0.0002191448
v 0.35165 0.013 -0.0005087948
v 0.3516519 0.01219954 -0.0005351162
v 0.3504 0.012 2.663612E-05
v 0.3503949 0.014 2.635002E-05
v 0.3525668 0.01355809 0.0004830647
v 0.3534631 0.0138106 0.001038504
v 0.3525881 0.01424001 0.0005730915
v 0.3516472 0.014 -0.0002591038
v 0.3516445 0.01475334 -2.851486E-06
v 0.35039 0.016 2.610207E-05
v 0.3516412 0.0156575 0.000387125
v 0.3403259 0.0156575 0.5261959
v 0.3398911 0.016 0.5249684
v 0.3399321 0.016 0.5249392
v 0.3403669 0.0156575 0.5261668
v 0.3402997 0.01507203 0.5271883
v 0.3403418 0.01506445 0.5271621
v 0.3403372 0.01438507 0.528171
v 0.340371 0.01440116 0.5281508
v 0.3404599 0.01369579 0.5290918
v 0.34043 0.01367913 0.5291196
v 0.3411037 0.01329582 0.5290132
v 0.3408989 0.01380303 0.5280303
v 0.3417119 0.01284759 0.5290257
v 0.3412056 0.01323116 0.5279436
v 0.3398965 0.012 0.5249768
v 0.3411228 0.01219954 0.5256389
v 0.3399372 0.012 0.5249478
v 0.3410821 0.01219954 0.5256678
v 0.3413422 0.01186639 0.526776
v 0.3412998 0.01187358 0.5268015
v 0.3413073 0.01146204 0.5277516
v 0.3412649 0.01146923 0.527777
v 0.3423221 0.01156418 0.5287631
v 0.3422796 0.01157137 0.5287885
v 0.3399976 -1.84531E-18 0.5247823
v 0.3399976 0.016 0.5247823
v 0.3398817 0.016 0.5246192
v 0.3398817 -7.684783E-19 0.5246192
v 0.3398817 -7.684783E-19 0.5246192
v 0.3398817 0.016 0.5246192
v 0.3396853 0.016 0.5246361
v 0.3396853 6.206339E-19 0.5246361
v 0.3397205 0.016 0.5249791
v 0.3397205 -2.643581E-18 0.5249791
v 0.3396047 1.897368E-19 0.5248162
v 0.3396047 0.016 0.5248162
v 0.3396047 0.016 0.5248162
v 0.3396853 0.016 0.5246361
v 0.3398817 0.016 0.5246192
v 0.3399976 0.016 0.5247823
v 0.3397205 0.016 0.5249791
v 0.3399321 0.016 0.5249392
v 0.3398911 0.016 0.5249684
v 0.3397205 0.016 0.5249791
v 0.3396047 1.897368E-19 0.5248162
v 0.3396853 6.206339E-19 0.5246361
v 0.3396853 0.016 0.5246361
v 0.3396047 0.016 0.5248162
v 0.3398965 0.012 0.5249768
v 0.339917 -2.334591E-18 0.5249622
v 0.3397205 -2.643581E-18 0.5249791
v 0.3398937 0.014 0.5249726
v 0.3397205 0.016 0.5249791
v 0.3398911 0.016 0.5249684
v 0.3399346 0.014 0.5249435
v 0.3399321 0.016 0.5249392
v 0.3399976 0.016 0.5247823
v 0.3399372 0.012 0.5249478
v 0.3399976 -1.84531E-18 0.5247823
v 0.339917 -2.334591E-18 0.5249622
v 0.3419329 0.01215968 0.5289935
v 0.3417119 0.01284759 0.5290257
v 0.3412056 0.01323116 0.5279436
v 0.3413158 0.01232079 0.5279176
v 0.3423221 0.01156418 0.5287631
v 0.3413073 0.01146204 0.5277516
v 0.3413422 0.01186639 0.526776
v 0.3408288 0.01355052 0.5269783
v 0.3410489 0.01265254 0.5268323
v 0.340768 0.01423244 0.527048
v 0.3408989 0.01380303 0.5280303
v 0.3406857 0.01475334 0.5259425
v 0.3411003 0.013 0.5256526
v 0.3411228 0.01219954 0.5256389
v 0.3399372 0.012 0.5249478
v 0.3399346 0.014 0.5249435
v 0.3408957 0.014 0.5257956
v 0.3399321 0.016 0.5249392
v 0.3403669 0.0156575 0.5261668
v 0.340768 0.01423244 0.527048
v 0.3403669 0.0156575 0.5261668
v 0.3406857 0.01475334 0.5259425
v 0.3403418 0.01506445 0.5271621
v 0.3408989 0.01380303 0.5280303
v 0.340371 0.01440116 0.5281508
v 0.3410946 0.01327081 0.5290484
v 0.34043 0.01367913 0.5291196
v 0.3404599 0.01369579 0.5290918
v 0.3411037 0.01329582 0.5290132
v 0.3416699 0.01283665 0.5290517
v 0.3417119 0.01284759 0.5290257
v 0.3418904 0.01216687 0.5290189
v 0.3419329 0.01215968 0.5289935
v 0.3422796 0.01157137 0.5287885
v 0.3423221 0.01156418 0.5287631
v 0.3403372 0.01438507 0.528171
v 0.3408569 0.0138106 0.5280564
v 0.3407259 0.01424001 0.5270741
v 0.3402997 0.01507203 0.5271883
v 0.3406449 0.01475334 0.5259715
v 0.3403259 0.0156575 0.5261959
v 0.3410946 0.01327081 0.5290484
v 0.3416699 0.01283665 0.5290517
v 0.3411636 0.01323872 0.5279697
v 0.3408569 0.0138106 0.5280564
v 0.3403372 0.01438507 0.528171
v 0.34043 0.01367913 0.5291196
v 0.3418904 0.01216687 0.5290189
v 0.3422796 0.01157137 0.5287885
v 0.3412649 0.01146923 0.527777
v 0.3412734 0.01232797 0.527943
v 0.3416699 0.01283665 0.5290517
v 0.3412998 0.01187358 0.5268015
v 0.3411636 0.01323872 0.5279697
v 0.3410064 0.01265974 0.5268578
v 0.3410595 0.013 0.5256816
v 0.3410821 0.01219954 0.5256678
v 0.3398965 0.012 0.5249768
v 0.3398937 0.014 0.5249726
v 0.3407868 0.01355809 0.5270044
v 0.3408569 0.0138106 0.5280564
v 0.3407259 0.01424001 0.5270741
v 0.3408549 0.014 0.5258247
v 0.3406449 0.01475334 0.5259715
v 0.3398911 0.016 0.5249684
v 0.3403259 0.0156575 0.5261959
v -0.3410869 0.0156575 0.5255548
v -0.339951 0.016 0.5249178
v -0.3399153 0.016 0.5249533
v -0.3410512 0.0156575 0.5255902
v -0.3420693 0.01507203 0.5256975
v -0.3420364 0.01506445 0.5257346
v -0.3430313 0.01438507 0.5259014
v -0.3430057 0.01440116 0.5259312
v -0.343918 0.01369579 0.5261787
v -0.3439504 0.01367913 0.526154
v -0.3437311 0.01329582 0.5267997
v -0.3427973 0.01380303 0.526431
v -0.3436402 0.01284759 0.5274012
v -0.3426597 0.01323116 0.5267186
v -0.3399585 0.012 0.5249245
v -0.3404026 0.01219954 0.5262455
v -0.3399229 0.012 0.5249598
v -0.340438 0.01219954 0.5262103
v -0.3414859 0.01186639 0.5266549
v -0.3415182 0.01187358 0.5266174
v -0.3424533 0.01146204 0.5267862
v -0.3424855 0.01146923 0.5267487
v -0.3432777 0.01156418 0.527958
v -0.34331 0.01157137 0.5279205
v -0.3397496 -1.84531E-18 0.5249912
v -0.3397496 0.016 0.5249912
v -0.3396086 0.016 0.5248493
v -0.3396086 -7.684783E-19 0.5248493
v -0.3396086 -7.684783E-19 0.5248493
v -0.3396086 0.016 0.5248493
v -0.3396585 0.016 0.5246586
v -0.3396585 6.206339E-19 0.5246586
v -0.3399906 0.016 0.5247515
v -0.3399906 -2.643581E-18 0.5247515
v -0.3398497 1.897368E-19 0.5246097
v -0.3398497 0.016 0.5246097
v -0.3398497 0.016 0.5246097
v -0.3396585 0.016 0.5246586
v -0.3396086 0.016 0.5248493
v -0.3397496 0.016 0.5249912
v -0.3399906 0.016 0.5247515
v -0.3399153 0.016 0.5249533
v -0.339951 0.016 0.5249178
v -0.3399906 0.016 0.5247515
v -0.3398497 1.897368E-19 0.5246097
v -0.3396585 6.206339E-19 0.5246586
v -0.3396585 0.016 0.5246586
v -0.3398497 0.016 0.5246097
v -0.3399406 -2.334591E-18 0.5249423
v -0.3399906 -2.643581E-18 0.5247515
v -0.3399906 0.016 0.5247515
v -0.3399585 0.012 0.5249245
v -0.3399547 0.014 0.5249212
v -0.339951 0.016 0.5249178
v -0.3399191 0.014 0.5249565
v -0.3399153 0.016 0.5249533
v -0.3397496 0.016 0.5249912
v -0.3397496 -1.84531E-18 0.5249912
v -0.3399406 -2.334591E-18 0.5249423
v -0.3435709 0.01215968 0.5276135
v -0.3436402 0.01284759 0.5274012
v -0.3426597 0.01323116 0.5267186
v -0.3426154 0.01232079 0.5268227
v -0.3432777 0.01156418 0.527958
v -0.3424533 0.01146204 0.5267862
v -0.3414859 0.01186639 0.5266549
v -0.3417725 0.01355052 0.5261833
v -0.3415913 0.01265254 0.5263754
v -0.3418515 0.01423244 0.5261353
v -0.3427973 0.01380303 0.526431
v -0.3407761 0.01475334 0.5258664
v -0.3404199 0.013 0.5262257
v -0.3404026 0.01219954 0.5262455
v -0.3399229 0.012 0.5249598
v -0.3399191 0.014 0.5249565
v -0.3405957 0.014 0.5260484
v -0.3399153 0.016 0.5249533
v -0.3410512 0.0156575 0.5255902
v -0.3418515 0.01423244 0.5261353
v -0.3410512 0.0156575 0.5255902
v -0.3407761 0.01475334 0.5258664
v -0.3420364 0.01506445 0.5257346
v -0.3427973 0.01380303 0.526431
v -0.3430057 0.01440116 0.5259312
v -0.3437674 0.01327081 0.5267968
v -0.3439504 0.01367913 0.526154
v -0.343918 0.01369579 0.5261787
v -0.3437311 0.01329582 0.5267997
v -0.3436729 0.01283665 0.5273643
v -0.3436402 0.01284759 0.5274012
v -0.3436032 0.01216687 0.527576
v -0.3435709 0.01215968 0.5276135
v -0.34331 0.01157137 0.5279205
v -0.3432777 0.01156418 0.527958
v -0.3430313 0.01438507 0.5259014
v -0.3428302 0.0138106 0.526394
v -0.3418844 0.01424001 0.5260982
v -0.3420693 0.01507203 0.5256975
v -0.3408116 0.01475334 0.525831
v -0.3410869 0.0156575 0.5255548
v -0.3437674 0.01327081 0.5267968
v -0.3436729 0.01283665 0.5273643
v -0.3426927 0.01323872 0.5266816
v -0.3428302 0.0138106 0.526394
v -0.3430313 0.01438507 0.5259014
v -0.3439504 0.01367913 0.526154
v -0.3436032 0.01216687 0.527576
v -0.34331 0.01157137 0.5279205
v -0.3424855 0.01146923 0.5267487
v -0.3426477 0.01232797 0.5267852
v -0.3436729 0.01283665 0.5273643
v -0.3415182 0.01187358 0.5266174
v -0.3426927 0.01323872 0.5266816
v -0.3416236 0.01265974 0.5263378
v -0.3404554 0.013 0.5261904
v -0.340438 0.01219954 0.5262103
v -0.3399585 0.012 0.5249245
v -0.3399547 0.014 0.5249212
v -0.3418053 0.01355809 0.5261463
v -0.3428302 0.0138106 0.526394
v -0.3418844 0.01424001 0.5260982
v -0.3406312 0.014 0.526013
v -0.3408116 0.01475334 0.525831
v -0.339951 0.016 0.5249178
v -0.3410869 0.0156575 0.5255548
v -0.3516461 0.0156575 -0.0003657246
v -0.3503903 0.016 -2.104759E-05
v -0.3503898 0.016 2.934456E-05
v -0.3516456 0.0156575 -0.0003154659
v -0.3524455 0.01507203 -0.0009543705
v -0.352448 0.01506445 -0.0009048557
v -0.3532734 0.01438507 -0.001485147
v -0.353276 0.01440116 -0.001445913
v -0.354099 0.01369579 -0.001910791
v -0.3541048 0.01367913 -0.001951151
v -0.3544025 0.01329582 -0.001337519
v -0.3534788 0.01380303 -0.0009438419
v -0.3547603 0.01284759 -0.0008455944
v -0.353583 0.01323116 -0.0006425953
v -0.3504002 0.012 -2.144814E-05
v -0.3516444 0.01219954 0.0006066036
v -0.3503998 0.012 2.863884E-05
v -0.3516449 0.01219954 0.0005565739
v -0.3527029 0.01186639 0.0001367855
v -0.3526996 0.01187358 8.738517E-05
v -0.3534836 0.01146204 -0.0004494571
v -0.3534801 0.01146923 -0.0004988002
v -0.3548935 0.01156418 -0.0001947498
v -0.3548901 0.01157137 -0.000244112
v -0.3502984 -1.84531E-18 0.0001727009
v -0.3502984 0.016 0.0001727009
v -0.3500984 0.016 0.0001708507
v -0.3500984 -7.684783E-19 0.0001708507
v -0.3500984 -7.684783E-19 0.0001708507
v -0.3500984 0.016 0.0001708507
v -0.35 0.016 -2.861023E-08
v -0.35 6.206339E-19 -2.861023E-08
v -0.3503016 0.016 -0.0001671886
v -0.3503016 -2.643581E-18 -0.0001671886
v -0.3501017 1.897368E-19 -0.0001690578
v -0.3501017 0.016 -0.0001690578
v -0.3501017 0.016 -0.0001690578
v -0.35 0.016 -2.861023E-08
v -0.3500984 0.016 0.0001708507
v -0.3502984 0.016 0.0001727009
v -0.3503016 0.016 -0.0001671886
v -0.3503898 0.016 2.934456E-05
v -0.3503903 0.016 -2.104759E-05
v -0.3503016 0.016 -0.0001671886
v -0.3501017 1.897368E-19 -0.0001690578
v -0.35 6.206339E-19 -2.861023E-08
v -0.35 0.016 -2.861023E-08
v -0.3501017 0.016 -0.0001690578
v -0.3504 -2.334591E-18 3.709793E-06
v -0.3503016 -2.643581E-18 -0.0001671886
v -0.3503016 0.016 -0.0001671886
v -0.3504002 0.012 -2.144814E-05
v -0.3503953 0.014 -2.123833E-05
v -0.3503903 0.016 -2.104759E-05
v -0.3503947 0.014 2.896309E-05
v -0.3503898 0.016 2.934456E-05
v -0.3502984 0.016 0.0001727009
v -0.3503998 0.012 2.863884E-05
v -0.3502984 -1.84531E-18 0.0001727009
v -0.3504 -2.334591E-18 3.709793E-06
v -0.3548602 0.01215968 -0.0006458187
v -0.3547603 0.01284759 -0.0008455944
v -0.353583 0.01323116 -0.0006425953
v -0.3536246 0.01232079 -0.0005372906
v -0.3548935 0.01156418 -0.0001947498
v -0.3534836 0.01146204 -0.0004494571
v -0.3527029 0.01186639 0.0001367855
v -0.3525756 0.01355052 -0.000400114
v -0.3525815 0.01265254 -0.0001361561
v -0.352598 0.01423244 -0.000489912
v -0.3534788 0.01380303 -0.0009438419
v -0.3516437 0.01475334 7.437706E-05
v -0.3516428 0.013 0.0005802822
v -0.3516444 0.01219954 0.0006066036
v -0.3503998 0.012 2.863884E-05
v -0.3503947 0.014 2.896309E-05
v -0.3516432 0.014 0.0003305912
v -0.3503898 0.016 2.934456E-05
v -0.3516456 0.0156575 -0.0003154659
v -0.352598 0.01423244 -0.000489912
v -0.3516456 0.0156575 -0.0003154659
v -0.3516437 0.01475334 7.437706E-05
v -0.352448 0.01506445 -0.0009048557
v -0.3534788 0.01380303 -0.0009438419
v -0.353276 0.01440116 -0.001445913
v -0.3544262 0.01327081 -0.001365099
v -0.3541048 0.01367913 -0.001951151
v -0.354099 0.01369579 -0.001910791
v -0.3544025 0.01329582 -0.001337519
v -0.3547576 0.01283665 -0.0008948803
v -0.3547603 0.01284759 -0.0008455944
v -0.3548567 0.01216687 -0.000695219
v -0.3548602 0.01215968 -0.0006458187
v -0.3548901 0.01157137 -0.000244112
v -0.3548935 0.01156418 -0.0001947498
v -0.3532734 0.01438507 -0.001485147
v -0.3534763 0.0138106 -0.0009932994
v -0.3525953 0.01424001 -0.0005393505
v -0.3524455 0.01507203 -0.0009543705
v -0.3516443 0.01475334 2.425194E-05
v -0.3516461 0.0156575 -0.0003657246
v -0.3544262 0.01327081 -0.001365099
v -0.3547576 0.01283665 -0.0008948803
v -0.3535804 0.01323872 -0.0006920147
v -0.3534763 0.0138106 -0.0009932994
v -0.3532734 0.01438507 -0.001485147
v -0.3541048 0.01367913 -0.001951151
v -0.3548567 0.01216687 -0.000695219
v -0.3548901 0.01157137 -0.000244112
v -0.3534801 0.01146923 -0.0004988002
v -0.3536213 0.01232797 -0.0005866909
v -0.3547576 0.01283665 -0.0008948803
v -0.3526996 0.01187358 8.738517E-05
v -0.3535804 0.01323872 -0.0006920147
v -0.3525781 0.01265974 -0.0001855755
v -0.3516433 0.013 0.0005302334
v -0.3516449 0.01219954 0.0005565739
v -0.3504002 0.012 -2.144814E-05
v -0.3503953 0.014 -2.123833E-05
v -0.3525729 0.01355809 -0.0004495716
v -0.3534763 0.0138106 -0.0009932994
v -0.3525953 0.01424001 -0.0005393505
v -0.3516437 0.014 0.0002805233
v -0.3516443 0.01475334 2.425194E-05
v -0.3503903 0.016 -2.104759E-05
v -0.3516461 0.0156575 -0.0003657246
vt 0.07 0.5883461
vt 0.008789063 0.603
vt 0.07 0.6028997
vt 0.07 0.5883461
vt 0.07 0.6028997
vt 0.008789063 0.603
vt 0.07 0.5883461
vt 0.07 0.6028997
vt 0.008789063 0.603
vt 0.07 0.5883461
vt 0.008789063 0.603
vt 0.07 0.6028997
vt 0.8031313 0.6947812
vt 0.811582 0.6947812
vt 0.811582 0.6869442
vt 0.8027937 0.6945828
vt 0.8112444 0.6945828
vt 0.8112444 0.6867458
vt 0.498576 0.2491794
vt 0.498576 0.003065103
vt 0.2501256 0.2491794
vt 0.1810897 0.9628379
vt 0.1224796 0.9970703
vt 0.1224796 0.9648193
vt 0.1810897 0.9970703
vt 0.2373047 0.9609375
vt 0.2373047 0.9970704
vt 0.2360431 0.9621055
vt 0.3520994 0.9901896
vt 0.3522958 0.9620625
vt 0.2359787 0.9900401
vt 0.1196113 0.9622523
vt 0.119611 0.9905778
vt 0.6693732 0.9038836
vt 0.5022209 0.9038838
vt 0.5022209 0.980126
vt 0.6693732 0.980126
vt 0.6693732 0.980126
vt 0.6693732 0.9038835
vt 0.5022209 0.9038836
vt 0.5022209 0.980126
vt 0.5906148 0.7898519
vt 0.6526728 0.7903701
vt 0.6291108 0.8651981
vt 0.5906405 0.8648023
vt 0.5548362 0.8647072
vt 0.5303764 0.7898746
vt 0.5010914 0.9803301
vt 0.5010914 0.9993367
vt 0.672287 0.9993367
vt 0.672287 0.9803301
vt 0.5010914 0.9803301
vt 0.5010914 0.9993367
vt 0.672287 0.9993367
vt 0.672287 0.9803301
vt 0.5010914 0.9803301
vt 0.5010914 0.9993367
vt 0.672287 0.9993367
vt 0.672287 0.9803301
vt 0.5010914 0.9803301
vt 0.5010914 0.9993367
vt 0.672287 0.9993367
vt 0.672287 0.9803301
vt 0.6689368 0.6796216
vt 0.6689368 0.7011698
vt 0.5849501 0.7011698
vt 0.5849501 0.6796216
vt 0.5031173 0.7011698
vt 0.6689368 0.6525326
vt 0.5031173 0.6796216
vt 0.5849501 0.6525326
vt 0.6689368 0.6319693
vt 0.5031173 0.6525326
vt 0.5849501 0.6319693
vt 0.5031173 0.6319693
vt 0.6689119 0.6796216
vt 0.6689119 0.7011698
vt 0.5031173 0.7011698
vt 0.5031173 0.6796216
vt 0.6689119 0.6525326
vt 0.5031173 0.6525326
vt 0.6689119 0.6319693
vt 0.5031173 0.6319693
vt 0.1810897 0.9628379
vt 0.1224796 0.9648193
vt 0.1224796 0.9970703
vt 0.1810897 0.9970703
vt 0.2373047 0.9609375
vt 0.2373047 0.9970704
vt 0.3519718 0.9970703
vt 0.3519718 0.9648193
vt 0.2383419 0.9628973
vt 0.2383419 0.9970703
vt 0.1224796 0.9609375
vt 0.1224796 0.9970703
vt 0.5030025 0.7012102
vt 0.6690406 0.7012102
vt 0.6690406 0.6796463
vt 0.5030025 0.6796463
vt 0.5030025 0.6525375
vt 0.6690406 0.6525375
vt 0.5030025 0.6319592
vt 0.6690406 0.6319592
vt 0.6689323 0.7012102
vt 0.5028942 0.7012102
vt 0.5028942 0.6796463
vt 0.6689323 0.6796463
vt 0.6689323 0.6525375
vt 0.5028942 0.6525375
vt 0.6689323 0.6319592
vt 0.5028942 0.6319592
vt 0.5030025 0.6796463
vt 0.5030025 0.7012102
vt 0.6690406 0.7012102
vt 0.6690406 0.6796463
vt 0.5030025 0.6525375
vt 0.6690406 0.6525375
vt 0.5030025 0.6319592
vt 0.6690406 0.6319592
vt 0.2360431 0.9621055
vt 0.3522958 0.9620625
vt 0.3520994 0.9901896
vt 0.2359787 0.9900401
vt 0.1196113 0.9622523
vt 0.119611 0.9905778
vt 0.007852793 0.9622372
vt 0.007853031 0.9905937
vt 0.7529203 0.7623935
vt 0.7529202 0.7839417
vt 0.6689119 0.7839417
vt 0.6689119 0.7623935
vt 0.7529203 0.7353045
vt 0.6689119 0.7353045
vt 0.7529202 0.7147412
vt 0.6689119 0.7147412
vt 0.6693732 0.980126
vt 0.5022209 0.9801261
vt 0.5022209 0.9035884
vt 0.6693732 0.9035882
vt 0.6693732 0.9035881
vt 0.6693732 0.980126
vt 0.5022209 0.980126
vt 0.5022209 0.9035882
vt 0.6693732 0.980126
vt 0.5022209 0.980126
vt 0.5022209 0.9035881
vt 0.6693732 0.9035879
vt 0.5864772 0.7901525
vt 0.5547314 0.8657181
vt 0.530823 0.7903093
vt 0.5865375 0.8651645
vt 0.6294483 0.8652138
vt 0.6529763 0.7899683
vt 0.5911639 0.864728
vt 0.5544026 0.8652406
vt 0.5316102 0.7909408
vt 0.592614 0.7898588
vt 0.629346 0.8646917
vt 0.6529257 0.7895787
vt 0.5010914 0.9803301
vt 0.672287 0.9803301
vt 0.672287 0.9993367
vt 0.5010914 0.9993367
vt 0.5010914 0.9803301
vt 0.672287 0.9803301
vt 0.672287 0.9993367
vt 0.5010914 0.9993367
vt 0.5010914 0.9803301
vt 0.672287 0.9803301
vt 0.672287 0.9993367
vt 0.5010914 0.9993367
vt 0.5010914 0.9803301
vt 0.672287 0.9803301
vt 0.672287 0.9993367
vt 0.5010914 0.9993367
vt 0.5010914 0.9803301
vt 0.672287 0.9803301
vt 0.672287 0.9993367
vt 0.5010914 0.9993367
vt 0.5010914 0.9803301
vt 0.672287 0.9803301
vt 0.672287 0.9993367
vt 0.5010914 0.9993367
vt 0.5010914 0.9803301
vt 0.672287 0.9803301
vt 0.672287 0.9993367
vt 0.5010914 0.9993367
vt 0.008789063 0.603
vt 0.09620772 0.603
vt 0.09620772 0.5927506
vt 0.008789063 0.5927506
vt 0.6650391 0.5466543
vt 0.6650391 0.5173574
vt 0.5830078 0.5173574
vt 0.5830078 0.5466543
vt 0.6738281 0.5466543
vt 0.6650391 0.5173574
vt 0.6650391 0.5466543
vt 0.6738281 0.5173574
vt 0.6972656 0.5046621
vt 0.6972656 0.5466543
vt 0.6972656 0.5466543
vt 0.8369141 0.5466543
vt 0.8369141 0.5046621
vt 0.6972656 0.5046621
vt 0.07 0.6078761
vt 0.008789063 0.5889399
vt 0.01811162 0.9493345
vt 0.2373047 0.9525542
vt 0.2373047 0.6078761
vt 0.1134849 0.9493345
vt 0.03171155 0.5889399
vt 0.008789063 0.5889399
vt 0.008789063 0.9493345
vt 0.2373047 0.5889399
vt 0.008789063 0.5889399
vt 0.008789063 0.9493345
vt 0.2373047 0.9493345
vt 0.008789063 0.5927506
vt 0.008789063 0.603
vt 0.03076473 0.603
vt 0.03076473 0.5927506
vt 0.05941346 0.603
vt 0.05941346 0.5927506
vt 0.08862577 0.603
vt 0.08862577 0.5927506
vt 0.2373047 0.5927506
vt 0.008789063 0.5927506
vt 0.008789063 0.603
vt 0.2373047 0.603
vt 0.2373047 0.5927506
vt 0.008789063 0.5927506
vt 0.008789063 0.603
vt 0.2373047 0.603
vt 0.03076473 0.603
vt 0.008789063 0.603
vt 0.008789063 0.5927506
vt 0.03076473 0.5927506
vt 0.05941346 0.603
vt 0.05941346 0.5927506
vt 0.08864761 0.603
vt 0.08864761 0.5927506
vt 0.03171155 0.5889399
vt 0.008789063 0.5889399
vt 0.008789063 0.9493345
vt 0.1134849 0.9493345
vt 0.008789063 0.9493345
vt 0.008789063 0.5889399
vt 0.03171155 0.5889399
vt 0.1134849 0.9493345
vt 0.008789063 0.5889399
vt 0.03171155 0.5889399
vt 0.1134849 0.9493345
vt 0.008789063 0.9493345
vt 0.1693327 0.9493345
vt 0.133059 0.5889399
vt 0.1066918 0.5889399
vt 0.06015849 0.9493345
vt 0.1693327 0.9493345
vt 0.133059 0.5889399
vt 0.1066918 0.5889399
vt 0.06015849 0.9493345
vt 0.2373047 0.5889399
vt 0.008789063 0.5889399
vt 0.01951797 0.9493345
vt 0.2373047 0.9493345
vt 0.008789063 0.5927506
vt 0.008789063 0.603
vt 0.2373047 0.603
vt 0.2373047 0.5927506
vt 0.2373047 0.5889399
vt 0.008789063 0.5889399
vt 0.008789063 0.9493345
vt 0.2373047 0.9493345
vt 0.008789063 0.5927506
vt 0.008789063 0.603
vt 0.2373047 0.603
vt 0.2373047 0.5927506
vt 0.2373047 0.9493345
vt 0.2373047 0.5889399
vt 0.008789063 0.5889399
vt 0.008789063 0.9493345
vt 0.7529202 0.762403
vt 0.6689119 0.7839417
vt 0.7529202 0.7839417
vt 0.6689119 0.762403
vt 0.7529202 0.7352545
vt 0.6689119 0.7352545
vt 0.7529202 0.7147412
vt 0.6689119 0.7147412
vt 0.1810897 0.9628379
vt 0.1224796 0.9648193
vt 0.1224796 0.9970703
vt 0.1810897 0.9970703
vt 0.2373047 0.9609375
vt 0.2373047 0.9970704
vt 0.2360431 0.9621055
vt 0.3522958 0.9620625
vt 0.3520994 0.9901896
vt 0.2359787 0.9900401
vt 0.1196113 0.9622523
vt 0.119611 0.9905778
vt 0.1810897 0.9628379
vt 0.1224796 0.9970703
vt 0.1224796 0.9648193
vt 0.1810897 0.9970703
vt 0.2373047 0.9609375
vt 0.2373047 0.9970704
vt 0.3519718 0.9970703
vt 0.2383419 0.9628973
vt 0.3519718 0.9648193
vt 0.2383419 0.9970703
vt 0.1224796 0.9609375
vt 0.1224796 0.9970703
vt 0.2360431 0.9621055
vt 0.3520994 0.9901896
vt 0.3522958 0.9620625
vt 0.2359787 0.9900401
vt 0.1196113 0.9622523
vt 0.119611 0.9905778
vt 0.007852793 0.9622372
vt 0.007853031 0.9905937
vt 0.008789063 0.603
vt 0.008789063 0.5927506
vt 0.09620772 0.5927506
vt 0.09620772 0.603
vt 0.6650391 0.5466543
vt 0.5830078 0.5466543
vt 0.5830078 0.5173574
vt 0.6650391 0.5173574
vt 0.6738281 0.5466543
vt 0.6650391 0.5466543
vt 0.6650391 0.5173574
vt 0.6738281 0.5173574
vt 0.6972656 0.5046621
vt 0.6972656 0.5466543
vt 0.6972656 0.5466543
vt 0.6972656 0.5046621
vt 0.8369141 0.5046621
vt 0.8369141 0.5466543
vt 0.07 0.6078761
vt 0.01811162 0.9493345
vt 0.008789063 0.5889399
vt 0.2373047 0.9525542
vt 0.2373047 0.6078761
vt 0.1134849 0.9493345
vt 0.008789063 0.9493345
vt 0.008789063 0.5889399
vt 0.03171155 0.5889399
vt 0.2373047 0.5889399
vt 0.2373047 0.9493345
vt 0.008789063 0.9493345
vt 0.008789063 0.5889399
vt 0.008789063 0.5927506
vt 0.03076473 0.603
vt 0.008789063 0.603
vt 0.03076473 0.5927506
vt 0.05941346 0.603
vt 0.05941346 0.5927506
vt 0.08862577 0.603
vt 0.08862577 0.5927506
vt 0.2373047 0.5927506
vt 0.2373047 0.603
vt 0.008789063 0.603
vt 0.008789063 0.5927506
vt 0.2373047 0.5927506
vt 0.2373047 0.603
vt 0.008789063 0.603
vt 0.008789063 0.5927506
vt 0.03076473 0.603
vt 0.008789063 0.5927506
vt 0.008789063 0.603
vt 0.03076473 0.5927506
vt 0.05941346 0.603
vt 0.05941346 0.5927506
vt 0.08864761 0.603
vt 0.08864761 0.5927506
vt 0.03171155 0.5889399
vt 0.1134849 0.9493345
vt 0.008789063 0.9493345
vt 0.008789063 0.5889399
vt 0.008789063 0.9493345
vt 0.1134849 0.9493345
vt 0.03171155 0.5889399
vt 0.008789063 0.5889399
vt 0.008789063 0.5889399
vt 0.008789063 0.9493345
vt 0.1134849 0.9493345
vt 0.03171155 0.5889399
vt 0.1693327 0.9493345
vt 0.06015849 0.9493345
vt 0.1066918 0.5889399
vt 0.133059 0.5889399
vt 0.1693327 0.9493345
vt 0.06015849 0.9493345
vt 0.1066918 0.5889399
vt 0.133059 0.5889399
vt 0.2373047 0.5889399
vt 0.2373047 0.9493345
vt 0.01951797 0.9493345
vt 0.008789063 0.5889399
vt 0.008789063 0.5927506
vt 0.2373047 0.5927506
vt 0.2373047 0.603
vt 0.008789063 0.603
vt 0.2373047 0.5889399
vt 0.2373047 0.9493345
vt 0.008789063 0.9493345
vt 0.008789063 0.5889399
vt 0.008789063 0.5927506
vt 0.2373047 0.5927506
vt 0.2373047 0.603
vt 0.008789063 0.603
vt 0.2373047 0.9493345
vt 0.008789063 0.9493345
vt 0.008789063 0.5889399
vt 0.2373047 0.5889399
vt 0.6693732 0.9038836
vt 0.6693732 0.980126
vt 0.5022209 0.980126
vt 0.5022209 0.9038838
vt 0.6693732 0.980126
vt 0.5022209 0.980126
vt 0.5022209 0.9038836
vt 0.6693732 0.9038835
vt 0.5906148 0.7898519
vt 0.6291108 0.8651981
vt 0.6526728 0.7903701
vt 0.5906405 0.8648023
vt 0.5548362 0.8647072
vt 0.5303764 0.7898746
vt 0.5010914 0.9803301
vt 0.672287 0.9803301
vt 0.672287 0.9993367
vt 0.5010914 0.9993367
vt 0.5010914 0.9803301
vt 0.672287 0.9803301
vt 0.672287 0.9993367
vt 0.5010914 0.9993367
vt 0.5010914 0.9803301
vt 0.672287 0.9803301
vt 0.672287 0.9993367
vt 0.5010914 0.9993367
vt 0.5010914 0.9803301
vt 0.672287 0.9803301
vt 0.672287 0.9993367
vt 0.5010914 0.9993367
vt 0.6693732 0.980126
vt 0.6693732 0.9035882
vt 0.5022209 0.9035884
vt 0.5022209 0.9801261
vt 0.6693732 0.9035881
vt 0.5022209 0.9035882
vt 0.5022209 0.980126
vt 0.6693732 0.980126
vt 0.6693732 0.980126
vt 0.6693732 0.9035879
vt 0.5022209 0.9035881
vt 0.5022209 0.980126
vt 0.5864772 0.7901525
vt 0.530823 0.7903093
vt 0.5547314 0.8657181
vt 0.5865375 0.8651645
vt 0.6294483 0.8652138
vt 0.6529763 0.7899683
vt 0.5911639 0.864728
vt 0.5316102 0.7909408
vt 0.5544026 0.8652406
vt 0.592614 0.7898588
vt 0.629346 0.8646917
vt 0.6529257 0.7895787
vt 0.5010914 0.9803301
vt 0.5010914 0.9993367
vt 0.672287 0.9993367
vt 0.672287 0.9803301
vt 0.5010914 0.9803301
vt 0.5010914 0.9993367
vt 0.672287 0.9993367
vt 0.672287 0.9803301
vt 0.5010914 0.9803301
vt 0.5010914 0.9993367
vt 0.672287 0.9993367
vt 0.672287 0.9803301
vt 0.5010914 0.9803301
vt 0.5010914 0.9993367
vt 0.672287 0.9993367
vt 0.672287 0.9803301
vt 0.5010914 0.9803301
vt 0.5010914 0.9993367
vt 0.672287 0.9993367
vt 0.672287 0.9803301
vt 0.5010914 0.9803301
vt 0.5010914 0.9993367
vt 0.672287 0.9993367
vt 0.672287 0.9803301
vt 0.5010914 0.9803301
vt 0.5010914 0.9993367
vt 0.672287 0.9993367
vt 0.672287 0.9803301
vt 0.1810897 0.9628379
vt 0.1224796 0.9648193
vt 0.1224796 0.9970703
vt 0.1810897 0.9970703
vt 0.2373047 0.9609375
vt 0.2373047 0.9970704
vt 0.2360431 0.9621055
vt 0.3522958 0.9620625
vt 0.3520994 0.9901896
vt 0.2359787 0.9900401
vt 0.1196113 0.9622523
vt 0.119611 0.9905778
vt 0.6693732 0.9038836
vt 0.6693732 0.980126
vt 0.5022209 0.980126
vt 0.5022209 0.9038838
vt 0.6693732 0.980126
vt 0.5022209 0.980126
vt 0.5022209 0.9038836
vt 0.6693732 0.9038835
vt 0.5906148 0.7898519
vt 0.6291108 0.8651981
vt 0.6526728 0.7903701
vt 0.5906405 0.8648023
vt 0.5548362 0.8647072
vt 0.5303764 0.7898746
vt 0.5010914 0.9803301
vt 0.672287 0.9803301
vt 0.672287 0.9993367
vt 0.5010914 0.9993367
vt 0.5010914 0.9803301
vt 0.672287 0.9803301
vt 0.672287 0.9993367
vt 0.5010914 0.9993367
vt 0.5010914 0.9803301
vt 0.672287 0.9803301
vt 0.672287 0.9993367
vt 0.5010914 0.9993367
vt 0.5010914 0.9803301
vt 0.672287 0.9803301
vt 0.672287 0.9993367
vt 0.5010914 0.9993367
vt 0.6689368 0.6796216
vt 0.5849501 0.7011698
vt 0.6689368 0.7011698
vt 0.5849501 0.6796216
vt 0.5031173 0.7011698
vt 0.6689368 0.6525326
vt 0.5031173 0.6796216
vt 0.5849501 0.6525326
vt 0.6689368 0.6319693
vt 0.5031173 0.6525326
vt 0.5849501 0.6319693
vt 0.5031173 0.6319693
vt 0.6689119 0.6796216
vt 0.5031173 0.7011698
vt 0.6689119 0.7011698
vt 0.5031173 0.6796216
vt 0.6689119 0.6525326
vt 0.5031173 0.6525326
vt 0.6689119 0.6319693
vt 0.5031173 0.6319693
vt 0.1810897 0.9628379
vt 0.1224796 0.9970703
vt 0.1224796 0.9648193
vt 0.1810897 0.9970703
vt 0.2373047 0.9609375
vt 0.2373047 0.9970704
vt 0.3519718 0.9970703
vt 0.2383419 0.9628973
vt 0.3519718 0.9648193
vt 0.2383419 0.9970703
vt 0.1224796 0.9609375
vt 0.1224796 0.9970703
vt 0.5030025 0.7012102
vt 0.6690406 0.6796463
vt 0.6690406 0.7012102
vt 0.5030025 0.6796463
vt 0.5030025 0.6525375
vt 0.6690406 0.6525375
vt 0.5030025 0.6319592
vt 0.6690406 0.6319592
vt 0.6689323 0.7012102
vt 0.5028942 0.6796463
vt 0.5028942 0.7012102
vt 0.6689323 0.6796463
vt 0.6689323 0.6525375
vt 0.5028942 0.6525375
vt 0.6689323 0.6319592
vt 0.5028942 0.6319592
vt 0.5030025 0.6796463
vt 0.6690406 0.7012102
vt 0.5030025 0.7012102
vt 0.6690406 0.6796463
vt 0.5030025 0.6525375
vt 0.6690406 0.6525375
vt 0.5030025 0.6319592
vt 0.6690406 0.6319592
vt 0.2360431 0.9621055
vt 0.3520994 0.9901896
vt 0.3522958 0.9620625
vt 0.2359787 0.9900401
vt 0.1196113 0.9622523
vt 0.119611 0.9905778
vt 0.007852793 0.9622372
vt 0.007853031 0.9905937
vt 0.7529203 0.7623935
vt 0.6689119 0.7839417
vt 0.7529202 0.7839417
vt 0.6689119 0.7623935
vt 0.7529203 0.7353045
vt 0.6689119 0.7353045
vt 0.7529202 0.7147412
vt 0.6689119 0.7147412
vt 0.6693732 0.980126
vt 0.6693732 0.9035882
vt 0.5022209 0.9035884
vt 0.5022209 0.9801261
vt 0.6693732 0.9035881
vt 0.5022209 0.9035882
vt 0.5022209 0.980126
vt 0.6693732 0.980126
vt 0.6693732 0.980126
vt 0.6693732 0.9035879
vt 0.5022209 0.9035881
vt 0.5022209 0.980126
vt 0.5864772 0.7901525
vt 0.530823 0.7903093
vt 0.5547314 0.8657181
vt 0.5865375 0.8651645
vt 0.6294483 0.8652138
vt 0.6529763 0.7899683
vt 0.5911639 0.864728
vt 0.5316102 0.7909408
vt 0.5544026 0.8652406
vt 0.592614 0.7898588
vt 0.629346 0.8646917
vt 0.6529257 0.7895787
vt 0.5010914 0.9803301
vt 0.5010914 0.9993367
vt 0.672287 0.9993367
vt 0.672287 0.9803301
vt 0.5010914 0.9803301
vt 0.5010914 0.9993367
vt 0.672287 0.9993367
vt 0.672287 0.9803301
vt 0.5010914 0.9803301
vt 0.5010914 0.9993367
vt 0.672287 0.9993367
vt 0.672287 0.9803301
vt 0.5010914 0.9803301
vt 0.5010914 0.9993367
vt 0.672287 0.9993367
vt 0.672287 0.9803301
vt 0.5010914 0.9803301
vt 0.5010914 0.9993367
vt 0.672287 0.9993367
vt 0.672287 0.9803301
vt 0.5010914 0.9803301
vt 0.5010914 0.9993367
vt 0.672287 0.9993367
vt 0.672287 0.9803301
vt 0.5010914 0.9803301
vt 0.5010914 0.9993367
vt 0.672287 0.9993367
vt 0.672287 0.9803301
vt 0.008789063 0.603
vt 0.008789063 0.5927506
vt 0.09620772 0.5927506
vt 0.09620772 0.603
vt 0.6650391 0.5466543
vt 0.5830078 0.5466543
vt 0.5830078 0.5173574
vt 0.6650391 0.5173574
vt 0.6738281 0.5466543
vt 0.6650391 0.5466543
vt 0.6650391 0.5173574
vt 0.6738281 0.5173574
vt 0.6972656 0.5046621
vt 0.6972656 0.5466543
vt 0.6972656 0.5466543
vt 0.6972656 0.5046621
vt 0.8369141 0.5046621
vt 0.8369141 0.5466543
vt 0.07 0.6078761
vt 0.01811162 0.9493345
vt 0.008789063 0.5889399
vt 0.2373047 0.9525542
vt 0.2373047 0.6078761
vt 0.1134849 0.9493345
vt 0.008789063 0.9493345
vt 0.008789063 0.5889399
vt 0.03171155 0.5889399
vt 0.2373047 0.5889399
vt 0.2373047 0.9493345
vt 0.008789063 0.9493345
vt 0.008789063 0.5889399
vt 0.008789063 0.5927506
vt 0.03076473 0.603
vt 0.008789063 0.603
vt 0.03076473 0.5927506
vt 0.05941346 0.603
vt 0.05941346 0.5927506
vt 0.08862577 0.603
vt 0.08862577 0.5927506
vt 0.2373047 0.5927506
vt 0.2373047 0.603
vt 0.008789063 0.603
vt 0.008789063 0.5927506
vt 0.2373047 0.5927506
vt 0.2373047 0.603
vt 0.008789063 0.603
vt 0.008789063 0.5927506
vt 0.03076473 0.603
vt 0.008789063 0.5927506
vt 0.008789063 0.603
vt 0.03076473 0.5927506
vt 0.05941346 0.603
vt 0.05941346 0.5927506
vt 0.08864761 0.603
vt 0.08864761 0.5927506
vt 0.03171155 0.5889399
vt 0.1134849 0.9493345
vt 0.008789063 0.9493345
vt 0.008789063 0.5889399
vt 0.008789063 0.9493345
vt 0.1134849 0.9493345
vt 0.03171155 0.5889399
vt 0.008789063 0.5889399
vt 0.008789063 0.5889399
vt 0.008789063 0.9493345
vt 0.1134849 0.9493345
vt 0.03171155 0.5889399
vt 0.1693327 0.9493345
vt 0.06015849 0.9493345
vt 0.1066918 0.5889399
vt 0.133059 0.5889399
vt 0.1693327 0.9493345
vt 0.06015849 0.9493345
vt 0.1066918 0.5889399
vt 0.133059 0.5889399
vt 0.2373047 0.5889399
vt 0.2373047 0.9493345
vt 0.01951797 0.9493345
vt 0.008789063 0.5889399
vt 0.008789063 0.5927506
vt 0.2373047 0.5927506
vt 0.2373047 0.603
vt 0.008789063 0.603
vt 0.2373047 0.5889399
vt 0.2373047 0.9493345
vt 0.008789063 0.9493345
vt 0.008789063 0.5889399
vt 0.008789063 0.5927506
vt 0.2373047 0.5927506
vt 0.2373047 0.603
vt 0.008789063 0.603
vt 0.2373047 0.9493345
vt 0.008789063 0.9493345
vt 0.008789063 0.5889399
vt 0.2373047 0.5889399
vt 0.7529202 0.762403
vt 0.7529202 0.7839417
vt 0.6689119 0.7839417
vt 0.6689119 0.762403
vt 0.7529202 0.7352545
vt 0.6689119 0.7352545
vt 0.7529202 0.7147412
vt 0.6689119 0.7147412
vt 0.1810897 0.9628379
vt 0.1224796 0.9970703
vt 0.1224796 0.9648193
vt 0.1810897 0.9970703
vt 0.2373047 0.9609375
vt 0.2373047 0.9970704
vt 0.2360431 0.9621055
vt 0.3520994 0.9901896
vt 0.3522958 0.9620625
vt 0.2359787 0.9900401
vt 0.1196113 0.9622523
vt 0.119611 0.9905778
vt 0.1810897 0.9628379
vt 0.1224796 0.9648193
vt 0.1224796 0.9970703
vt 0.1810897 0.9970703
vt 0.2373047 0.9609375
vt 0.2373047 0.9970704
vt 0.3519718 0.9970703
vt 0.3519718 0.9648193
vt 0.2383419 0.9628973
vt 0.2383419 0.9970703
vt 0.1224796 0.9609375
vt 0.1224796 0.9970703
vt 0.2360431 0.9621055
vt 0.3522958 0.9620625
vt 0.3520994 0.9901896
vt 0.2359787 0.9900401
vt 0.1196113 0.9622523
vt 0.119611 0.9905778
vt 0.007852793 0.9622372
vt 0.007853031 0.9905937
vt 0.008789063 0.603
vt 0.09620772 0.603
vt 0.09620772 0.5927506
vt 0.008789063 0.5927506
vt 0.6650391 0.5466543
vt 0.6650391 0.5173574
vt 0.5830078 0.5173574
vt 0.5830078 0.5466543
vt 0.6738281 0.5466543
vt 0.6650391 0.5173574
vt 0.6650391 0.5466543
vt 0.6738281 0.5173574
vt 0.6972656 0.5046621
vt 0.6972656 0.5466543
vt 0.6972656 0.5466543
vt 0.8369141 0.5466543
vt 0.8369141 0.5046621
vt 0.6972656 0.5046621
vt 0.07 0.6078761
vt 0.008789063 0.5889399
vt 0.01811162 0.9493345
vt 0.2373047 0.9525542
vt 0.2373047 0.6078761
vt 0.1134849 0.9493345
vt 0.03171155 0.5889399
vt 0.008789063 0.5889399
vt 0.008789063 0.9493345
vt 0.2373047 0.5889399
vt 0.008789063 0.5889399
vt 0.008789063 0.9493345
vt 0.2373047 0.9493345
vt 0.008789063 0.5927506
vt 0.008789063 0.603
vt 0.03076473 0.603
vt 0.03076473 0.5927506
vt 0.05941346 0.603
vt 0.05941346 0.5927506
vt 0.08862577 0.603
vt 0.08862577 0.5927506
vt 0.2373047 0.5927506
vt 0.008789063 0.5927506
vt 0.008789063 0.603
vt 0.2373047 0.603
vt 0.2373047 0.5927506
vt 0.008789063 0.5927506
vt 0.008789063 0.603
vt 0.2373047 0.603
vt 0.03076473 0.603
vt 0.008789063 0.603
vt 0.008789063 0.5927506
vt 0.03076473 0.5927506
vt 0.05941346 0.603
vt 0.05941346 0.5927506
vt 0.08864761 0.603
vt 0.08864761 0.5927506
vt 0.03171155 0.5889399
vt 0.008789063 0.5889399
vt 0.008789063 0.9493345
vt 0.1134849 0.9493345
vt 0.008789063 0.9493345
vt 0.008789063 0.5889399
vt 0.03171155 0.5889399
vt 0.1134849 0.9493345
vt 0.008789063 0.5889399
vt 0.03171155 0.5889399
vt 0.1134849 0.9493345
vt 0.008789063 0.9493345
vt 0.1693327 0.9493345
vt 0.133059 0.5889399
vt 0.1066918 0.5889399
vt 0.06015849 0.9493345
vt 0.1693327 0.9493345
vt 0.133059 0.5889399
vt 0.1066918 0.5889399
vt 0.06015849 0.9493345
vt 0.2373047 0.5889399
vt 0.008789063 0.5889399
vt 0.01951797 0.9493345
vt 0.2373047 0.9493345
vt 0.008789063 0.5927506
vt 0.008789063 0.603
vt 0.2373047 0.603
vt 0.2373047 0.5927506
vt 0.2373047 0.5889399
vt 0.008789063 0.5889399
vt 0.008789063 0.9493345
vt 0.2373047 0.9493345
vt 0.008789063 0.5927506
vt 0.008789063 0.603
vt 0.2373047 0.603
vt 0.2373047 0.5927506
vt 0.2373047 0.9493345
vt 0.2373047 0.5889399
vt 0.008789063 0.5889399
vt 0.008789063 0.9493345
vt 0.6693732 0.9038836
vt 0.5022209 0.9038838
vt 0.5022209 0.980126
vt 0.6693732 0.980126
vt 0.6693732 0.980126
vt 0.6693732 0.9038835
vt 0.5022209 0.9038836
vt 0.5022209 0.980126
vt 0.5906148 0.7898519
vt 0.6526728 0.7903701
vt 0.6291108 0.8651981
vt 0.5906405 0.8648023
vt 0.5548362 0.8647072
vt 0.5303764 0.7898746
vt 0.5010914 0.9803301
vt 0.5010914 0.9993367
vt 0.672287 0.9993367
vt 0.672287 0.9803301
vt 0.5010914 0.9803301
vt 0.5010914 0.9993367
vt 0.672287 0.9993367
vt 0.672287 0.9803301
vt 0.5010914 0.9803301
vt 0.5010914 0.9993367
vt 0.672287 0.9993367
vt 0.672287 0.9803301
vt 0.5010914 0.9803301
vt 0.5010914 0.9993367
vt 0.672287 0.9993367
vt 0.672287 0.9803301
vt 0.6693732 0.980126
vt 0.5022209 0.9801261
vt 0.5022209 0.9035884
vt 0.6693732 0.9035882
vt 0.6693732 0.9035881
vt 0.6693732 0.980126
vt 0.5022209 0.980126
vt 0.5022209 0.9035882
vt 0.6693732 0.980126
vt 0.5022209 0.980126
vt 0.5022209 0.9035881
vt 0.6693732 0.9035879
vt 0.5864772 0.7901525
vt 0.5547314 0.8657181
vt 0.530823 0.7903093
vt 0.5865375 0.8651645
vt 0.6294483 0.8652138
vt 0.6529763 0.7899683
vt 0.5911639 0.864728
vt 0.5544026 0.8652406
vt 0.5316102 0.7909408
vt 0.592614 0.7898588
vt 0.629346 0.8646917
vt 0.6529257 0.7895787
vt 0.5010914 0.9803301
vt 0.672287 0.9803301
vt 0.672287 0.9993367
vt 0.5010914 0.9993367
vt 0.5010914 0.9803301
vt 0.672287 0.9803301
vt 0.672287 0.9993367
vt 0.5010914 0.9993367
vt 0.5010914 0.9803301
vt 0.672287 0.9803301
vt 0.672287 0.9993367
vt 0.5010914 0.9993367
vt 0.5010914 0.9803301
vt 0.672287 0.9803301
vt 0.672287 0.9993367
vt 0.5010914 0.9993367
vt 0.5010914 0.9803301
vt 0.672287 0.9803301
vt 0.672287 0.9993367
vt 0.5010914 0.9993367
vt 0.5010914 0.9803301
vt 0.672287 0.9803301
vt 0.672287 0.9993367
vt 0.5010914 0.9993367
vt 0.5010914 0.9803301
vt 0.672287 0.9803301
vt 0.672287 0.9993367
vt 0.5010914 0.9993367
vt 0.8542139 0.4980676
vt 0.6684182 0.4980676
vt 0.6684182 0.4736535
vt 0.8542139 0.4736535
vt 0.6792924 0.4736561
vt 0.6792915 0.4980676
vt 0.75018 0.49807
vt 0.7501649 0.4733132
vt 0.6925691 0.4736535
vt 0.8838948 0.4736535
vt 0.8838948 0.4384472
vt 0.6925691 0.4384472
vt 0.7504253 0.4386414
vt 0.6791534 0.4384442
vt 0.6792924 0.4736561
vt 0.7501649 0.4733132
vt 0.6925691 0.4980676
vt 0.8838948 0.4980676
vt 0.8838948 0.4736535
vt 0.6925691 0.4736535
vt 0.8542139 0.4736535
vt 0.6684182 0.4736535
vt 0.6684182 0.4384472
vt 0.8542139 0.4384472
vt 0.585703 0.4980676
vt 0.7714987 0.4980676
vt 0.7714987 0.4736535
vt 0.585703 0.4736535
vt 0.585703 0.4736535
vt 0.7714987 0.4736535
vt 0.7714987 0.4384472
vt 0.585703 0.4384472
vt 0.7988987 0.4736535
vt 0.7988987 0.4980676
vt 0.7406985 0.4980676
vt 0.7406985 0.4736535
vt 0.7992908 0.4384472
vt 0.7988987 0.4736535
vt 0.7406985 0.4736535
vt 0.7406985 0.4384472
vt 0.6150144 0.4736406
vt 0.6151116 0.4980598
vt 0.6808322 0.4980676
vt 0.6808332 0.4736561
vt 0.6150516 0.4384798
vt 0.6150144 0.4736406
vt 0.6808332 0.4736561
vt 0.6806942 0.4384442
vt 0.922861 0.4980676
vt 0.922861 0.4736535
vt 0.7370653 0.4736535
vt 0.7370653 0.4980676
vt 0.922861 0.4736535
vt 0.922861 0.4384472
vt 0.7370653 0.4384472
vt 0.7370653 0.4736535
vt 0.585703 0.4980676
vt 0.585703 0.4736535
vt 0.7714987 0.4736535
vt 0.7714987 0.4980676
vt 0.585703 0.4736535
vt 0.585703 0.4384472
vt 0.7714987 0.4384472
vt 0.7714987 0.4736535
vt 0.817432 0.4736535
vt 0.7395585 0.4736535
vt 0.7395585 0.4980676
vt 0.817432 0.4980676
vt 0.817432 0.4384472
vt 0.7395585 0.4384472
vt 0.7395585 0.4736535
vt 0.817432 0.4736535
vt 0.5582139 0.4384404
vt 0.5579601 0.4735897
vt 0.614739 0.4736406
vt 0.6147762 0.4384798
vt 0.5579601 0.4735897
vt 0.5580412 0.4985782
vt 0.6148363 0.4980598
vt 0.614739 0.4736406
vt 0.8542139 0.4980676
vt 0.8542139 0.4736535
vt 0.6684182 0.4736535
vt 0.6684182 0.4980676
vt 0.6792924 0.4736561
vt 0.7501649 0.4733132
vt 0.75018 0.49807
vt 0.6792915 0.4980676
vt 0.6925691 0.4736535
vt 0.6925691 0.4384472
vt 0.8838948 0.4384472
vt 0.8838948 0.4736535
vt 0.7504253 0.4386414
vt 0.7501649 0.4733132
vt 0.6792924 0.4736561
vt 0.6791534 0.4384442
vt 0.6925691 0.4980676
vt 0.6925691 0.4736535
vt 0.8838948 0.4736535
vt 0.8838948 0.4980676
vt 0.8542139 0.4736535
vt 0.8542139 0.4384472
vt 0.6684182 0.4384472
vt 0.6684182 0.4736535
vt 0.585703 0.4980676
vt 0.585703 0.4736535
vt 0.7714987 0.4736535
vt 0.7714987 0.4980676
vt 0.585703 0.4736535
vt 0.585703 0.4384472
vt 0.7714987 0.4384472
vt 0.7714987 0.4736535
vt 0.7988987 0.4736535
vt 0.7406985 0.4736535
vt 0.7406985 0.4980676
vt 0.7988987 0.4980676
vt 0.7992908 0.4384472
vt 0.7406985 0.4384472
vt 0.7406985 0.4736535
vt 0.7988987 0.4736535
vt 0.6150144 0.4736406
vt 0.6808332 0.4736561
vt 0.6808322 0.4980676
vt 0.6151116 0.4980598
vt 0.6150516 0.4384798
vt 0.6806942 0.4384442
vt 0.6808332 0.4736561
vt 0.6150144 0.4736406
vt 0.922861 0.4980676
vt 0.7370653 0.4980676
vt 0.7370653 0.4736535
vt 0.922861 0.4736535
vt 0.922861 0.4736535
vt 0.7370653 0.4736535
vt 0.7370653 0.4384472
vt 0.922861 0.4384472
vt 0.585703 0.4980676
vt 0.7714987 0.4980676
vt 0.7714987 0.4736535
vt 0.585703 0.4736535
vt 0.585703 0.4736535
vt 0.7714987 0.4736535
vt 0.7714987 0.4384472
vt 0.585703 0.4384472
vt 0.817432 0.4736535
vt 0.817432 0.4980676
vt 0.7395585 0.4980676
vt 0.7395585 0.4736535
vt 0.817432 0.4384472
vt 0.817432 0.4736535
vt 0.7395585 0.4736535
vt 0.7395585 0.4384472
vt 0.5582139 0.4384404
vt 0.6147762 0.4384798
vt 0.614739 0.4736406
vt 0.5579601 0.4735897
vt 0.5579601 0.4735897
vt 0.614739 0.4736406
vt 0.6148363 0.4980598
vt 0.5580412 0.4985782
vt 0.8542139 0.4980676
vt 0.8542139 0.4736535
vt 0.6684182 0.4736535
vt 0.6684182 0.4980676
vt 0.6792924 0.4736561
vt 0.7501649 0.4733132
vt 0.75018 0.49807
vt 0.6792915 0.4980676
vt 0.6925691 0.4736535
vt 0.6925691 0.4384472
vt 0.8838948 0.4384472
vt 0.8838948 0.4736535
vt 0.7504253 0.4386414
vt 0.7501649 0.4733132
vt 0.6792924 0.4736561
vt 0.6791534 0.4384442
vt 0.6925691 0.4980676
vt 0.6925691 0.4736535
vt 0.8838948 0.4736535
vt 0.8838948 0.4980676
vt 0.8542139 0.4736535
vt 0.8542139 0.4384472
vt 0.6684182 0.4384472
vt 0.6684182 0.4736535
vt 0.585703 0.4980676
vt 0.585703 0.4736535
vt 0.7714987 0.4736535
vt 0.7714987 0.4980676
vt 0.585703 0.4736535
vt 0.585703 0.4384472
vt 0.7714987 0.4384472
vt 0.7714987 0.4736535
vt 0.7988987 0.4736535
vt 0.7406985 0.4736535
vt 0.7406985 0.4980676
vt 0.7988987 0.4980676
vt 0.7992908 0.4384472
vt 0.7406985 0.4384472
vt 0.7406985 0.4736535
vt 0.7988987 0.4736535
vt 0.6150144 0.4736406
vt 0.6808332 0.4736561
vt 0.6808322 0.4980676
vt 0.6151116 0.4980598
vt 0.6150516 0.4384798
vt 0.6806942 0.4384442
vt 0.6808332 0.4736561
vt 0.6150144 0.4736406
vt 0.922861 0.4980676
vt 0.7370653 0.4980676
vt 0.7370653 0.4736535
vt 0.922861 0.4736535
vt 0.922861 0.4736535
vt 0.7370653 0.4736535
vt 0.7370653 0.4384472
vt 0.922861 0.4384472
vt 0.585703 0.4980676
vt 0.7714987 0.4980676
vt 0.7714987 0.4736535
vt 0.585703 0.4736535
vt 0.585703 0.4736535
vt 0.7714987 0.4736535
vt 0.7714987 0.4384472
vt 0.585703 0.4384472
vt 0.817432 0.4736535
vt 0.817432 0.4980676
vt 0.7395585 0.4980676
vt 0.7395585 0.4736535
vt 0.817432 0.4384472
vt 0.817432 0.4736535
vt 0.7395585 0.4736535
vt 0.7395585 0.4384472
vt 0.5582139 0.4384404
vt 0.6147762 0.4384798
vt 0.614739 0.4736406
vt 0.5579601 0.4735897
vt 0.5579601 0.4735897
vt 0.614739 0.4736406
vt 0.6148363 0.4980598
vt 0.5580412 0.4985782
vt 0.8542139 0.4980676
vt 0.6684182 0.4980676
vt 0.6684182 0.4736535
vt 0.8542139 0.4736535
vt 0.6792924 0.4736561
vt 0.6792915 0.4980676
vt 0.75018 0.49807
vt 0.7501649 0.4733132
vt 0.6925691 0.4736535
vt 0.8838948 0.4736535
vt 0.8838948 0.4384472
vt 0.6925691 0.4384472
vt 0.7504253 0.4386414
vt 0.6791534 0.4384442
vt 0.6792924 0.4736561
vt 0.7501649 0.4733132
vt 0.6925691 0.4980676
vt 0.8838948 0.4980676
vt 0.8838948 0.4736535
vt 0.6925691 0.4736535
vt 0.8542139 0.4736535
vt 0.6684182 0.4736535
vt 0.6684182 0.4384472
vt 0.8542139 0.4384472
vt 0.585703 0.4980676
vt 0.7714987 0.4980676
vt 0.7714987 0.4736535
vt 0.585703 0.4736535
vt 0.585703 0.4736535
vt 0.7714987 0.4736535
vt 0.7714987 0.4384472
vt 0.585703 0.4384472
vt 0.7988987 0.4736535
vt 0.7988987 0.4980676
vt 0.7406985 0.4980676
vt 0.7406985 0.4736535
vt 0.7992908 0.4384472
vt 0.7988987 0.4736535
vt 0.7406985 0.4736535
vt 0.7406985 0.4384472
vt 0.6150144 0.4736406
vt 0.6151116 0.4980598
vt 0.6808322 0.4980676
vt 0.6808332 0.4736561
vt 0.6150516 0.4384798
vt 0.6150144 0.4736406
vt 0.6808332 0.4736561
vt 0.6806942 0.4384442
vt 0.922861 0.4980676
vt 0.922861 0.4736535
vt 0.7370653 0.4736535
vt 0.7370653 0.4980676
vt 0.922861 0.4736535
vt 0.922861 0.4384472
vt 0.7370653 0.4384472
vt 0.7370653 0.4736535
vt 0.585703 0.4980676
vt 0.585703 0.4736535
vt 0.7714987 0.4736535
vt 0.7714987 0.4980676
vt 0.585703 0.4736535
vt 0.585703 0.4384472
vt 0.7714987 0.4384472
vt 0.7714987 0.4736535
vt 0.817432 0.4736535
vt 0.7395585 0.4736535
vt 0.7395585 0.4980676
vt 0.817432 0.4980676
vt 0.817432 0.4384472
vt 0.7395585 0.4384472
vt 0.7395585 0.4736535
vt 0.817432 0.4736535
vt 0.5582139 0.4384404
vt 0.5579601 0.4735897
vt 0.614739 0.4736406
vt 0.6147762 0.4384798
vt 0.5579601 0.4735897
vt 0.5580412 0.4985782
vt 0.6148363 0.4980598
vt 0.614739 0.4736406
vt 0.6892956 0.8139791
vt 0.8206902 0.8139791
vt 0.8206902 0.8204605
vt 0.6892956 0.8204605
vt 0.6892956 0.8139791
vt 0.6892956 0.8204605
vt 0.8206902 0.8204605
vt 0.8206902 0.8139791
vt 0.6892956 0.8139791
vt 0.8401388 0.8139791
vt 0.8401388 0.8204605
vt 0.6892956 0.8204605
vt 0.6892956 0.8139791
vt 0.6892956 0.8204605
vt 0.8401388 0.8204605
vt 0.8401388 0.8139791
vt 0.6892956 0.8139791
vt 0.8401388 0.8139791
vt 0.8401388 0.8204605
vt 0.6892956 0.8204605
vt 0.6892956 0.8139791
vt 0.6892956 0.8204605
vt 0.8401388 0.8204605
vt 0.8401388 0.8139791
vt 0.6892956 0.8139791
vt 0.8206902 0.8139791
vt 0.8206902 0.8204605
vt 0.6892956 0.8204605
vt 0.6892956 0.8139791
vt 0.6892956 0.8204605
vt 0.8206902 0.8204605
vt 0.8206902 0.8139791
vt 0.6892956 0.8139791
vt 0.8401388 0.8139791
vt 0.8401388 0.8204605
vt 0.6892956 0.8204605
vt 0.6892956 0.8139791
vt 0.6892956 0.8204605
vt 0.8401388 0.8204605
vt 0.8401388 0.8139791
vt 0.6892956 0.8139791
vt 0.8401388 0.8139791
vt 0.8401388 0.8204605
vt 0.6892956 0.8204605
vt 0.6892956 0.8139791
vt 0.6892956 0.8204605
vt 0.8401388 0.8204605
vt 0.8401388 0.8139791
vt 0.6892956 0.8139791
vt 0.6892956 0.8204605
vt 0.8206902 0.8204605
vt 0.8206902 0.8139791
vt 0.6892956 0.8139791
vt 0.8206902 0.8139791
vt 0.8206902 0.8204605
vt 0.6892956 0.8204605
vt 0.6892956 0.8139791
vt 0.6892956 0.8204605
vt 0.8401388 0.8204605
vt 0.8401388 0.8139791
vt 0.6892956 0.8139791
vt 0.8401388 0.8139791
vt 0.8401388 0.8204605
vt 0.6892956 0.8204605
vt 0.6892956 0.8139791
vt 0.6892956 0.8204605
vt 0.8401388 0.8204605
vt 0.8401388 0.8139791
vt 0.6892956 0.8139791
vt 0.8401388 0.8139791
vt 0.8401388 0.8204605
vt 0.6892956 0.8204605
vt 0.6892956 0.8139791
vt 0.6892956 0.8204605
vt 0.8206902 0.8204605
vt 0.8206902 0.8139791
vt 0.6892956 0.8139791
vt 0.8206902 0.8139791
vt 0.8206902 0.8204605
vt 0.6892956 0.8204605
vt 0.6892956 0.8139791
vt 0.6892956 0.8204605
vt 0.8401388 0.8204605
vt 0.8401388 0.8139791
vt 0.6892956 0.8139791
vt 0.8401388 0.8139791
vt 0.8401388 0.8204605
vt 0.6892956 0.8204605
vt 0.6892956 0.8139791
vt 0.6892956 0.8204605
vt 0.8401388 0.8204605
vt 0.8401388 0.8139791
vt 0.6892956 0.8139791
vt 0.8401388 0.8139791
vt 0.8401388 0.8204605
vt 0.6892956 0.8204605
vt 0.6892956 0.8139791
vt 0.6892956 0.8204605
vt 0.8206902 0.8204605
vt 0.8206902 0.8139791
vt 0.6892956 0.8139791
vt 0.8206902 0.8139791
vt 0.8206902 0.8204605
vt 0.6892956 0.8204605
vt 0.6892956 0.8139791
vt 0.6892956 0.8204605
vt 0.8401388 0.8204605
vt 0.8401388 0.8139791
vt 0.6892956 0.8139791
vt 0.8401388 0.8139791
vt 0.8401388 0.8204605
vt 0.6892956 0.8204605
vt 0.6892956 0.8139791
vt 0.6892956 0.8204605
vt 0.8401388 0.8204605
vt 0.8401388 0.8139791
vt 0.6892956 0.8139791
vt 0.8401388 0.8139791
vt 0.8401388 0.8204605
vt 0.6892956 0.8204605
vt 0.6892956 0.8139791
vt 0.6892956 0.8204605
vt 0.8206902 0.8204605
vt 0.8206902 0.8139791
vt 0.6892956 0.8139791
vt 0.8206902 0.8139791
vt 0.8206902 0.8204605
vt 0.6892956 0.8204605
vt 0.6892956 0.8139791
vt 0.6892956 0.8204605
vt 0.8401388 0.8204605
vt 0.8401388 0.8139791
vt 0.6892956 0.8139791
vt 0.8401388 0.8139791
vt 0.8401388 0.8204605
vt 0.6892956 0.8204605
vt 0.6892956 0.8139791
vt 0.6892956 0.8204605
vt 0.8401388 0.8204605
vt 0.8401388 0.8139791
vt 0.6892956 0.8139791
vt 0.8401388 0.8139791
vt 0.8401388 0.8204605
vt 0.6892956 0.8204605
vt 0.6892956 0.8139791
vt 0.8206902 0.8139791
vt 0.8206902 0.8204605
vt 0.6892956 0.8204605
vt 0.6892956 0.8139791
vt 0.6892956 0.8204605
vt 0.8206902 0.8204605
vt 0.8206902 0.8139791
vt 0.6892956 0.8139791
vt 0.8401388 0.8139791
vt 0.8401388 0.8204605
vt 0.6892956 0.8204605
vt 0.6892956 0.8139791
vt 0.6892956 0.8204605
vt 0.8401388 0.8204605
vt 0.8401388 0.8139791
vt 0.6892956 0.8139791
vt 0.8401388 0.8139791
vt 0.8401388 0.8204605
vt 0.6892956 0.8204605
vt 0.6892956 0.8139791
vt 0.6892956 0.8204605
vt 0.8401388 0.8204605
vt 0.8401388 0.8139791
vt 0.6892956 0.8139791
vt 0.8206902 0.8139791
vt 0.8206902 0.8204605
vt 0.6892956 0.8204605
vt 0.6892956 0.8139791
vt 0.6892956 0.8204605
vt 0.8206902 0.8204605
vt 0.8206902 0.8139791
vt 0.6892956 0.8139791
vt 0.8401388 0.8139791
vt 0.8401388 0.8204605
vt 0.6892956 0.8204605
vt 0.6892956 0.8139791
vt 0.6892956 0.8204605
vt 0.8401388 0.8204605
vt 0.8401388 0.8139791
vt 0.6892956 0.8139791
vt 0.8401388 0.8139791
vt 0.8401388 0.8204605
vt 0.6892956 0.8204605
vt 0.6892956 0.8139791
vt 0.6892956 0.8204605
vt 0.8401388 0.8204605
vt 0.8401388 0.8139791
vt 0.9847763 0.3323772
vt 0.7695999 0.3323772
vt 0.7695999 0.247355
vt 0.9847763 0.247355
vt 0.5089366 0.4290276
vt 0.9869792 0.4290276
vt 0.9869792 0.3442203
vt 0.5089366 0.3442203
vt 0.7695999 0.3323772
vt 0.9847763 0.3323772
vt 0.9847763 0.247355
vt 0.7695999 0.247355
vt 0.907765 0.1380684
vt 0.984502 0.1380684
vt 0.984502 0.0522292
vt 0.907765 0.0522292
vt 0.6789116 0.2350638
vt 0.9859618 0.2350638
vt 0.9859618 0.1496566
vt 0.6789116 0.1496566
vt 0.907765 0.1380684
vt 0.984502 0.1380684
vt 0.984502 0.0522292
vt 0.907765 0.0522292
vt 0.8453836 0.7807147
vt 0.9962268 0.7807147
vt 0.9962268 0.7869553
vt 0.8453836 0.7869553
vt 0.8453836 0.7807147
vt 0.8453836 0.7869553
vt 0.9962268 0.7869553
vt 0.9962268 0.7807147
vt 0.9979976 0.8219144
vt 0.9214993 0.8219144
vt 0.9214993 0.8082449
vt 0.9979976 0.8082449
vt 0.9979976 0.8057755
vt 0.9214993 0.8057755
vt 0.9214993 0.7912019
vt 0.9979976 0.7912019
vt 0.9979976 0.8082449
vt 0.9979976 0.8219144
vt 0.9214993 0.8219144
vt 0.9214993 0.8082449
vt 0.9979976 0.7912019
vt 0.9979976 0.8057755
vt 0.9214993 0.8057755
vt 0.9214993 0.7912019
vt 0.9979976 0.8082449
vt 0.9214993 0.8082449
vt 0.9214993 0.8219144
vt 0.9979976 0.8219144
vt 0.9979976 0.7912019
vt 0.9214993 0.7912019
vt 0.9214993 0.8057755
vt 0.9979976 0.8057755
vt 0.9979976 0.8082449
vt 0.9979976 0.8219144
vt 0.9214993 0.8219144
vt 0.9214993 0.8082449
vt 0.9979976 0.7912019
vt 0.9979976 0.8057755
vt 0.9214993 0.8057755
vt 0.9214993 0.7912019
vt 0.9214993 0.8219144
vt 0.9979976 0.8219144
vt 0.9979976 0.8082449
vt 0.9214993 0.8082449
vt 0.9979976 0.8057755
vt 0.9979976 0.7912019
vt 0.9214993 0.7912019
vt 0.9214993 0.8057755
vt 0.9980624 0.791265
vt 0.9980624 0.8056201
vt 0.9211779 0.8057414
vt 0.9211969 0.7913026
vt 0.9980389 0.8083795
vt 0.9980388 0.8220263
vt 0.9216689 0.8220262
vt 0.9216688 0.8083795
vt 0.8453836 0.7807147
vt 0.9962268 0.7807147
vt 0.9962268 0.7869553
vt 0.8453836 0.7869553
vt 0.8453836 0.7807147
vt 0.8453836 0.7869553
vt 0.9962268 0.7869553
vt 0.9962268 0.7807147
vt 0.8453836 0.7807147
vt 0.9962268 0.7807147
vt 0.9962268 0.7869553
vt 0.8453836 0.7869553
vt 0.8453836 0.7807147
vt 0.8453836 0.7869553
vt 0.9962268 0.7869553
vt 0.9962268 0.7807147
vt 0.8453836 0.7807147
vt 0.9962268 0.7807147
vt 0.9962268 0.7869553
vt 0.8453836 0.7869553
vt 0.8453836 0.7807147
vt 0.8453836 0.7869553
vt 0.9962268 0.7869553
vt 0.9962268 0.7807147
vt 0.8453836 0.7807147
vt 0.9962268 0.7807147
vt 0.9962268 0.7869553
vt 0.8453836 0.7869553
vt 0.8453836 0.7807147
vt 0.8453836 0.7869553
vt 0.9962268 0.7869553
vt 0.9962268 0.7807147
vt 0.8453836 0.7807147
vt 0.9962268 0.7807147
vt 0.9962268 0.7869553
vt 0.8453836 0.7869553
vt 0.8453836 0.7807147
vt 0.8453836 0.7869553
vt 0.9962268 0.7869553
vt 0.9962268 0.7807147
vt 0.8453836 0.7807147
vt 0.9962268 0.7807147
vt 0.9962268 0.7869553
vt 0.8453836 0.7869553
vt 0.8453836 0.7807147
vt 0.8453836 0.7869553
vt 0.9962268 0.7869553
vt 0.9962268 0.7807147
vt 0.8453836 0.7807147
vt 0.9962268 0.7807147
vt 0.9962268 0.7869553
vt 0.8453836 0.7869553
vt 0.8453836 0.7807147
vt 0.8453836 0.7869553
vt 0.9962268 0.7869553
vt 0.9962268 0.7807147
vt 0.8453836 0.7807147
vt 0.9962268 0.7807147
vt 0.9962268 0.7869553
vt 0.8453836 0.7869553
vt 0.8453836 0.7807147
vt 0.8453836 0.7869553
vt 0.9962268 0.7869553
vt 0.9962268 0.7807147
vt 0.8453836 0.7807147
vt 0.9962268 0.7807147
vt 0.9962268 0.7869553
vt 0.8453836 0.7869553
vt 0.8453836 0.7807147
vt 0.8453836 0.7869553
vt 0.9962268 0.7869553
vt 0.9962268 0.7807147
vt 0.8453836 0.7807147
vt 0.9962268 0.7807147
vt 0.9962268 0.7869553
vt 0.8453836 0.7869553
vt 0.8453836 0.7807147
vt 0.8453836 0.7869553
vt 0.9962268 0.7869553
vt 0.9962268 0.7807147
vt 0.9979976 0.8219144
vt 0.9214993 0.8219144
vt 0.9214993 0.8082449
vt 0.9979976 0.8082449
vt 0.9979976 0.8057755
vt 0.9214993 0.8057755
vt 0.9214993 0.7912019
vt 0.9979976 0.7912019
vt 0.9979976 0.8082449
vt 0.9979976 0.8219144
vt 0.9214993 0.8219144
vt 0.9214993 0.8082449
vt 0.9979976 0.7912019
vt 0.9979976 0.8057755
vt 0.9214993 0.8057755
vt 0.9214993 0.7912019
vt 0.9979976 0.8082449
vt 0.9214993 0.8082449
vt 0.9214993 0.8219144
vt 0.9979976 0.8219144
vt 0.9979976 0.7912019
vt 0.9214993 0.7912019
vt 0.9214993 0.8057755
vt 0.9979976 0.8057755
vt 0.9979976 0.8082449
vt 0.9979976 0.8219144
vt 0.9214993 0.8219144
vt 0.9214993 0.8082449
vt 0.9979976 0.7912019
vt 0.9979976 0.8057755
vt 0.9214993 0.8057755
vt 0.9214993 0.7912019
vt 0.9214993 0.8219144
vt 0.9979976 0.8219144
vt 0.9979976 0.8082449
vt 0.9214993 0.8082449
vt 0.9979976 0.8057755
vt 0.9979976 0.7912019
vt 0.9214993 0.7912019
vt 0.9214993 0.8057755
vt 0.9980624 0.791265
vt 0.9980624 0.8056201
vt 0.9490736 0.8056974
vt 0.9490856 0.7912889
vt 0.9211779 0.8057414
vt 0.9211969 0.7913026
vt 0.9980389 0.8083795
vt 0.9980388 0.8220263
vt 0.9493778 0.8220262
vt 0.9493779 0.8083795
vt 0.9216688 0.8083795
vt 0.9216689 0.8220262
vt 0.9979976 0.8219144
vt 0.9214993 0.8219144
vt 0.9214993 0.8082449
vt 0.9979976 0.8082449
vt 0.9979976 0.8057755
vt 0.9214993 0.8057755
vt 0.9214993 0.7912019
vt 0.9979976 0.7912019
vt 0.9979976 0.8082449
vt 0.9979976 0.8219144
vt 0.9214993 0.8219144
vt 0.9214993 0.8082449
vt 0.9979976 0.7912019
vt 0.9979976 0.8057755
vt 0.9214993 0.8057755
vt 0.9214993 0.7912019
vt 0.9979976 0.8082449
vt 0.9214993 0.8082449
vt 0.9214993 0.8219144
vt 0.9979976 0.8219144
vt 0.9979976 0.7912019
vt 0.9214993 0.7912019
vt 0.9214993 0.8057755
vt 0.9979976 0.8057755
vt 0.9979976 0.8082449
vt 0.9979976 0.8219144
vt 0.9214993 0.8219144
vt 0.9214993 0.8082449
vt 0.9979976 0.7912019
vt 0.9979976 0.8057755
vt 0.9214993 0.8057755
vt 0.9214993 0.7912019
vt 0.9214993 0.8219144
vt 0.9979976 0.8219144
vt 0.9979976 0.8082449
vt 0.9214993 0.8082449
vt 0.9979976 0.8057755
vt 0.9979976 0.7912019
vt 0.9214993 0.7912019
vt 0.9214993 0.8057755
vt 0.9980624 0.791265
vt 0.9980624 0.8056201
vt 0.9490736 0.8056974
vt 0.9490856 0.7912889
vt 0.9211779 0.8057414
vt 0.9211969 0.7913026
vt 0.9980389 0.8083795
vt 0.9980388 0.8220263
vt 0.9493778 0.8220262
vt 0.9493779 0.8083795
vt 0.9216688 0.8083795
vt 0.9216689 0.8220262
vt 0.5198745 0.2639011
vt 0.6707177 0.2639011
vt 0.6707177 0.2701417
vt 0.5198745 0.2701417
vt 0.5198745 0.2639011
vt 0.5198745 0.2701417
vt 0.6707177 0.2701417
vt 0.6707177 0.2639011
vt 0.5198475 0.2639961
vt 0.5198475 0.2702367
vt 0.6706907 0.2702367
vt 0.6706907 0.2639961
vt 0.5198475 0.2639961
vt 0.6706907 0.2639961
vt 0.6706907 0.2702367
vt 0.5198475 0.2702367
vt 0.5198745 0.2639011
vt 0.6707177 0.2639011
vt 0.6707177 0.2701417
vt 0.5198745 0.2701417
vt 0.5198745 0.2639011
vt 0.5198745 0.2701417
vt 0.6707177 0.2701417
vt 0.6707177 0.2639011
vt 0.5198475 0.2639961
vt 0.5198475 0.2702367
vt 0.6706907 0.2702367
vt 0.6706907 0.2639961
vt 0.5198475 0.2639961
vt 0.6706907 0.2639961
vt 0.6706907 0.2702367
vt 0.5198475 0.2702367
vt 0.5198745 0.2639011
vt 0.6707177 0.2639011
vt 0.6707177 0.2701417
vt 0.5198745 0.2701417
vt 0.5198745 0.2639011
vt 0.5198745 0.2701417
vt 0.6707177 0.2701417
vt 0.6707177 0.2639011
vt 0.5198475 0.2639961
vt 0.5198475 0.2702367
vt 0.6706907 0.2702367
vt 0.6706907 0.2639961
vt 0.5198475 0.2639961
vt 0.6706907 0.2639961
vt 0.6706907 0.2702367
vt 0.5198475 0.2702367
vt 0.5198745 0.2639011
vt 0.6707177 0.2639011
vt 0.6707177 0.2701417
vt 0.5198745 0.2701417
vt 0.5198745 0.2639011
vt 0.5198745 0.2701417
vt 0.6707177 0.2701417
vt 0.6707177 0.2639011
vt 0.5198475 0.2639961
vt 0.5198475 0.2702367
vt 0.6706907 0.2702367
vt 0.6706907 0.2639961
vt 0.5198475 0.2639961
vt 0.6706907 0.2639961
vt 0.6706907 0.2702367
vt 0.5198475 0.2702367
vt 0.5198745 0.2639011
vt 0.6707177 0.2639011
vt 0.6707177 0.2701417
vt 0.5198745 0.2701417
vt 0.5198745 0.2639011
vt 0.5198745 0.2701417
vt 0.6707177 0.2701417
vt 0.6707177 0.2639011
vt 0.5198475 0.2639961
vt 0.5198475 0.2702367
vt 0.6706907 0.2702367
vt 0.6706907 0.2639961
vt 0.5198475 0.2639961
vt 0.6706907 0.2639961
vt 0.6706907 0.2702367
vt 0.5198475 0.2702367
vt 0.5198745 0.2639011
vt 0.6707177 0.2639011
vt 0.6707177 0.2701417
vt 0.5198745 0.2701417
vt 0.5198745 0.2639011
vt 0.5198745 0.2701417
vt 0.6707177 0.2701417
vt 0.6707177 0.2639011
vt 0.5198475 0.2639961
vt 0.5198475 0.2702367
vt 0.6706907 0.2702367
vt 0.6706907 0.2639961
vt 0.5198475 0.2639961
vt 0.6706907 0.2639961
vt 0.6706907 0.2702367
vt 0.5198475 0.2702367
vt 0.5198745 0.2639011
vt 0.6707177 0.2639011
vt 0.6707177 0.2701417
vt 0.5198745 0.2701417
vt 0.5198745 0.2639011
vt 0.5198745 0.2701417
vt 0.6707177 0.2701417
vt 0.6707177 0.2639011
vt 0.5198475 0.2639961
vt 0.5198475 0.2702367
vt 0.6706907 0.2702367
vt 0.6706907 0.2639961
vt 0.5198475 0.2639961
vt 0.6706907 0.2639961
vt 0.6706907 0.2702367
vt 0.5198475 0.2702367
vt 0.5198745 0.2639011
vt 0.6707177 0.2639011
vt 0.6707177 0.2701417
vt 0.5198745 0.2701417
vt 0.5198745 0.2639011
vt 0.5198745 0.2701417
vt 0.6707177 0.2701417
vt 0.6707177 0.2639011
vt 0.5198475 0.2639961
vt 0.5198475 0.2702367
vt 0.6706907 0.2702367
vt 0.6706907 0.2639961
vt 0.5198475 0.2639961
vt 0.6706907 0.2639961
vt 0.6706907 0.2702367
vt 0.5198475 0.2702367
vt 0.5198745 0.2639011
vt 0.6707177 0.2639011
vt 0.6707177 0.2701417
vt 0.5198745 0.2701417
vt 0.5198745 0.2639011
vt 0.5198745 0.2701417
vt 0.6707177 0.2701417
vt 0.6707177 0.2639011
vt 0.5198475 0.2639961
vt 0.5198475 0.2702367
vt 0.6706907 0.2702367
vt 0.6706907 0.2639961
vt 0.5198475 0.2639961
vt 0.6706907 0.2639961
vt 0.6706907 0.2702367
vt 0.5198475 0.2702367
vt 0.5198745 0.2639011
vt 0.6707177 0.2639011
vt 0.6707177 0.2701417
vt 0.5198745 0.2701417
vt 0.5198745 0.2639011
vt 0.5198745 0.2701417
vt 0.6707177 0.2701417
vt 0.6707177 0.2639011
vt 0.5198475 0.2639961
vt 0.5198475 0.2702367
vt 0.6706907 0.2702367
vt 0.6706907 0.2639961
vt 0.5198475 0.2639961
vt 0.6706907 0.2639961
vt 0.6706907 0.2702367
vt 0.5198475 0.2702367
vt 0.5198745 0.2639011
vt 0.6707177 0.2639011
vt 0.6707177 0.2701417
vt 0.5198745 0.2701417
vt 0.5198745 0.2639011
vt 0.5198745 0.2701417
vt 0.6707177 0.2701417
vt 0.6707177 0.2639011
vt 0.5198475 0.2639961
vt 0.5198475 0.2702367
vt 0.6706907 0.2702367
vt 0.6706907 0.2639961
vt 0.5198475 0.2639961
vt 0.6706907 0.2639961
vt 0.6706907 0.2702367
vt 0.5198475 0.2702367
vt 0.5198745 0.2639011
vt 0.6707177 0.2639011
vt 0.6707177 0.2701417
vt 0.5198745 0.2701417
vt 0.5198745 0.2639011
vt 0.5198745 0.2701417
vt 0.6707177 0.2701417
vt 0.6707177 0.2639011
vt 0.5198475 0.2639961
vt 0.5198475 0.2702367
vt 0.6706907 0.2702367
vt 0.6706907 0.2639961
vt 0.5198475 0.2639961
vt 0.6706907 0.2639961
vt 0.6706907 0.2702367
vt 0.5198475 0.2702367
vt 0.5198745 0.2639011
vt 0.6707177 0.2639011
vt 0.6707177 0.2701417
vt 0.5198745 0.2701417
vt 0.5198745 0.2639011
vt 0.5198745 0.2701417
vt 0.6707177 0.2701417
vt 0.6707177 0.2639011
vt 0.5198475 0.2639961
vt 0.5198475 0.2702367
vt 0.6706907 0.2702367
vt 0.6706907 0.2639961
vt 0.5198475 0.2639961
vt 0.6706907 0.2639961
vt 0.6706907 0.2702367
vt 0.5198475 0.2702367
vt 0.5198745 0.2639011
vt 0.6707177 0.2639011
vt 0.6707177 0.2701417
vt 0.5198745 0.2701417
vt 0.5198745 0.2639011
vt 0.5198745 0.2701417
vt 0.6707177 0.2701417
vt 0.6707177 0.2639011
vt 0.5198475 0.2639961
vt 0.5198475 0.2702367
vt 0.6706907 0.2702367
vt 0.6706907 0.2639961
vt 0.5198475 0.2639961
vt 0.6706907 0.2639961
vt 0.6706907 0.2702367
vt 0.5198475 0.2702367
vt 0.5198745 0.2639011
vt 0.6707177 0.2639011
vt 0.6707177 0.2701417
vt 0.5198745 0.2701417
vt 0.5198745 0.2639011
vt 0.5198745 0.2701417
vt 0.6707177 0.2701417
vt 0.6707177 0.2639011
vt 0.5198475 0.2639961
vt 0.5198475 0.2702367
vt 0.6706907 0.2702367
vt 0.6706907 0.2639961
vt 0.5198475 0.2639961
vt 0.6706907 0.2639961
vt 0.6706907 0.2702367
vt 0.5198475 0.2702367
vt 0.5198745 0.2639011
vt 0.6707177 0.2639011
vt 0.6707177 0.2701417
vt 0.5198745 0.2701417
vt 0.5198745 0.2639011
vt 0.5198745 0.2701417
vt 0.6707177 0.2701417
vt 0.6707177 0.2639011
vt 0.5198475 0.2639961
vt 0.5198475 0.2702367
vt 0.6706907 0.2702367
vt 0.6706907 0.2639961
vt 0.5198475 0.2639961
vt 0.6706907 0.2639961
vt 0.6706907 0.2702367
vt 0.5198475 0.2702367
vt 0.5198745 0.2639011
vt 0.6707177 0.2639011
vt 0.6707177 0.2701417
vt 0.5198745 0.2701417
vt 0.5198745 0.2639011
vt 0.5198745 0.2701417
vt 0.6707177 0.2701417
vt 0.6707177 0.2639011
vt 0.9847763 0.3323772
vt 0.9847763 0.247355
vt 0.7695999 0.247355
vt 0.7695999 0.3323772
vt 0.9869792 0.4290276
vt 0.9869792 0.3442203
vt 0.5089366 0.3442203
vt 0.5089366 0.4290276
vt 0.7695999 0.3323772
vt 0.7695999 0.247355
vt 0.9847763 0.247355
vt 0.9847763 0.3323772
vt 0.907765 0.1380684
vt 0.907765 0.0522292
vt 0.984502 0.0522292
vt 0.984502 0.1380684
vt 0.9859617 0.2350638
vt 0.9859617 0.1496566
vt 0.6789116 0.1496566
vt 0.6789116 0.2350638
vt 0.907765 0.1380684
vt 0.907765 0.0522292
vt 0.984502 0.0522292
vt 0.984502 0.1380684
vt 0.8453836 0.7807147
vt 0.8453836 0.7869553
vt 0.9962268 0.7869553
vt 0.9962268 0.7807147
vt 0.8453836 0.7807147
vt 0.9962268 0.7807147
vt 0.9962268 0.7869553
vt 0.8453836 0.7869553
vt 0.9979976 0.8219144
vt 0.9979976 0.8082449
vt 0.9214993 0.8082449
vt 0.9214993 0.8219144
vt 0.9979976 0.8057755
vt 0.9979976 0.7912019
vt 0.9214993 0.7912019
vt 0.9214993 0.8057755
vt 0.9979976 0.8082449
vt 0.9214993 0.8082449
vt 0.9214993 0.8219144
vt 0.9979976 0.8219144
vt 0.9979976 0.7912019
vt 0.9214993 0.7912019
vt 0.9214993 0.8057755
vt 0.9979976 0.8057755
vt 0.9979976 0.8082449
vt 0.9979976 0.8219144
vt 0.9214993 0.8219144
vt 0.9214993 0.8082449
vt 0.9979976 0.7912019
vt 0.9979976 0.8057755
vt 0.9214993 0.8057755
vt 0.9214993 0.7912019
vt 0.9979976 0.8082449
vt 0.9214993 0.8082449
vt 0.9214993 0.8219144
vt 0.9979976 0.8219144
vt 0.9979976 0.7912019
vt 0.9214993 0.7912019
vt 0.9214993 0.8057755
vt 0.9979976 0.8057755
vt 0.9214993 0.8219144
vt 0.9214993 0.8082449
vt 0.9979976 0.8082449
vt 0.9979976 0.8219144
vt 0.9979976 0.8057755
vt 0.9214993 0.8057755
vt 0.9214993 0.7912019
vt 0.9979976 0.7912019
vt 0.9980624 0.791265
vt 0.9211969 0.7913026
vt 0.9211779 0.8057414
vt 0.9980624 0.8056201
vt 0.9980389 0.8083795
vt 0.9216688 0.8083795
vt 0.9216689 0.8220262
vt 0.9980388 0.8220263
vt 0.8453836 0.7807147
vt 0.8453836 0.7869553
vt 0.9962268 0.7869553
vt 0.9962268 0.7807147
vt 0.8453836 0.7807147
vt 0.9962268 0.7807147
vt 0.9962268 0.7869553
vt 0.8453836 0.7869553
vt 0.8453836 0.7807147
vt 0.8453836 0.7869553
vt 0.9962268 0.7869553
vt 0.9962268 0.7807147
vt 0.8453836 0.7807147
vt 0.9962268 0.7807147
vt 0.9962268 0.7869553
vt 0.8453836 0.7869553
vt 0.8453836 0.7807147
vt 0.8453836 0.7869553
vt 0.9962268 0.7869553
vt 0.9962268 0.7807147
vt 0.8453836 0.7807147
vt 0.9962268 0.7807147
vt 0.9962268 0.7869553
vt 0.8453836 0.7869553
vt 0.8453836 0.7807147
vt 0.8453836 0.7869553
vt 0.9962268 0.7869553
vt 0.9962268 0.7807147
vt 0.8453836 0.7807147
vt 0.9962268 0.7807147
vt 0.9962268 0.7869553
vt 0.8453836 0.7869553
vt 0.8453836 0.7807147
vt 0.8453836 0.7869553
vt 0.9962268 0.7869553
vt 0.9962268 0.7807147
vt 0.8453836 0.7807147
vt 0.9962268 0.7807147
vt 0.9962268 0.7869553
vt 0.8453836 0.7869553
vt 0.8453836 0.7807147
vt 0.8453836 0.7869553
vt 0.9962268 0.7869553
vt 0.9962268 0.7807147
vt 0.8453836 0.7807147
vt 0.9962268 0.7807147
vt 0.9962268 0.7869553
vt 0.8453836 0.7869553
vt 0.8453836 0.7807147
vt 0.8453836 0.7869553
vt 0.9962268 0.7869553
vt 0.9962268 0.7807147
vt 0.8453836 0.7807147
vt 0.9962268 0.7807147
vt 0.9962268 0.7869553
vt 0.8453836 0.7869553
vt 0.8453836 0.7807147
vt 0.8453836 0.7869553
vt 0.9962268 0.7869553
vt 0.9962268 0.7807147
vt 0.8453836 0.7807147
vt 0.9962268 0.7807147
vt 0.9962268 0.7869553
vt 0.8453836 0.7869553
vt 0.8453836 0.7807147
vt 0.8453836 0.7869553
vt 0.9962268 0.7869553
vt 0.9962268 0.7807147
vt 0.8453836 0.7807147
vt 0.9962268 0.7807147
vt 0.9962268 0.7869553
vt 0.8453836 0.7869553
vt 0.8453836 0.7807147
vt 0.8453836 0.7869553
vt 0.9962268 0.7869553
vt 0.9962268 0.7807147
vt 0.8453836 0.7807147
vt 0.9962268 0.7807147
vt 0.9962268 0.7869553
vt 0.8453836 0.7869553
vt 0.9979976 0.8219144
vt 0.9979976 0.8082449
vt 0.9214993 0.8082449
vt 0.9214993 0.8219144
vt 0.9979976 0.8057755
vt 0.9979976 0.7912019
vt 0.9214993 0.7912019
vt 0.9214993 0.8057755
vt 0.9979976 0.8082449
vt 0.9214993 0.8082449
vt 0.9214993 0.8219144
vt 0.9979976 0.8219144
vt 0.9979976 0.7912019
vt 0.9214993 0.7912019
vt 0.9214993 0.8057755
vt 0.9979976 0.8057755
vt 0.9979976 0.8082449
vt 0.9979976 0.8219144
vt 0.9214993 0.8219144
vt 0.9214993 0.8082449
vt 0.9979976 0.7912019
vt 0.9979976 0.8057755
vt 0.9214993 0.8057755
vt 0.9214993 0.7912019
vt 0.9979976 0.8082449
vt 0.9214993 0.8082449
vt 0.9214993 0.8219144
vt 0.9979976 0.8219144
vt 0.9979976 0.7912019
vt 0.9214993 0.7912019
vt 0.9214993 0.8057755
vt 0.9979976 0.8057755
vt 0.9214993 0.8219144
vt 0.9214993 0.8082449
vt 0.9979976 0.8082449
vt 0.9979976 0.8219144
vt 0.9979976 0.8057755
vt 0.9214993 0.8057755
vt 0.9214993 0.7912019
vt 0.9979976 0.7912019
vt 0.9980624 0.791265
vt 0.9490736 0.8056974
vt 0.9980624 0.8056201
vt 0.9490856 0.7912889
vt 0.9211779 0.8057414
vt 0.9211969 0.7913026
vt 0.9980389 0.8083795
vt 0.9493778 0.8220262
vt 0.9980388 0.8220263
vt 0.9493779 0.8083795
vt 0.9216688 0.8083795
vt 0.9216689 0.8220262
vt 0.9979976 0.8219144
vt 0.9979976 0.8082449
vt 0.9214993 0.8082449
vt 0.9214993 0.8219144
vt 0.9979976 0.8057755
vt 0.9979976 0.7912019
vt 0.9214993 0.7912019
vt 0.9214993 0.8057755
vt 0.9979976 0.8082449
vt 0.9214993 0.8082449
vt 0.9214993 0.8219144
vt 0.9979976 0.8219144
vt 0.9979976 0.7912019
vt 0.9214993 0.7912019
vt 0.9214993 0.8057755
vt 0.9979976 0.8057755
vt 0.9979976 0.8082449
vt 0.9979976 0.8219144
vt 0.9214993 0.8219144
vt 0.9214993 0.8082449
vt 0.9979976 0.7912019
vt 0.9979976 0.8057755
vt 0.9214993 0.8057755
vt 0.9214993 0.7912019
vt 0.9979976 0.8082449
vt 0.9214993 0.8082449
vt 0.9214993 0.8219144
vt 0.9979976 0.8219144
vt 0.9979976 0.7912019
vt 0.9214993 0.7912019
vt 0.9214993 0.8057755
vt 0.9979976 0.8057755
vt 0.9214993 0.8219144
vt 0.9214993 0.8082449
vt 0.9979976 0.8082449
vt 0.9979976 0.8219144
vt 0.9979976 0.8057755
vt 0.9214993 0.8057755
vt 0.9214993 0.7912019
vt 0.9979976 0.7912019
vt 0.9980624 0.791265
vt 0.9490736 0.8056974
vt 0.9980624 0.8056201
vt 0.9490856 0.7912889
vt 0.9211779 0.8057414
vt 0.9211969 0.7913026
vt 0.9980389 0.8083795
vt 0.9493778 0.8220262
vt 0.9980388 0.8220263
vt 0.9493779 0.8083795
vt 0.9216688 0.8083795
vt 0.9216689 0.8220262
vt 0.5198745 0.2639011
vt 0.5198745 0.2701417
vt 0.6707177 0.2701417
vt 0.6707177 0.2639011
vt 0.5198745 0.2639011
vt 0.6707177 0.2639011
vt 0.6707177 0.2701417
vt 0.5198745 0.2701417
vt 0.5198475 0.2639961
vt 0.6706907 0.2639961
vt 0.6706907 0.2702367
vt 0.5198475 0.2702367
vt 0.5198475 0.2639961
vt 0.5198475 0.2702367
vt 0.6706907 0.2702367
vt 0.6706907 0.2639961
vt 0.5198745 0.2639011
vt 0.5198745 0.2701417
vt 0.6707177 0.2701417
vt 0.6707177 0.2639011
vt 0.5198745 0.2639011
vt 0.6707177 0.2639011
vt 0.6707177 0.2701417
vt 0.5198745 0.2701417
vt 0.5198475 0.2639961
vt 0.6706907 0.2639961
vt 0.6706907 0.2702367
vt 0.5198475 0.2702367
vt 0.5198475 0.2639961
vt 0.5198475 0.2702367
vt 0.6706907 0.2702367
vt 0.6706907 0.2639961
vt 0.5198745 0.2639011
vt 0.5198745 0.2701417
vt 0.6707177 0.2701417
vt 0.6707177 0.2639011
vt 0.5198745 0.2639011
vt 0.6707177 0.2639011
vt 0.6707177 0.2701417
vt 0.5198745 0.2701417
vt 0.5198475 0.2639961
vt 0.6706907 0.2639961
vt 0.6706907 0.2702367
vt 0.5198475 0.2702367
vt 0.5198475 0.2639961
vt 0.5198475 0.2702367
vt 0.6706907 0.2702367
vt 0.6706907 0.2639961
vt 0.5198745 0.2639011
vt 0.5198745 0.2701417
vt 0.6707177 0.2701417
vt 0.6707177 0.2639011
vt 0.5198745 0.2639011
vt 0.6707177 0.2639011
vt 0.6707177 0.2701417
vt 0.5198745 0.2701417
vt 0.5198475 0.2639961
vt 0.6706907 0.2639961
vt 0.6706907 0.2702367
vt 0.5198475 0.2702367
vt 0.5198475 0.2639961
vt 0.5198475 0.2702367
vt 0.6706907 0.2702367
vt 0.6706907 0.2639961
vt 0.5198745 0.2639011
vt 0.5198745 0.2701417
vt 0.6707177 0.2701417
vt 0.6707177 0.2639011
vt 0.5198745 0.2639011
vt 0.6707177 0.2639011
vt 0.6707177 0.2701417
vt 0.5198745 0.2701417
vt 0.5198475 0.2639961
vt 0.6706907 0.2639961
vt 0.6706907 0.2702367
vt 0.5198475 0.2702367
vt 0.5198475 0.2639961
vt 0.5198475 0.2702367
vt 0.6706907 0.2702367
vt 0.6706907 0.2639961
vt 0.5198745 0.2639011
vt 0.5198745 0.2701417
vt 0.6707177 0.2701417
vt 0.6707177 0.2639011
vt 0.5198745 0.2639011
vt 0.6707177 0.2639011
vt 0.6707177 0.2701417
vt 0.5198745 0.2701417
vt 0.5198475 0.2639961
vt 0.6706907 0.2639961
vt 0.6706907 0.2702367
vt 0.5198475 0.2702367
vt 0.5198475 0.2639961
vt 0.5198475 0.2702367
vt 0.6706907 0.2702367
vt 0.6706907 0.2639961
vt 0.5198745 0.2639011
vt 0.5198745 0.2701417
vt 0.6707177 0.2701417
vt 0.6707177 0.2639011
vt 0.5198745 0.2639011
vt 0.6707177 0.2639011
vt 0.6707177 0.2701417
vt 0.5198745 0.2701417
vt 0.5198475 0.2639961
vt 0.6706907 0.2639961
vt 0.6706907 0.2702367
vt 0.5198475 0.2702367
vt 0.5198475 0.2639961
vt 0.5198475 0.2702367
vt 0.6706907 0.2702367
vt 0.6706907 0.2639961
vt 0.5198745 0.2639011
vt 0.5198745 0.2701417
vt 0.6707177 0.2701417
vt 0.6707177 0.2639011
vt 0.5198745 0.2639011
vt 0.6707177 0.2639011
vt 0.6707177 0.2701417
vt 0.5198745 0.2701417
vt 0.5198475 0.2639961
vt 0.6706907 0.2639961
vt 0.6706907 0.2702367
vt 0.5198475 0.2702367
vt 0.5198475 0.2639961
vt 0.5198475 0.2702367
vt 0.6706907 0.2702367
vt 0.6706907 0.2639961
vt 0.5198745 0.2639011
vt 0.5198745 0.2701417
vt 0.6707177 0.2701417
vt 0.6707177 0.2639011
vt 0.5198745 0.2639011
vt 0.6707177 0.2639011
vt 0.6707177 0.2701417
vt 0.5198745 0.2701417
vt 0.5198475 0.2639961
vt 0.6706907 0.2639961
vt 0.6706907 0.2702367
vt 0.5198475 0.2702367
vt 0.5198475 0.2639961
vt 0.5198475 0.2702367
vt 0.6706907 0.2702367
vt 0.6706907 0.2639961
vt 0.5198745 0.2639011
vt 0.5198745 0.2701417
vt 0.6707177 0.2701417
vt 0.6707177 0.2639011
vt 0.5198745 0.2639011
vt 0.6707177 0.2639011
vt 0.6707177 0.2701417
vt 0.5198745 0.2701417
vt 0.5198475 0.2639961
vt 0.6706907 0.2639961
vt 0.6706907 0.2702367
vt 0.5198475 0.2702367
vt 0.5198475 0.2639961
vt 0.5198475 0.2702367
vt 0.6706907 0.2702367
vt 0.6706907 0.2639961
vt 0.5198745 0.2639011
vt 0.5198745 0.2701417
vt 0.6707177 0.2701417
vt 0.6707177 0.2639011
vt 0.5198745 0.2639011
vt 0.6707177 0.2639011
vt 0.6707177 0.2701417
vt 0.5198745 0.2701417
vt 0.5198475 0.2639961
vt 0.6706907 0.2639961
vt 0.6706907 0.2702367
vt 0.5198475 0.2702367
vt 0.5198475 0.2639961
vt 0.5198475 0.2702367
vt 0.6706907 0.2702367
vt 0.6706907 0.2639961
vt 0.5198745 0.2639011
vt 0.5198745 0.2701417
vt 0.6707177 0.2701417
vt 0.6707177 0.2639011
vt 0.5198745 0.2639011
vt 0.6707177 0.2639011
vt 0.6707177 0.2701417
vt 0.5198745 0.2701417
vt 0.5198475 0.2639961
vt 0.6706907 0.2639961
vt 0.6706907 0.2702367
vt 0.5198475 0.2702367
vt 0.5198475 0.2639961
vt 0.5198475 0.2702367
vt 0.6706907 0.2702367
vt 0.6706907 0.2639961
vt 0.5198745 0.2639011
vt 0.5198745 0.2701417
vt 0.6707177 0.2701417
vt 0.6707177 0.2639011
vt 0.5198745 0.2639011
vt 0.6707177 0.2639011
vt 0.6707177 0.2701417
vt 0.5198745 0.2701417
vt 0.5198475 0.2639961
vt 0.6706907 0.2639961
vt 0.6706907 0.2702367
vt 0.5198475 0.2702367
vt 0.5198475 0.2639961
vt 0.5198475 0.2702367
vt 0.6706907 0.2702367
vt 0.6706907 0.2639961
vt 0.5198745 0.2639011
vt 0.5198745 0.2701417
vt 0.6707177 0.2701417
vt 0.6707177 0.2639011
vt 0.5198745 0.2639011
vt 0.6707177 0.2639011
vt 0.6707177 0.2701417
vt 0.5198745 0.2701417
vt 0.5198475 0.2639961
vt 0.6706907 0.2639961
vt 0.6706907 0.2702367
vt 0.5198475 0.2702367
vt 0.5198475 0.2639961
vt 0.5198475 0.2702367
vt 0.6706907 0.2702367
vt 0.6706907 0.2639961
vt 0.5198745 0.2639011
vt 0.5198745 0.2701417
vt 0.6707177 0.2701417
vt 0.6707177 0.2639011
vt 0.5198745 0.2639011
vt 0.6707177 0.2639011
vt 0.6707177 0.2701417
vt 0.5198745 0.2701417
vt 0.5198475 0.2639961
vt 0.6706907 0.2639961
vt 0.6706907 0.2702367
vt 0.5198475 0.2702367
vt 0.5198475 0.2639961
vt 0.5198475 0.2702367
vt 0.6706907 0.2702367
vt 0.6706907 0.2639961
vt 0.5198745 0.2639011
vt 0.5198745 0.2701417
vt 0.6707177 0.2701417
vt 0.6707177 0.2639011
vt 0.5198745 0.2639011
vt 0.6707177 0.2639011
vt 0.6707177 0.2701417
vt 0.5198745 0.2701417
vt 0.5198475 0.2639961
vt 0.6706907 0.2639961
vt 0.6706907 0.2702367
vt 0.5198475 0.2702367
vt 0.5198475 0.2639961
vt 0.5198475 0.2702367
vt 0.6706907 0.2702367
vt 0.6706907 0.2639961
vt 0.5198745 0.2639011
vt 0.5198745 0.2701417
vt 0.6707177 0.2701417
vt 0.6707177 0.2639011
vt 0.5198745 0.2639011
vt 0.6707177 0.2639011
vt 0.6707177 0.2701417
vt 0.5198745 0.2701417
vt 0.907765 0.1380684
vt 0.907765 0.0522292
vt 0.984502 0.0522292
vt 0.984502 0.1380684
vt 0.9859617 0.2350638
vt 0.9859617 0.1496566
vt 0.6789116 0.1496566
vt 0.6789116 0.2350638
vt 0.907765 0.1380684
vt 0.907765 0.0522292
vt 0.984502 0.0522292
vt 0.984502 0.1380684
vt 0.8453836 0.7807147
vt 0.8453836 0.7869553
vt 0.9962268 0.7869553
vt 0.9962268 0.7807147
vt 0.8453836 0.7807147
vt 0.9962268 0.7807147
vt 0.9962268 0.7869553
vt 0.8453836 0.7869553
vt 0.9979976 0.8219144
vt 0.9979976 0.8082449
vt 0.9214993 0.8082449
vt 0.9214993 0.8219144
vt 0.9979976 0.8057755
vt 0.9979976 0.7912019
vt 0.9214993 0.7912019
vt 0.9214993 0.8057755
vt 0.9979976 0.8082449
vt 0.9214993 0.8082449
vt 0.9214993 0.8219144
vt 0.9979976 0.8219144
vt 0.9979976 0.7912019
vt 0.9214993 0.7912019
vt 0.9214993 0.8057755
vt 0.9979976 0.8057755
vt 0.9979976 0.8082449
vt 0.9979976 0.8219144
vt 0.9214993 0.8219144
vt 0.9214993 0.8082449
vt 0.9979976 0.7912019
vt 0.9979976 0.8057755
vt 0.9214993 0.8057755
vt 0.9214993 0.7912019
vt 0.9979976 0.8082449
vt 0.9214993 0.8082449
vt 0.9214993 0.8219144
vt 0.9979976 0.8219144
vt 0.9979976 0.7912019
vt 0.9214993 0.7912019
vt 0.9214993 0.8057755
vt 0.9979976 0.8057755
vt 0.9214993 0.8219144
vt 0.9214993 0.8082449
vt 0.9979976 0.8082449
vt 0.9979976 0.8219144
vt 0.9979976 0.8057755
vt 0.9214993 0.8057755
vt 0.9214993 0.7912019
vt 0.9979976 0.7912019
vt 0.9980624 0.791265
vt 0.9211969 0.7913026
vt 0.9211779 0.8057414
vt 0.9980624 0.8056201
vt 0.9980389 0.8083795
vt 0.9216688 0.8083795
vt 0.9216689 0.8220262
vt 0.9980388 0.8220263
vt 0.8453836 0.7807147
vt 0.8453836 0.7869553
vt 0.9962268 0.7869553
vt 0.9962268 0.7807147
vt 0.8453836 0.7807147
vt 0.9962268 0.7807147
vt 0.9962268 0.7869553
vt 0.8453836 0.7869553
vt 0.8453836 0.7807147
vt 0.8453836 0.7869553
vt 0.9962268 0.7869553
vt 0.9962268 0.7807147
vt 0.8453836 0.7807147
vt 0.9962268 0.7807147
vt 0.9962268 0.7869553
vt 0.8453836 0.7869553
vt 0.8453836 0.7807147
vt 0.8453836 0.7869553
vt 0.9962268 0.7869553
vt 0.9962268 0.7807147
vt 0.8453836 0.7807147
vt 0.9962268 0.7807147
vt 0.9962268 0.7869553
vt 0.8453836 0.7869553
vt 0.8453836 0.7807147
vt 0.8453836 0.7869553
vt 0.9962268 0.7869553
vt 0.9962268 0.7807147
vt 0.8453836 0.7807147
vt 0.9962268 0.7807147
vt 0.9962268 0.7869553
vt 0.8453836 0.7869553
vt 0.8453836 0.7807147
vt 0.8453836 0.7869553
vt 0.9962268 0.7869553
vt 0.9962268 0.7807147
vt 0.8453836 0.7807147
vt 0.9962268 0.7807147
vt 0.9962268 0.7869553
vt 0.8453836 0.7869553
vt 0.8453836 0.7807147
vt 0.8453836 0.7869553
vt 0.9962268 0.7869553
vt 0.9962268 0.7807147
vt 0.8453836 0.7807147
vt 0.9962268 0.7807147
vt 0.9962268 0.7869553
vt 0.8453836 0.7869553
vt 0.8453836 0.7807147
vt 0.8453836 0.7869553
vt 0.9962268 0.7869553
vt 0.9962268 0.7807147
vt 0.8453836 0.7807147
vt 0.9962268 0.7807147
vt 0.9962268 0.7869553
vt 0.8453836 0.7869553
vt 0.8453836 0.7807147
vt 0.8453836 0.7869553
vt 0.9962268 0.7869553
vt 0.9962268 0.7807147
vt 0.8453836 0.7807147
vt 0.9962268 0.7807147
vt 0.9962268 0.7869553
vt 0.8453836 0.7869553
vt 0.8453836 0.7807147
vt 0.8453836 0.7869553
vt 0.9962268 0.7869553
vt 0.9962268 0.7807147
vt 0.8453836 0.7807147
vt 0.9962268 0.7807147
vt 0.9962268 0.7869553
vt 0.8453836 0.7869553
vt 0.8453836 0.7807147
vt 0.8453836 0.7869553
vt 0.9962268 0.7869553
vt 0.9962268 0.7807147
vt 0.8453836 0.7807147
vt 0.9962268 0.7807147
vt 0.9962268 0.7869553
vt 0.8453836 0.7869553
vt 0.9979976 0.8219144
vt 0.9979976 0.8082449
vt 0.9214993 0.8082449
vt 0.9214993 0.8219144
vt 0.9979976 0.8057755
vt 0.9979976 0.7912019
vt 0.9214993 0.7912019
vt 0.9214993 0.8057755
vt 0.9979976 0.8082449
vt 0.9214993 0.8082449
vt 0.9214993 0.8219144
vt 0.9979976 0.8219144
vt 0.9979976 0.7912019
vt 0.9214993 0.7912019
vt 0.9214993 0.8057755
vt 0.9979976 0.8057755
vt 0.9979976 0.8082449
vt 0.9979976 0.8219144
vt 0.9214993 0.8219144
vt 0.9214993 0.8082449
vt 0.9979976 0.7912019
vt 0.9979976 0.8057755
vt 0.9214993 0.8057755
vt 0.9214993 0.7912019
vt 0.9979976 0.8082449
vt 0.9214993 0.8082449
vt 0.9214993 0.8219144
vt 0.9979976 0.8219144
vt 0.9979976 0.7912019
vt 0.9214993 0.7912019
vt 0.9214993 0.8057755
vt 0.9979976 0.8057755
vt 0.9214993 0.8219144
vt 0.9214993 0.8082449
vt 0.9979976 0.8082449
vt 0.9979976 0.8219144
vt 0.9979976 0.8057755
vt 0.9214993 0.8057755
vt 0.9214993 0.7912019
vt 0.9979976 0.7912019
vt 0.9980624 0.791265
vt 0.9490736 0.8056974
vt 0.9980624 0.8056201
vt 0.9490856 0.7912889
vt 0.9211779 0.8057414
vt 0.9211969 0.7913026
vt 0.9980389 0.8083795
vt 0.9493778 0.8220262
vt 0.9980388 0.8220263
vt 0.9493779 0.8083795
vt 0.9216688 0.8083795
vt 0.9216689 0.8220262
vt 0.9979976 0.8219144
vt 0.9979976 0.8082449
vt 0.9214993 0.8082449
vt 0.9214993 0.8219144
vt 0.9979976 0.8057755
vt 0.9979976 0.7912019
vt 0.9214993 0.7912019
vt 0.9214993 0.8057755
vt 0.9979976 0.8082449
vt 0.9214993 0.8082449
vt 0.9214993 0.8219144
vt 0.9979976 0.8219144
vt 0.9979976 0.7912019
vt 0.9214993 0.7912019
vt 0.9214993 0.8057755
vt 0.9979976 0.8057755
vt 0.9979976 0.8082449
vt 0.9979976 0.8219144
vt 0.9214993 0.8219144
vt 0.9214993 0.8082449
vt 0.9979976 0.7912019
vt 0.9979976 0.8057755
vt 0.9214993 0.8057755
vt 0.9214993 0.7912019
vt 0.9979976 0.8082449
vt 0.9214993 0.8082449
vt 0.9214993 0.8219144
vt 0.9979976 0.8219144
vt 0.9979976 0.7912019
vt 0.9214993 0.7912019
vt 0.9214993 0.8057755
vt 0.9979976 0.8057755
vt 0.9214993 0.8219144
vt 0.9214993 0.8082449
vt 0.9979976 0.8082449
vt 0.9979976 0.8219144
vt 0.9979976 0.8057755
vt 0.9214993 0.8057755
vt 0.9214993 0.7912019
vt 0.9979976 0.7912019
vt 0.9980624 0.791265
vt 0.9490736 0.8056974
vt 0.9980624 0.8056201
vt 0.9490856 0.7912889
vt 0.9211779 0.8057414
vt 0.9211969 0.7913026
vt 0.9980389 0.8083795
vt 0.9493778 0.8220262
vt 0.9980388 0.8220263
vt 0.9493779 0.8083795
vt 0.9216688 0.8083795
vt 0.9216689 0.8220262
vt 0.5198745 0.2639011
vt 0.5198745 0.2701417
vt 0.6707177 0.2701417
vt 0.6707177 0.2639011
vt 0.5198745 0.2639011
vt 0.6707177 0.2639011
vt 0.6707177 0.2701417
vt 0.5198745 0.2701417
vt 0.5198475 0.2639961
vt 0.6706907 0.2639961
vt 0.6706907 0.2702367
vt 0.5198475 0.2702367
vt 0.5198475 0.2639961
vt 0.5198475 0.2702367
vt 0.6706907 0.2702367
vt 0.6706907 0.2639961
vt 0.5198745 0.2639011
vt 0.5198745 0.2701417
vt 0.6707177 0.2701417
vt 0.6707177 0.2639011
vt 0.5198745 0.2639011
vt 0.6707177 0.2639011
vt 0.6707177 0.2701417
vt 0.5198745 0.2701417
vt 0.5198475 0.2639961
vt 0.6706907 0.2639961
vt 0.6706907 0.2702367
vt 0.5198475 0.2702367
vt 0.5198475 0.2639961
vt 0.5198475 0.2702367
vt 0.6706907 0.2702367
vt 0.6706907 0.2639961
vt 0.5198745 0.2639011
vt 0.5198745 0.2701417
vt 0.6707177 0.2701417
vt 0.6707177 0.2639011
vt 0.5198745 0.2639011
vt 0.6707177 0.2639011
vt 0.6707177 0.2701417
vt 0.5198745 0.2701417
vt 0.5198475 0.2639961
vt 0.6706907 0.2639961
vt 0.6706907 0.2702367
vt 0.5198475 0.2702367
vt 0.5198475 0.2639961
vt 0.5198475 0.2702367
vt 0.6706907 0.2702367
vt 0.6706907 0.2639961
vt 0.5198745 0.2639011
vt 0.5198745 0.2701417
vt 0.6707177 0.2701417
vt 0.6707177 0.2639011
vt 0.5198745 0.2639011
vt 0.6707177 0.2639011
vt 0.6707177 0.2701417
vt 0.5198745 0.2701417
vt 0.5198475 0.2639961
vt 0.6706907 0.2639961
vt 0.6706907 0.2702367
vt 0.5198475 0.2702367
vt 0.5198475 0.2639961
vt 0.5198475 0.2702367
vt 0.6706907 0.2702367
vt 0.6706907 0.2639961
vt 0.5198745 0.2639011
vt 0.5198745 0.2701417
vt 0.6707177 0.2701417
vt 0.6707177 0.2639011
vt 0.5198745 0.2639011
vt 0.6707177 0.2639011
vt 0.6707177 0.2701417
vt 0.5198745 0.2701417
vt 0.5198475 0.2639961
vt 0.6706907 0.2639961
vt 0.6706907 0.2702367
vt 0.5198475 0.2702367
vt 0.5198475 0.2639961
vt 0.5198475 0.2702367
vt 0.6706907 0.2702367
vt 0.6706907 0.2639961
vt 0.5198745 0.2639011
vt 0.5198745 0.2701417
vt 0.6707177 0.2701417
vt 0.6707177 0.2639011
vt 0.5198745 0.2639011
vt 0.6707177 0.2639011
vt 0.6707177 0.2701417
vt 0.5198745 0.2701417
vt 0.5198475 0.2639961
vt 0.6706907 0.2639961
vt 0.6706907 0.2702367
vt 0.5198475 0.2702367
vt 0.5198475 0.2639961
vt 0.5198475 0.2702367
vt 0.6706907 0.2702367
vt 0.6706907 0.2639961
vt 0.5198745 0.2639011
vt 0.5198745 0.2701417
vt 0.6707177 0.2701417
vt 0.6707177 0.2639011
vt 0.5198745 0.2639011
vt 0.6707177 0.2639011
vt 0.6707177 0.2701417
vt 0.5198745 0.2701417
vt 0.5198475 0.2639961
vt 0.6706907 0.2639961
vt 0.6706907 0.2702367
vt 0.5198475 0.2702367
vt 0.5198475 0.2639961
vt 0.5198475 0.2702367
vt 0.6706907 0.2702367
vt 0.6706907 0.2639961
vt 0.5198745 0.2639011
vt 0.5198745 0.2701417
vt 0.6707177 0.2701417
vt 0.6707177 0.2639011
vt 0.5198745 0.2639011
vt 0.6707177 0.2639011
vt 0.6707177 0.2701417
vt 0.5198745 0.2701417
vt 0.5198475 0.2639961
vt 0.6706907 0.2639961
vt 0.6706907 0.2702367
vt 0.5198475 0.2702367
vt 0.5198475 0.2639961
vt 0.5198475 0.2702367
vt 0.6706907 0.2702367
vt 0.6706907 0.2639961
vt 0.5198745 0.2639011
vt 0.5198745 0.2701417
vt 0.6707177 0.2701417
vt 0.6707177 0.2639011
vt 0.5198745 0.2639011
vt 0.6707177 0.2639011
vt 0.6707177 0.2701417
vt 0.5198745 0.2701417
vt 0.5198475 0.2639961
vt 0.6706907 0.2639961
vt 0.6706907 0.2702367
vt 0.5198475 0.2702367
vt 0.5198475 0.2639961
vt 0.5198475 0.2702367
vt 0.6706907 0.2702367
vt 0.6706907 0.2639961
vt 0.5198745 0.2639011
vt 0.5198745 0.2701417
vt 0.6707177 0.2701417
vt 0.6707177 0.2639011
vt 0.5198745 0.2639011
vt 0.6707177 0.2639011
vt 0.6707177 0.2701417
vt 0.5198745 0.2701417
vt 0.5198475 0.2639961
vt 0.6706907 0.2639961
vt 0.6706907 0.2702367
vt 0.5198475 0.2702367
vt 0.5198475 0.2639961
vt 0.5198475 0.2702367
vt 0.6706907 0.2702367
vt 0.6706907 0.2639961
vt 0.5198745 0.2639011
vt 0.5198745 0.2701417
vt 0.6707177 0.2701417
vt 0.6707177 0.2639011
vt 0.5198745 0.2639011
vt 0.6707177 0.2639011
vt 0.6707177 0.2701417
vt 0.5198745 0.2701417
vt 0.5198475 0.2639961
vt 0.6706907 0.2639961
vt 0.6706907 0.2702367
vt 0.5198475 0.2702367
vt 0.5198475 0.2639961
vt 0.5198475 0.2702367
vt 0.6706907 0.2702367
vt 0.6706907 0.2639961
vt 0.5198745 0.2639011
vt 0.5198745 0.2701417
vt 0.6707177 0.2701417
vt 0.6707177 0.2639011
vt 0.5198745 0.2639011
vt 0.6707177 0.2639011
vt 0.6707177 0.2701417
vt 0.5198745 0.2701417
vt 0.5198475 0.2639961
vt 0.6706907 0.2639961
vt 0.6706907 0.2702367
vt 0.5198475 0.2702367
vt 0.5198475 0.2639961
vt 0.5198475 0.2702367
vt 0.6706907 0.2702367
vt 0.6706907 0.2639961
vt 0.5198745 0.2639011
vt 0.5198745 0.2701417
vt 0.6707177 0.2701417
vt 0.6707177 0.2639011
vt 0.5198745 0.2639011
vt 0.6707177 0.2639011
vt 0.6707177 0.2701417
vt 0.5198745 0.2701417
vt 0.5198475 0.2639961
vt 0.6706907 0.2639961
vt 0.6706907 0.2702367
vt 0.5198475 0.2702367
vt 0.5198475 0.2639961
vt 0.5198475 0.2702367
vt 0.6706907 0.2702367
vt 0.6706907 0.2639961
vt 0.5198745 0.2639011
vt 0.5198745 0.2701417
vt 0.6707177 0.2701417
vt 0.6707177 0.2639011
vt 0.5198745 0.2639011
vt 0.6707177 0.2639011
vt 0.6707177 0.2701417
vt 0.5198745 0.2701417
vt 0.5198475 0.2639961
vt 0.6706907 0.2639961
vt 0.6706907 0.2702367
vt 0.5198475 0.2702367
vt 0.5198475 0.2639961
vt 0.5198475 0.2702367
vt 0.6706907 0.2702367
vt 0.6706907 0.2639961
vt 0.5198745 0.2639011
vt 0.5198745 0.2701417
vt 0.6707177 0.2701417
vt 0.6707177 0.2639011
vt 0.5198745 0.2639011
vt 0.6707177 0.2639011
vt 0.6707177 0.2701417
vt 0.5198745 0.2701417
vt 0.5198475 0.2639961
vt 0.6706907 0.2639961
vt 0.6706907 0.2702367
vt 0.5198475 0.2702367
vt 0.5198475 0.2639961
vt 0.5198475 0.2702367
vt 0.6706907 0.2702367
vt 0.6706907 0.2639961
vt 0.5198745 0.2639011
vt 0.5198745 0.2701417
vt 0.6707177 0.2701417
vt 0.6707177 0.2639011
vt 0.5198745 0.2639011
vt 0.6707177 0.2639011
vt 0.6707177 0.2701417
vt 0.5198745 0.2701417
vt 0.5198475 0.2639961
vt 0.6706907 0.2639961
vt 0.6706907 0.2702367
vt 0.5198475 0.2702367
vt 0.5198475 0.2639961
vt 0.5198475 0.2702367
vt 0.6706907 0.2702367
vt 0.6706907 0.2639961
vt 0.5198745 0.2639011
vt 0.5198745 0.2701417
vt 0.6707177 0.2701417
vt 0.6707177 0.2639011
vt 0.5198745 0.2639011
vt 0.6707177 0.2639011
vt 0.6707177 0.2701417
vt 0.5198745 0.2701417
vt 0.907765 0.1380684
vt 0.984502 0.1380684
vt 0.984502 0.0522292
vt 0.907765 0.0522292
vt 0.6789116 0.2350638
vt 0.9859618 0.2350638
vt 0.9859618 0.1496566
vt 0.6789116 0.1496566
vt 0.907765 0.1380684
vt 0.984502 0.1380684
vt 0.984502 0.0522292
vt 0.907765 0.0522292
vt 0.8453836 0.7807147
vt 0.9962268 0.7807147
vt 0.9962268 0.7869553
vt 0.8453836 0.7869553
vt 0.8453836 0.7807147
vt 0.8453836 0.7869553
vt 0.9962268 0.7869553
vt 0.9962268 0.7807147
vt 0.9979976 0.8219144
vt 0.9214993 0.8219144
vt 0.9214993 0.8082449
vt 0.9979976 0.8082449
vt 0.9979976 0.8057755
vt 0.9214993 0.8057755
vt 0.9214993 0.7912019
vt 0.9979976 0.7912019
vt 0.9979976 0.8082449
vt 0.9979976 0.8219144
vt 0.9214993 0.8219144
vt 0.9214993 0.8082449
vt 0.9979976 0.7912019
vt 0.9979976 0.8057755
vt 0.9214993 0.8057755
vt 0.9214993 0.7912019
vt 0.9979976 0.8082449
vt 0.9214993 0.8082449
vt 0.9214993 0.8219144
vt 0.9979976 0.8219144
vt 0.9979976 0.7912019
vt 0.9214993 0.7912019
vt 0.9214993 0.8057755
vt 0.9979976 0.8057755
vt 0.9979976 0.8082449
vt 0.9979976 0.8219144
vt 0.9214993 0.8219144
vt 0.9214993 0.8082449
vt 0.9979976 0.7912019
vt 0.9979976 0.8057755
vt 0.9214993 0.8057755
vt 0.9214993 0.7912019
vt 0.9214993 0.8219144
vt 0.9979976 0.8219144
vt 0.9979976 0.8082449
vt 0.9214993 0.8082449
vt 0.9979976 0.8057755
vt 0.9979976 0.7912019
vt 0.9214993 0.7912019
vt 0.9214993 0.8057755
vt 0.9980624 0.791265
vt 0.9980624 0.8056201
vt 0.9211779 0.8057414
vt 0.9211969 0.7913026
vt 0.9980389 0.8083795
vt 0.9980388 0.8220263
vt 0.9216689 0.8220262
vt 0.9216688 0.8083795
vt 0.8453836 0.7807147
vt 0.9962268 0.7807147
vt 0.9962268 0.7869553
vt 0.8453836 0.7869553
vt 0.8453836 0.7807147
vt 0.8453836 0.7869553
vt 0.9962268 0.7869553
vt 0.9962268 0.7807147
vt 0.8453836 0.7807147
vt 0.9962268 0.7807147
vt 0.9962268 0.7869553
vt 0.8453836 0.7869553
vt 0.8453836 0.7807147
vt 0.8453836 0.7869553
vt 0.9962268 0.7869553
vt 0.9962268 0.7807147
vt 0.8453836 0.7807147
vt 0.9962268 0.7807147
vt 0.9962268 0.7869553
vt 0.8453836 0.7869553
vt 0.8453836 0.7807147
vt 0.8453836 0.7869553
vt 0.9962268 0.7869553
vt 0.9962268 0.7807147
vt 0.8453836 0.7807147
vt 0.9962268 0.7807147
vt 0.9962268 0.7869553
vt 0.8453836 0.7869553
vt 0.8453836 0.7807147
vt 0.8453836 0.7869553
vt 0.9962268 0.7869553
vt 0.9962268 0.7807147
vt 0.8453836 0.7807147
vt 0.9962268 0.7807147
vt 0.9962268 0.7869553
vt 0.8453836 0.7869553
vt 0.8453836 0.7807147
vt 0.8453836 0.7869553
vt 0.9962268 0.7869553
vt 0.9962268 0.7807147
vt 0.8453836 0.7807147
vt 0.9962268 0.7807147
vt 0.9962268 0.7869553
vt 0.8453836 0.7869553
vt 0.8453836 0.7807147
vt 0.8453836 0.7869553
vt 0.9962268 0.7869553
vt 0.9962268 0.7807147
vt 0.8453836 0.7807147
vt 0.9962268 0.7807147
vt 0.9962268 0.7869553
vt 0.8453836 0.7869553
vt 0.8453836 0.7807147
vt 0.8453836 0.7869553
vt 0.9962268 0.7869553
vt 0.9962268 0.7807147
vt 0.8453836 0.7807147
vt 0.9962268 0.7807147
vt 0.9962268 0.7869553
vt 0.8453836 0.7869553
vt 0.8453836 0.7807147
vt 0.8453836 0.7869553
vt 0.9962268 0.7869553
vt 0.9962268 0.7807147
vt 0.8453836 0.7807147
vt 0.9962268 0.7807147
vt 0.9962268 0.7869553
vt 0.8453836 0.7869553
vt 0.8453836 0.7807147
vt 0.8453836 0.7869553
vt 0.9962268 0.7869553
vt 0.9962268 0.7807147
vt 0.8453836 0.7807147
vt 0.9962268 0.7807147
vt 0.9962268 0.7869553
vt 0.8453836 0.7869553
vt 0.8453836 0.7807147
vt 0.8453836 0.7869553
vt 0.9962268 0.7869553
vt 0.9962268 0.7807147
vt 0.9979976 0.8219144
vt 0.9214993 0.8219144
vt 0.9214993 0.8082449
vt 0.9979976 0.8082449
vt 0.9979976 0.8057755
vt 0.9214993 0.8057755
vt 0.9214993 0.7912019
vt 0.9979976 0.7912019
vt 0.9979976 0.8082449
vt 0.9979976 0.8219144
vt 0.9214993 0.8219144
vt 0.9214993 0.8082449
vt 0.9979976 0.7912019
vt 0.9979976 0.8057755
vt 0.9214993 0.8057755
vt 0.9214993 0.7912019
vt 0.9979976 0.8082449
vt 0.9214993 0.8082449
vt 0.9214993 0.8219144
vt 0.9979976 0.8219144
vt 0.9979976 0.7912019
vt 0.9214993 0.7912019
vt 0.9214993 0.8057755
vt 0.9979976 0.8057755
vt 0.9979976 0.8082449
vt 0.9979976 0.8219144
vt 0.9214993 0.8219144
vt 0.9214993 0.8082449
vt 0.9979976 0.7912019
vt 0.9979976 0.8057755
vt 0.9214993 0.8057755
vt 0.9214993 0.7912019
vt 0.9214993 0.8219144
vt 0.9979976 0.8219144
vt 0.9979976 0.8082449
vt 0.9214993 0.8082449
vt 0.9979976 0.8057755
vt 0.9979976 0.7912019
vt 0.9214993 0.7912019
vt 0.9214993 0.8057755
vt 0.9980624 0.791265
vt 0.9980624 0.8056201
vt 0.9490736 0.8056974
vt 0.9490856 0.7912889
vt 0.9211779 0.8057414
vt 0.9211969 0.7913026
vt 0.9980389 0.8083795
vt 0.9980388 0.8220263
vt 0.9493778 0.8220262
vt 0.9493779 0.8083795
vt 0.9216688 0.8083795
vt 0.9216689 0.8220262
vt 0.9979976 0.8219144
vt 0.9214993 0.8219144
vt 0.9214993 0.8082449
vt 0.9979976 0.8082449
vt 0.9979976 0.8057755
vt 0.9214993 0.8057755
vt 0.9214993 0.7912019
vt 0.9979976 0.7912019
vt 0.9979976 0.8082449
vt 0.9979976 0.8219144
vt 0.9214993 0.8219144
vt 0.9214993 0.8082449
vt 0.9979976 0.7912019
vt 0.9979976 0.8057755
vt 0.9214993 0.8057755
vt 0.9214993 0.7912019
vt 0.9979976 0.8082449
vt 0.9214993 0.8082449
vt 0.9214993 0.8219144
vt 0.9979976 0.8219144
vt 0.9979976 0.7912019
vt 0.9214993 0.7912019
vt 0.9214993 0.8057755
vt 0.9979976 0.8057755
vt 0.9979976 0.8082449
vt 0.9979976 0.8219144
vt 0.9214993 0.8219144
vt 0.9214993 0.8082449
vt 0.9979976 0.7912019
vt 0.9979976 0.8057755
vt 0.9214993 0.8057755
vt 0.9214993 0.7912019
vt 0.9214993 0.8219144
vt 0.9979976 0.8219144
vt 0.9979976 0.8082449
vt 0.9214993 0.8082449
vt 0.9979976 0.8057755
vt 0.9979976 0.7912019
vt 0.9214993 0.7912019
vt 0.9214993 0.8057755
vt 0.9980624 0.791265
vt 0.9980624 0.8056201
vt 0.9490736 0.8056974
vt 0.9490856 0.7912889
vt 0.9211779 0.8057414
vt 0.9211969 0.7913026
vt 0.9980389 0.8083795
vt 0.9980388 0.8220263
vt 0.9493778 0.8220262
vt 0.9493779 0.8083795
vt 0.9216688 0.8083795
vt 0.9216689 0.8220262
vt 0.5198745 0.2639011
vt 0.6707177 0.2639011
vt 0.6707177 0.2701417
vt 0.5198745 0.2701417
vt 0.5198745 0.2639011
vt 0.5198745 0.2701417
vt 0.6707177 0.2701417
vt 0.6707177 0.2639011
vt 0.5198475 0.2639961
vt 0.5198475 0.2702367
vt 0.6706907 0.2702367
vt 0.6706907 0.2639961
vt 0.5198475 0.2639961
vt 0.6706907 0.2639961
vt 0.6706907 0.2702367
vt 0.5198475 0.2702367
vt 0.5198745 0.2639011
vt 0.6707177 0.2639011
vt 0.6707177 0.2701417
vt 0.5198745 0.2701417
vt 0.5198745 0.2639011
vt 0.5198745 0.2701417
vt 0.6707177 0.2701417
vt 0.6707177 0.2639011
vt 0.5198475 0.2639961
vt 0.5198475 0.2702367
vt 0.6706907 0.2702367
vt 0.6706907 0.2639961
vt 0.5198475 0.2639961
vt 0.6706907 0.2639961
vt 0.6706907 0.2702367
vt 0.5198475 0.2702367
vt 0.5198745 0.2639011
vt 0.6707177 0.2639011
vt 0.6707177 0.2701417
vt 0.5198745 0.2701417
vt 0.5198745 0.2639011
vt 0.5198745 0.2701417
vt 0.6707177 0.2701417
vt 0.6707177 0.2639011
vt 0.5198475 0.2639961
vt 0.5198475 0.2702367
vt 0.6706907 0.2702367
vt 0.6706907 0.2639961
vt 0.5198475 0.2639961
vt 0.6706907 0.2639961
vt 0.6706907 0.2702367
vt 0.5198475 0.2702367
vt 0.5198745 0.2639011
vt 0.6707177 0.2639011
vt 0.6707177 0.2701417
vt 0.5198745 0.2701417
vt 0.5198745 0.2639011
vt 0.5198745 0.2701417
vt 0.6707177 0.2701417
vt 0.6707177 0.2639011
vt 0.5198475 0.2639961
vt 0.5198475 0.2702367
vt 0.6706907 0.2702367
vt 0.6706907 0.2639961
vt 0.5198475 0.2639961
vt 0.6706907 0.2639961
vt 0.6706907 0.2702367
vt 0.5198475 0.2702367
vt 0.5198745 0.2639011
vt 0.6707177 0.2639011
vt 0.6707177 0.2701417
vt 0.5198745 0.2701417
vt 0.5198745 0.2639011
vt 0.5198745 0.2701417
vt 0.6707177 0.2701417
vt 0.6707177 0.2639011
vt 0.5198475 0.2639961
vt 0.5198475 0.2702367
vt 0.6706907 0.2702367
vt 0.6706907 0.2639961
vt 0.5198475 0.2639961
vt 0.6706907 0.2639961
vt 0.6706907 0.2702367
vt 0.5198475 0.2702367
vt 0.5198745 0.2639011
vt 0.6707177 0.2639011
vt 0.6707177 0.2701417
vt 0.5198745 0.2701417
vt 0.5198745 0.2639011
vt 0.5198745 0.2701417
vt 0.6707177 0.2701417
vt 0.6707177 0.2639011
vt 0.5198475 0.2639961
vt 0.5198475 0.2702367
vt 0.6706907 0.2702367
vt 0.6706907 0.2639961
vt 0.5198475 0.2639961
vt 0.6706907 0.2639961
vt 0.6706907 0.2702367
vt 0.5198475 0.2702367
vt 0.5198745 0.2639011
vt 0.6707177 0.2639011
vt 0.6707177 0.2701417
vt 0.5198745 0.2701417
vt 0.5198745 0.2639011
vt 0.5198745 0.2701417
vt 0.6707177 0.2701417
vt 0.6707177 0.2639011
vt 0.5198475 0.2639961
vt 0.5198475 0.2702367
vt 0.6706907 0.2702367
vt 0.6706907 0.2639961
vt 0.5198475 0.2639961
vt 0.6706907 0.2639961
vt 0.6706907 0.2702367
vt 0.5198475 0.2702367
vt 0.5198745 0.2639011
vt 0.6707177 0.2639011
vt 0.6707177 0.2701417
vt 0.5198745 0.2701417
vt 0.5198745 0.2639011
vt 0.5198745 0.2701417
vt 0.6707177 0.2701417
vt 0.6707177 0.2639011
vt 0.5198475 0.2639961
vt 0.5198475 0.2702367
vt 0.6706907 0.2702367
vt 0.6706907 0.2639961
vt 0.5198475 0.2639961
vt 0.6706907 0.2639961
vt 0.6706907 0.2702367
vt 0.5198475 0.2702367
vt 0.5198745 0.2639011
vt 0.6707177 0.2639011
vt 0.6707177 0.2701417
vt 0.5198745 0.2701417
vt 0.5198745 0.2639011
vt 0.5198745 0.2701417
vt 0.6707177 0.2701417
vt 0.6707177 0.2639011
vt 0.5198475 0.2639961
vt 0.5198475 0.2702367
vt 0.6706907 0.2702367
vt 0.6706907 0.2639961
vt 0.5198475 0.2639961
vt 0.6706907 0.2639961
vt 0.6706907 0.2702367
vt 0.5198475 0.2702367
vt 0.5198745 0.2639011
vt 0.6707177 0.2639011
vt 0.6707177 0.2701417
vt 0.5198745 0.2701417
vt 0.5198745 0.2639011
vt 0.5198745 0.2701417
vt 0.6707177 0.2701417
vt 0.6707177 0.2639011
vt 0.5198475 0.2639961
vt 0.5198475 0.2702367
vt 0.6706907 0.2702367
vt 0.6706907 0.2639961
vt 0.5198475 0.2639961
vt 0.6706907 0.2639961
vt 0.6706907 0.2702367
vt 0.5198475 0.2702367
vt 0.5198745 0.2639011
vt 0.6707177 0.2639011
vt 0.6707177 0.2701417
vt 0.5198745 0.2701417
vt 0.5198745 0.2639011
vt 0.5198745 0.2701417
vt 0.6707177 0.2701417
vt 0.6707177 0.2639011
vt 0.5198475 0.2639961
vt 0.5198475 0.2702367
vt 0.6706907 0.2702367
vt 0.6706907 0.2639961
vt 0.5198475 0.2639961
vt 0.6706907 0.2639961
vt 0.6706907 0.2702367
vt 0.5198475 0.2702367
vt 0.5198745 0.2639011
vt 0.6707177 0.2639011
vt 0.6707177 0.2701417
vt 0.5198745 0.2701417
vt 0.5198745 0.2639011
vt 0.5198745 0.2701417
vt 0.6707177 0.2701417
vt 0.6707177 0.2639011
vt 0.5198475 0.2639961
vt 0.5198475 0.2702367
vt 0.6706907 0.2702367
vt 0.6706907 0.2639961
vt 0.5198475 0.2639961
vt 0.6706907 0.2639961
vt 0.6706907 0.2702367
vt 0.5198475 0.2702367
vt 0.5198745 0.2639011
vt 0.6707177 0.2639011
vt 0.6707177 0.2701417
vt 0.5198745 0.2701417
vt 0.5198745 0.2639011
vt 0.5198745 0.2701417
vt 0.6707177 0.2701417
vt 0.6707177 0.2639011
vt 0.5198475 0.2639961
vt 0.5198475 0.2702367
vt 0.6706907 0.2702367
vt 0.6706907 0.2639961
vt 0.5198475 0.2639961
vt 0.6706907 0.2639961
vt 0.6706907 0.2702367
vt 0.5198475 0.2702367
vt 0.5198745 0.2639011
vt 0.6707177 0.2639011
vt 0.6707177 0.2701417
vt 0.5198745 0.2701417
vt 0.5198745 0.2639011
vt 0.5198745 0.2701417
vt 0.6707177 0.2701417
vt 0.6707177 0.2639011
vt 0.5198475 0.2639961
vt 0.5198475 0.2702367
vt 0.6706907 0.2702367
vt 0.6706907 0.2639961
vt 0.5198475 0.2639961
vt 0.6706907 0.2639961
vt 0.6706907 0.2702367
vt 0.5198475 0.2702367
vt 0.5198745 0.2639011
vt 0.6707177 0.2639011
vt 0.6707177 0.2701417
vt 0.5198745 0.2701417
vt 0.5198745 0.2639011
vt 0.5198745 0.2701417
vt 0.6707177 0.2701417
vt 0.6707177 0.2639011
vt 0.5198475 0.2639961
vt 0.5198475 0.2702367
vt 0.6706907 0.2702367
vt 0.6706907 0.2639961
vt 0.5198475 0.2639961
vt 0.6706907 0.2639961
vt 0.6706907 0.2702367
vt 0.5198475 0.2702367
vt 0.5198745 0.2639011
vt 0.6707177 0.2639011
vt 0.6707177 0.2701417
vt 0.5198745 0.2701417
vt 0.5198745 0.2639011
vt 0.5198745 0.2701417
vt 0.6707177 0.2701417
vt 0.6707177 0.2639011
vt 0.5198475 0.2639961
vt 0.5198475 0.2702367
vt 0.6706907 0.2702367
vt 0.6706907 0.2639961
vt 0.5198475 0.2639961
vt 0.6706907 0.2639961
vt 0.6706907 0.2702367
vt 0.5198475 0.2702367
vt 0.5198745 0.2639011
vt 0.6707177 0.2639011
vt 0.6707177 0.2701417
vt 0.5198745 0.2701417
vt 0.5198745 0.2639011
vt 0.5198745 0.2701417
vt 0.6707177 0.2701417
vt 0.6707177 0.2639011
vt 0.5053181 0.5087842
vt 0.5434647 0.5437679
vt 0.5053181 0.5437679
vt 0.5434647 0.5087842
vt 0.5053181 0.5010481
vt 0.5434647 0.5010481
vt 0.5053181 0.5087842
vt 0.5053181 0.5437679
vt 0.5434647 0.5437679
vt 0.5434647 0.5087842
vt 0.5053181 0.5087842
vt 0.5053181 0.5087842
vt 0.5434647 0.5010481
vt 0.5053181 0.5010481
vt 0.5829725 0.5836908
vt 0.5966035 0.5836096
vt 0.5507459 0.6184543
vt 0.7860975 0.5836907
vt 0.7860975 0.6184464
vt 0.5829725 0.5836908
vt 0.5507459 0.6184543
vt 0.5966035 0.5836096
vt 0.7860975 0.5836907
vt 0.7860975 0.6184465
vt 0.5038709 0.5588598
vt 0.5829725 0.5588598
vt 0.550746 0.5709409
vt 0.5829725 0.5709409
vt 0.5829725 0.5709409
vt 0.550746 0.5709409
vt 0.5507459 0.5836907
vt 0.5829725 0.5836908
vt 0.9638672 0.6267324
vt 0.9638672 0.5046621
vt 0.9980469 0.5046621
vt 0.9980469 0.6267324
vt 0.9980469 0.6267324
vt 0.9980469 0.5046621
vt 0.9638672 0.5046621
vt 0.9638672 0.6267324
vt 0.8377796 0.5462422
vt 0.8377796 0.5046621
vt 0.9638672 0.5046621
vt 0.9638672 0.6267324
vt 0.5829725 0.5836908
vt 0.5507459 0.5836908
vt 0.550746 0.5709409
vt 0.5829725 0.5709409
vt 0.9638672 0.6267324
vt 0.9638672 0.5046621
vt 0.8377797 0.5046621
vt 0.8377797 0.5462424
vt 0.5829725 0.5709409
vt 0.5829725 0.5588598
vt 0.550746 0.5709409
vt 0.5038709 0.5588598
vt 0.7860975 0.5836907
vt 0.7806392 0.5709409
vt 0.7806392 0.5581957
vt 0.7860975 0.5581957
vt 0.7860975 0.5581957
vt 0.7806392 0.5581957
vt 0.7806392 0.5709409
vt 0.7860975 0.5836907
vt 0.5966035 0.5836096
vt 0.5966444 0.5709409
vt 0.7806392 0.5709409
vt 0.7860975 0.5836907
vt 0.5829725 0.5836908
vt 0.5829725 0.5709409
vt 0.5966444 0.5709409
vt 0.5966035 0.5836096
vt 0.7860975 0.5836907
vt 0.7806392 0.5709409
vt 0.5966444 0.5709409
vt 0.5966035 0.5836096
vt 0.5966035 0.5836096
vt 0.5966444 0.5709409
vt 0.5829725 0.5709409
vt 0.5829725 0.5836908
vt 0.7860975 0.5836907
vt 0.8036756 0.5835486
vt 0.8036756 0.5581957
vt 0.7860975 0.5581957
vt 0.7860975 0.5836907
vt 0.8036756 0.5835486
vt 0.8036756 0.5581957
vt 0.7860975 0.5581957
vt 0.5053181 0.5087842
vt 0.5434647 0.5437679
vt 0.5053181 0.5437679
vt 0.5434647 0.5087842
vt 0.5053181 0.5010481
vt 0.5434647 0.5010481
vt 0.5053181 0.5087842
vt 0.5053181 0.5437679
vt 0.5434647 0.5437679
vt 0.5434647 0.5087842
vt 0.5053181 0.5087842
vt 0.5053181 0.5087842
vt 0.5434647 0.5010481
vt 0.5053181 0.5010481
vt 0.5829725 0.5836908
vt 0.5966035 0.5836096
vt 0.5507459 0.6184543
vt 0.7860975 0.5836907
vt 0.7860975 0.6184464
vt 0.5829725 0.5836908
vt 0.5507459 0.6184543
vt 0.5966035 0.5836096
vt 0.7860975 0.5836907
vt 0.7860975 0.6184465
vt 0.5038709 0.5588598
vt 0.5829725 0.5588598
vt 0.550746 0.5709409
vt 0.5829725 0.5709409
vt 0.5829725 0.5709409
vt 0.550746 0.5709409
vt 0.5507459 0.5836907
vt 0.5829725 0.5836908
vt 0.9638672 0.6267324
vt 0.9638672 0.5046621
vt 0.9980469 0.5046621
vt 0.9980469 0.6267324
vt 0.9980469 0.6267324
vt 0.9980469 0.5046621
vt 0.9638672 0.5046621
vt 0.9638672 0.6267324
vt 0.8377796 0.5462422
vt 0.8377796 0.5046621
vt 0.9638672 0.5046621
vt 0.9638672 0.6267324
vt 0.5829725 0.5836908
vt 0.5507459 0.5836908
vt 0.550746 0.5709409
vt 0.5829725 0.5709409
vt 0.9638672 0.6267324
vt 0.9638672 0.5046621
vt 0.8377797 0.5046621
vt 0.8377797 0.5462424
vt 0.5829725 0.5709409
vt 0.5829725 0.5588598
vt 0.550746 0.5709409
vt 0.5038709 0.5588598
vt 0.7860975 0.5836907
vt 0.7806392 0.5709409
vt 0.7806392 0.5581957
vt 0.7860975 0.5581957
vt 0.7860975 0.5581957
vt 0.7806392 0.5581957
vt 0.7806392 0.5709409
vt 0.7860975 0.5836907
vt 0.5966035 0.5836096
vt 0.5966444 0.5709409
vt 0.7806392 0.5709409
vt 0.7860975 0.5836907
vt 0.5829725 0.5836908
vt 0.5829725 0.5709409
vt 0.5966444 0.5709409
vt 0.5966035 0.5836096
vt 0.7860975 0.5836907
vt 0.7806392 0.5709409
vt 0.5966444 0.5709409
vt 0.5966035 0.5836096
vt 0.5966035 0.5836096
vt 0.5966444 0.5709409
vt 0.5829725 0.5709409
vt 0.5829725 0.5836908
vt 0.7860975 0.5836907
vt 0.8036756 0.5835486
vt 0.8036756 0.5581957
vt 0.7860975 0.5581957
vt 0.7860975 0.5836907
vt 0.8036756 0.5835486
vt 0.8036756 0.5581957
vt 0.7860975 0.5581957
vt 0.5053181 0.5087842
vt 0.5434647 0.5437679
vt 0.5053181 0.5437679
vt 0.5434647 0.5087842
vt 0.5053181 0.5010481
vt 0.5434647 0.5010481
vt 0.5053181 0.5087842
vt 0.5053181 0.5437679
vt 0.5434647 0.5437679
vt 0.5434647 0.5087842
vt 0.5053181 0.5087842
vt 0.5053181 0.5087842
vt 0.5434647 0.5010481
vt 0.5053181 0.5010481
vt 0.5829725 0.5836908
vt 0.5966035 0.5836096
vt 0.5507459 0.6184543
vt 0.7860975 0.5836907
vt 0.7860975 0.6184464
vt 0.5829725 0.5836908
vt 0.5507459 0.6184543
vt 0.5966035 0.5836096
vt 0.7860975 0.5836907
vt 0.7860975 0.6184465
vt 0.5038709 0.5588598
vt 0.5829725 0.5588598
vt 0.550746 0.5709409
vt 0.5829725 0.5709409
vt 0.5829725 0.5709409
vt 0.550746 0.5709409
vt 0.5507459 0.5836907
vt 0.5829725 0.5836908
vt 0.9638672 0.6267324
vt 0.9638672 0.5046621
vt 0.9980469 0.5046621
vt 0.9980469 0.6267324
vt 0.9980469 0.6267324
vt 0.9980469 0.5046621
vt 0.9638672 0.5046621
vt 0.9638672 0.6267324
vt 0.8377796 0.5462422
vt 0.8377796 0.5046621
vt 0.9638672 0.5046621
vt 0.9638672 0.6267324
vt 0.5829725 0.5836908
vt 0.5507459 0.5836908
vt 0.550746 0.5709409
vt 0.5829725 0.5709409
vt 0.9638672 0.6267324
vt 0.9638672 0.5046621
vt 0.8377797 0.5046621
vt 0.8377797 0.5462424
vt 0.5829725 0.5709409
vt 0.5829725 0.5588598
vt 0.550746 0.5709409
vt 0.5038709 0.5588598
vt 0.7860975 0.5836907
vt 0.7806392 0.5709409
vt 0.7806392 0.5581957
vt 0.7860975 0.5581957
vt 0.7860975 0.5581957
vt 0.7806392 0.5581957
vt 0.7806392 0.5709409
vt 0.7860975 0.5836907
vt 0.5966035 0.5836096
vt 0.5966444 0.5709409
vt 0.7806392 0.5709409
vt 0.7860975 0.5836907
vt 0.5829725 0.5836908
vt 0.5829725 0.5709409
vt 0.5966444 0.5709409
vt 0.5966035 0.5836096
vt 0.7860975 0.5836907
vt 0.7806392 0.5709409
vt 0.5966444 0.5709409
vt 0.5966035 0.5836096
vt 0.5966035 0.5836096
vt 0.5966444 0.5709409
vt 0.5829725 0.5709409
vt 0.5829725 0.5836908
vt 0.7860975 0.5836907
vt 0.8036756 0.5835486
vt 0.8036756 0.5581957
vt 0.7860975 0.5581957
vt 0.7860975 0.5836907
vt 0.8036756 0.5835486
vt 0.8036756 0.5581957
vt 0.7860975 0.5581957
vt 0.5053181 0.5087842
vt 0.5434647 0.5437679
vt 0.5053181 0.5437679
vt 0.5434647 0.5087842
vt 0.5053181 0.5010481
vt 0.5434647 0.5010481
vt 0.5053181 0.5087842
vt 0.5053181 0.5437679
vt 0.5434647 0.5437679
vt 0.5434647 0.5087842
vt 0.5053181 0.5087842
vt 0.5053181 0.5087842
vt 0.5434647 0.5010481
vt 0.5053181 0.5010481
vt 0.5829725 0.5836908
vt 0.5966035 0.5836096
vt 0.5507459 0.6184543
vt 0.7860975 0.5836907
vt 0.7860975 0.6184464
vt 0.5829725 0.5836908
vt 0.5507459 0.6184543
vt 0.5966035 0.5836096
vt 0.7860975 0.5836907
vt 0.7860975 0.6184465
vt 0.5038709 0.5588598
vt 0.5829725 0.5588598
vt 0.550746 0.5709409
vt 0.5829725 0.5709409
vt 0.5829725 0.5709409
vt 0.550746 0.5709409
vt 0.5507459 0.5836907
vt 0.5829725 0.5836908
vt 0.9638672 0.6267324
vt 0.9638672 0.5046621
vt 0.9980469 0.5046621
vt 0.9980469 0.6267324
vt 0.9980469 0.6267324
vt 0.9980469 0.5046621
vt 0.9638672 0.5046621
vt 0.9638672 0.6267324
vt 0.8377796 0.5462422
vt 0.8377796 0.5046621
vt 0.9638672 0.5046621
vt 0.9638672 0.6267324
vt 0.5829725 0.5836908
vt 0.5507459 0.5836908
vt 0.550746 0.5709409
vt 0.5829725 0.5709409
vt 0.9638672 0.6267324
vt 0.9638672 0.5046621
vt 0.8377797 0.5046621
vt 0.8377797 0.5462424
vt 0.5829725 0.5709409
vt 0.5829725 0.5588598
vt 0.550746 0.5709409
vt 0.5038709 0.5588598
vt 0.7860975 0.5836907
vt 0.7806392 0.5709409
vt 0.7806392 0.5581957
vt 0.7860975 0.5581957
vt 0.7860975 0.5581957
vt 0.7806392 0.5581957
vt 0.7806392 0.5709409
vt 0.7860975 0.5836907
vt 0.5966035 0.5836096
vt 0.5966444 0.5709409
vt 0.7806392 0.5709409
vt 0.7860975 0.5836907
vt 0.5829725 0.5836908
vt 0.5829725 0.5709409
vt 0.5966444 0.5709409
vt 0.5966035 0.5836096
vt 0.7860975 0.5836907
vt 0.7806392 0.5709409
vt 0.5966444 0.5709409
vt 0.5966035 0.5836096
vt 0.5966035 0.5836096
vt 0.5966444 0.5709409
vt 0.5829725 0.5709409
vt 0.5829725 0.5836908
vt 0.7860975 0.5836907
vt 0.8036756 0.5835486
vt 0.8036756 0.5581957
vt 0.7860975 0.5581957
vt 0.7860975 0.5836907
vt 0.8036756 0.5835486
vt 0.8036756 0.5581957
vt 0.7860975 0.5581957
vt 0.5053181 0.5087842
vt 0.5053181 0.5437679
vt 0.5434647 0.5437679
vt 0.5434647 0.5087842
vt 0.5053181 0.5010481
vt 0.5053181 0.5087842
vt 0.5434647 0.5010481
vt 0.5053181 0.5437679
vt 0.5053181 0.5087842
vt 0.5434647 0.5087842
vt 0.5434647 0.5437679
vt 0.5053181 0.5087842
vt 0.5434647 0.5010481
vt 0.5053181 0.5010481
vt 0.5829725 0.5836908
vt 0.5507459 0.6184543
vt 0.5966035 0.5836096
vt 0.7860975 0.5836907
vt 0.7860975 0.6184464
vt 0.5829725 0.5836908
vt 0.5966035 0.5836096
vt 0.5507459 0.6184543
vt 0.7860975 0.5836907
vt 0.7860975 0.6184465
vt 0.5038709 0.5588598
vt 0.550746 0.5709409
vt 0.5829725 0.5588598
vt 0.5829725 0.5709409
vt 0.5829725 0.5709409
vt 0.5829725 0.5836908
vt 0.5507459 0.5836907
vt 0.550746 0.5709409
vt 0.9638672 0.6267324
vt 0.9980469 0.6267324
vt 0.9980469 0.5046621
vt 0.9638672 0.5046621
vt 0.9980469 0.6267324
vt 0.9638672 0.6267324
vt 0.9638672 0.5046621
vt 0.9980469 0.5046621
vt 0.8377796 0.5462422
vt 0.9638672 0.6267324
vt 0.9638672 0.5046621
vt 0.8377796 0.5046621
vt 0.5829725 0.5836908
vt 0.5829725 0.5709409
vt 0.550746 0.5709409
vt 0.5507459 0.5836908
vt 0.9638672 0.6267324
vt 0.8377797 0.5462424
vt 0.8377797 0.5046621
vt 0.9638672 0.5046621
vt 0.5829725 0.5709409
vt 0.550746 0.5709409
vt 0.5829725 0.5588598
vt 0.5038709 0.5588598
vt 0.7860975 0.5836907
vt 0.7860975 0.5581957
vt 0.7806392 0.5581957
vt 0.7806392 0.5709409
vt 0.7860975 0.5581957
vt 0.7860975 0.5836907
vt 0.7806392 0.5709409
vt 0.7806392 0.5581957
vt 0.5966035 0.5836096
vt 0.7860975 0.5836907
vt 0.7806392 0.5709409
vt 0.5966444 0.5709409
vt 0.5829725 0.5836908
vt 0.5966035 0.5836096
vt 0.5966444 0.5709409
vt 0.5829725 0.5709409
vt 0.7860975 0.5836907
vt 0.5966035 0.5836096
vt 0.5966444 0.5709409
vt 0.7806392 0.5709409
vt 0.5966035 0.5836096
vt 0.5829725 0.5836908
vt 0.5829725 0.5709409
vt 0.5966444 0.5709409
vt 0.7860975 0.5836907
vt 0.7860975 0.5581957
vt 0.8036756 0.5581957
vt 0.8036756 0.5835486
vt 0.7860975 0.5836907
vt 0.7860975 0.5581957
vt 0.8036756 0.5581957
vt 0.8036756 0.5835486
vt 0.5053181 0.5087842
vt 0.5053181 0.5437679
vt 0.5434647 0.5437679
vt 0.5434647 0.5087842
vt 0.5053181 0.5010481
vt 0.5053181 0.5087842
vt 0.5434647 0.5010481
vt 0.5053181 0.5437679
vt 0.5053181 0.5087842
vt 0.5434647 0.5087842
vt 0.5434647 0.5437679
vt 0.5053181 0.5087842
vt 0.5434647 0.5010481
vt 0.5053181 0.5010481
vt 0.5829725 0.5836908
vt 0.5507459 0.6184543
vt 0.5966035 0.5836096
vt 0.7860975 0.5836907
vt 0.7860975 0.6184464
vt 0.5829725 0.5836908
vt 0.5966035 0.5836096
vt 0.5507459 0.6184543
vt 0.7860975 0.5836907
vt 0.7860975 0.6184465
vt 0.5038709 0.5588598
vt 0.550746 0.5709409
vt 0.5829725 0.5588598
vt 0.5829725 0.5709409
vt 0.5829725 0.5709409
vt 0.5829725 0.5836908
vt 0.5507459 0.5836907
vt 0.550746 0.5709409
vt 0.9638672 0.6267324
vt 0.9980469 0.6267324
vt 0.9980469 0.5046621
vt 0.9638672 0.5046621
vt 0.9980469 0.6267324
vt 0.9638672 0.6267324
vt 0.9638672 0.5046621
vt 0.9980469 0.5046621
vt 0.8377796 0.5462422
vt 0.9638672 0.6267324
vt 0.9638672 0.5046621
vt 0.8377796 0.5046621
vt 0.5829725 0.5836908
vt 0.5829725 0.5709409
vt 0.550746 0.5709409
vt 0.5507459 0.5836908
vt 0.9638672 0.6267324
vt 0.8377797 0.5462424
vt 0.8377797 0.5046621
vt 0.9638672 0.5046621
vt 0.5829725 0.5709409
vt 0.550746 0.5709409
vt 0.5829725 0.5588598
vt 0.5038709 0.5588598
vt 0.7860975 0.5836907
vt 0.7860975 0.5581957
vt 0.7806392 0.5581957
vt 0.7806392 0.5709409
vt 0.7860975 0.5581957
vt 0.7860975 0.5836907
vt 0.7806392 0.5709409
vt 0.7806392 0.5581957
vt 0.5966035 0.5836096
vt 0.7860975 0.5836907
vt 0.7806392 0.5709409
vt 0.5966444 0.5709409
vt 0.5829725 0.5836908
vt 0.5966035 0.5836096
vt 0.5966444 0.5709409
vt 0.5829725 0.5709409
vt 0.7860975 0.5836907
vt 0.5966035 0.5836096
vt 0.5966444 0.5709409
vt 0.7806392 0.5709409
vt 0.5966035 0.5836096
vt 0.5829725 0.5836908
vt 0.5829725 0.5709409
vt 0.5966444 0.5709409
vt 0.7860975 0.5836907
vt 0.7860975 0.5581957
vt 0.8036756 0.5581957
vt 0.8036756 0.5835486
vt 0.7860975 0.5836907
vt 0.7860975 0.5581957
vt 0.8036756 0.5581957
vt 0.8036756 0.5835486
vt 0.5053181 0.5087842
vt 0.5053181 0.5437679
vt 0.5434647 0.5437679
vt 0.5434647 0.5087842
vt 0.5053181 0.5010481
vt 0.5053181 0.5087842
vt 0.5434647 0.5010481
vt 0.5053181 0.5437679
vt 0.5053181 0.5087842
vt 0.5434647 0.5087842
vt 0.5434647 0.5437679
vt 0.5053181 0.5087842
vt 0.5434647 0.5010481
vt 0.5053181 0.5010481
vt 0.5829725 0.5836908
vt 0.5507459 0.6184543
vt 0.5966035 0.5836096
vt 0.7860975 0.5836907
vt 0.7860975 0.6184464
vt 0.5829725 0.5836908
vt 0.5966035 0.5836096
vt 0.5507459 0.6184543
vt 0.7860975 0.5836907
vt 0.7860975 0.6184465
vt 0.5038709 0.5588598
vt 0.550746 0.5709409
vt 0.5829725 0.5588598
vt 0.5829725 0.5709409
vt 0.5829725 0.5709409
vt 0.5829725 0.5836908
vt 0.5507459 0.5836907
vt 0.550746 0.5709409
vt 0.9638672 0.6267324
vt 0.9980469 0.6267324
vt 0.9980469 0.5046621
vt 0.9638672 0.5046621
vt 0.9980469 0.6267324
vt 0.9638672 0.6267324
vt 0.9638672 0.5046621
vt 0.9980469 0.5046621
vt 0.8377796 0.5462422
vt 0.9638672 0.6267324
vt 0.9638672 0.5046621
vt 0.8377796 0.5046621
vt 0.5829725 0.5836908
vt 0.5829725 0.5709409
vt 0.550746 0.5709409
vt 0.5507459 0.5836908
vt 0.9638672 0.6267324
vt 0.8377797 0.5462424
vt 0.8377797 0.5046621
vt 0.9638672 0.5046621
vt 0.5829725 0.5709409
vt 0.550746 0.5709409
vt 0.5829725 0.5588598
vt 0.5038709 0.5588598
vt 0.7860975 0.5836907
vt 0.7860975 0.5581957
vt 0.7806392 0.5581957
vt 0.7806392 0.5709409
vt 0.7860975 0.5581957
vt 0.7860975 0.5836907
vt 0.7806392 0.5709409
vt 0.7806392 0.5581957
vt 0.5966035 0.5836096
vt 0.7860975 0.5836907
vt 0.7806392 0.5709409
vt 0.5966444 0.5709409
vt 0.5829725 0.5836908
vt 0.5966035 0.5836096
vt 0.5966444 0.5709409
vt 0.5829725 0.5709409
vt 0.7860975 0.5836907
vt 0.5966035 0.5836096
vt 0.5966444 0.5709409
vt 0.7806392 0.5709409
vt 0.5966035 0.5836096
vt 0.5829725 0.5836908
vt 0.5829725 0.5709409
vt 0.5966444 0.5709409
vt 0.7860975 0.5836907
vt 0.7860975 0.5581957
vt 0.8036756 0.5581957
vt 0.8036756 0.5835486
vt 0.7860975 0.5836907
vt 0.7860975 0.5581957
vt 0.8036756 0.5581957
vt 0.8036756 0.5835486
vt 0.5053181 0.5087842
vt 0.5053181 0.5437679
vt 0.5434647 0.5437679
vt 0.5434647 0.5087842
vt 0.5053181 0.5010481
vt 0.5053181 0.5087842
vt 0.5434647 0.5010481
vt 0.5053181 0.5437679
vt 0.5053181 0.5087842
vt 0.5434647 0.5087842
vt 0.5434647 0.5437679
vt 0.5053181 0.5087842
vt 0.5434647 0.5010481
vt 0.5053181 0.5010481
vt 0.5829725 0.5836908
vt 0.5507459 0.6184543
vt 0.5966035 0.5836096
vt 0.7860975 0.5836907
vt 0.7860975 0.6184464
vt 0.5829725 0.5836908
vt 0.5966035 0.5836096
vt 0.5507459 0.6184543
vt 0.7860975 0.5836907
vt 0.7860975 0.6184465
vt 0.5038709 0.5588598
vt 0.550746 0.5709409
vt 0.5829725 0.5588598
vt 0.5829725 0.5709409
vt 0.5829725 0.5709409
vt 0.5829725 0.5836908
vt 0.5507459 0.5836907
vt 0.550746 0.5709409
vt 0.9638672 0.6267324
vt 0.9980469 0.6267324
vt 0.9980469 0.5046621
vt 0.9638672 0.5046621
vt 0.9980469 0.6267324
vt 0.9638672 0.6267324
vt 0.9638672 0.5046621
vt 0.9980469 0.5046621
vt 0.8377796 0.5462422
vt 0.9638672 0.6267324
vt 0.9638672 0.5046621
vt 0.8377796 0.5046621
vt 0.5829725 0.5836908
vt 0.5829725 0.5709409
vt 0.550746 0.5709409
vt 0.5507459 0.5836908
vt 0.9638672 0.6267324
vt 0.8377797 0.5462424
vt 0.8377797 0.5046621
vt 0.9638672 0.5046621
vt 0.5829725 0.5709409
vt 0.550746 0.5709409
vt 0.5829725 0.5588598
vt 0.5038709 0.5588598
vt 0.7860975 0.5836907
vt 0.7860975 0.5581957
vt 0.7806392 0.5581957
vt 0.7806392 0.5709409
vt 0.7860975 0.5581957
vt 0.7860975 0.5836907
vt 0.7806392 0.5709409
vt 0.7806392 0.5581957
vt 0.5966035 0.5836096
vt 0.7860975 0.5836907
vt 0.7806392 0.5709409
vt 0.5966444 0.5709409
vt 0.5829725 0.5836908
vt 0.5966035 0.5836096
vt 0.5966444 0.5709409
vt 0.5829725 0.5709409
vt 0.7860975 0.5836907
vt 0.5966035 0.5836096
vt 0.5966444 0.5709409
vt 0.7806392 0.5709409
vt 0.5966035 0.5836096
vt 0.5829725 0.5836908
vt 0.5829725 0.5709409
vt 0.5966444 0.5709409
vt 0.7860975 0.5836907
vt 0.7860975 0.5581957
vt 0.8036756 0.5581957
vt 0.8036756 0.5835486
vt 0.7860975 0.5836907
vt 0.7860975 0.5581957
vt 0.8036756 0.5581957
vt 0.8036756 0.5835486
vt 0.5053181 0.5087842
vt 0.5053181 0.5437679
vt 0.5434647 0.5437679
vt 0.5434647 0.5087842
vt 0.5053181 0.5010481
vt 0.5053181 0.5087842
vt 0.5434647 0.5010481
vt 0.5053181 0.5437679
vt 0.5053181 0.5087842
vt 0.5434647 0.5087842
vt 0.5434647 0.5437679
vt 0.5053181 0.5087842
vt 0.5434647 0.5010481
vt 0.5053181 0.5010481
vt 0.5829725 0.5836908
vt 0.5507459 0.6184543
vt 0.5966035 0.5836096
vt 0.7860975 0.5836907
vt 0.7860975 0.6184464
vt 0.5829725 0.5836908
vt 0.5966035 0.5836096
vt 0.5507459 0.6184543
vt 0.7860975 0.5836907
vt 0.7860975 0.6184465
vt 0.5038709 0.5588598
vt 0.550746 0.5709409
vt 0.5829725 0.5588598
vt 0.5829725 0.5709409
vt 0.5829725 0.5709409
vt 0.5829725 0.5836908
vt 0.5507459 0.5836907
vt 0.550746 0.5709409
vt 0.9638672 0.6267324
vt 0.9980469 0.6267324
vt 0.9980469 0.5046621
vt 0.9638672 0.5046621
vt 0.9980469 0.6267324
vt 0.9638672 0.6267324
vt 0.9638672 0.5046621
vt 0.9980469 0.5046621
vt 0.8377796 0.5462422
vt 0.9638672 0.6267324
vt 0.9638672 0.5046621
vt 0.8377796 0.5046621
vt 0.5829725 0.5836908
vt 0.5829725 0.5709409
vt 0.550746 0.5709409
vt 0.5507459 0.5836908
vt 0.9638672 0.6267324
vt 0.8377797 0.5462424
vt 0.8377797 0.5046621
vt 0.9638672 0.5046621
vt 0.5829725 0.5709409
vt 0.550746 0.5709409
vt 0.5829725 0.5588598
vt 0.5038709 0.5588598
vt 0.7860975 0.5836907
vt 0.7860975 0.5581957
vt 0.7806392 0.5581957
vt 0.7806392 0.5709409
vt 0.7860975 0.5581957
vt 0.7860975 0.5836907
vt 0.7806392 0.5709409
vt 0.7806392 0.5581957
vt 0.5966035 0.5836096
vt 0.7860975 0.5836907
vt 0.7806392 0.5709409
vt 0.5966444 0.5709409
vt 0.5829725 0.5836908
vt 0.5966035 0.5836096
vt 0.5966444 0.5709409
vt 0.5829725 0.5709409
vt 0.7860975 0.5836907
vt 0.5966035 0.5836096
vt 0.5966444 0.5709409
vt 0.7806392 0.5709409
vt 0.5966035 0.5836096
vt 0.5829725 0.5836908
vt 0.5829725 0.5709409
vt 0.5966444 0.5709409
vt 0.7860975 0.5836907
vt 0.7860975 0.5581957
vt 0.8036756 0.5581957
vt 0.8036756 0.5835486
vt 0.7860975 0.5836907
vt 0.7860975 0.5581957
vt 0.8036756 0.5581957
vt 0.8036756 0.5835486
vt 0.5053181 0.5087842
vt 0.5053181 0.5437679
vt 0.5434647 0.5437679
vt 0.5434647 0.5087842
vt 0.5053181 0.5010481
vt 0.5053181 0.5087842
vt 0.5434647 0.5010481
vt 0.5053181 0.5437679
vt 0.5053181 0.5087842
vt 0.5434647 0.5087842
vt 0.5434647 0.5437679
vt 0.5053181 0.5087842
vt 0.5434647 0.5010481
vt 0.5053181 0.5010481
vt 0.5829725 0.5836908
vt 0.5507459 0.6184543
vt 0.5966035 0.5836096
vt 0.7860975 0.5836907
vt 0.7860975 0.6184464
vt 0.5829725 0.5836908
vt 0.5966035 0.5836096
vt 0.5507459 0.6184543
vt 0.7860975 0.5836907
vt 0.7860975 0.6184465
vt 0.5038709 0.5588598
vt 0.550746 0.5709409
vt 0.5829725 0.5588598
vt 0.5829725 0.5709409
vt 0.5829725 0.5709409
vt 0.5829725 0.5836908
vt 0.5507459 0.5836907
vt 0.550746 0.5709409
vt 0.9638672 0.6267324
vt 0.9980469 0.6267324
vt 0.9980469 0.5046621
vt 0.9638672 0.5046621
vt 0.9980469 0.6267324
vt 0.9638672 0.6267324
vt 0.9638672 0.5046621
vt 0.9980469 0.5046621
vt 0.8377796 0.5462422
vt 0.9638672 0.6267324
vt 0.9638672 0.5046621
vt 0.8377796 0.5046621
vt 0.5829725 0.5836908
vt 0.5829725 0.5709409
vt 0.550746 0.5709409
vt 0.5507459 0.5836908
vt 0.9638672 0.6267324
vt 0.8377797 0.5462424
vt 0.8377797 0.5046621
vt 0.9638672 0.5046621
vt 0.5829725 0.5709409
vt 0.550746 0.5709409
vt 0.5829725 0.5588598
vt 0.5038709 0.5588598
vt 0.7860975 0.5836907
vt 0.7860975 0.5581957
vt 0.7806392 0.5581957
vt 0.7806392 0.5709409
vt 0.7860975 0.5581957
vt 0.7860975 0.5836907
vt 0.7806392 0.5709409
vt 0.7806392 0.5581957
vt 0.5966035 0.5836096
vt 0.7860975 0.5836907
vt 0.7806392 0.5709409
vt 0.5966444 0.5709409
vt 0.5829725 0.5836908
vt 0.5966035 0.5836096
vt 0.5966444 0.5709409
vt 0.5829725 0.5709409
vt 0.7860975 0.5836907
vt 0.5966035 0.5836096
vt 0.5966444 0.5709409
vt 0.7806392 0.5709409
vt 0.5966035 0.5836096
vt 0.5829725 0.5836908
vt 0.5829725 0.5709409
vt 0.5966444 0.5709409
vt 0.7860975 0.5836907
vt 0.7860975 0.5581957
vt 0.8036756 0.5581957
vt 0.8036756 0.5835486
vt 0.7860975 0.5836907
vt 0.7860975 0.5581957
vt 0.8036756 0.5581957
vt 0.8036756 0.5835486
vt 0.5053181 0.5087842
vt 0.5053181 0.5437679
vt 0.5434647 0.5437679
vt 0.5434647 0.5087842
vt 0.5053181 0.5010481
vt 0.5053181 0.5087842
vt 0.5434647 0.5010481
vt 0.5053181 0.5437679
vt 0.5053181 0.5087842
vt 0.5434647 0.5087842
vt 0.5434647 0.5437679
vt 0.5053181 0.5087842
vt 0.5434647 0.5010481
vt 0.5053181 0.5010481
vt 0.5829725 0.5836908
vt 0.5507459 0.6184543
vt 0.5966035 0.5836096
vt 0.7860975 0.5836907
vt 0.7860975 0.6184464
vt 0.5829725 0.5836908
vt 0.5966035 0.5836096
vt 0.5507459 0.6184543
vt 0.7860975 0.5836907
vt 0.7860975 0.6184465
vt 0.5038709 0.5588598
vt 0.550746 0.5709409
vt 0.5829725 0.5588598
vt 0.5829725 0.5709409
vt 0.5829725 0.5709409
vt 0.5829725 0.5836908
vt 0.5507459 0.5836907
vt 0.550746 0.5709409
vt 0.9638672 0.6267324
vt 0.9980469 0.6267324
vt 0.9980469 0.5046621
vt 0.9638672 0.5046621
vt 0.9980469 0.6267324
vt 0.9638672 0.6267324
vt 0.9638672 0.5046621
vt 0.9980469 0.5046621
vt 0.8377796 0.5462422
vt 0.9638672 0.6267324
vt 0.9638672 0.5046621
vt 0.8377796 0.5046621
vt 0.5829725 0.5836908
vt 0.5829725 0.5709409
vt 0.550746 0.5709409
vt 0.5507459 0.5836908
vt 0.9638672 0.6267324
vt 0.8377797 0.5462424
vt 0.8377797 0.5046621
vt 0.9638672 0.5046621
vt 0.5829725 0.5709409
vt 0.550746 0.5709409
vt 0.5829725 0.5588598
vt 0.5038709 0.5588598
vt 0.7860975 0.5836907
vt 0.7860975 0.5581957
vt 0.7806392 0.5581957
vt 0.7806392 0.5709409
vt 0.7860975 0.5581957
vt 0.7860975 0.5836907
vt 0.7806392 0.5709409
vt 0.7806392 0.5581957
vt 0.5966035 0.5836096
vt 0.7860975 0.5836907
vt 0.7806392 0.5709409
vt 0.5966444 0.5709409
vt 0.5829725 0.5836908
vt 0.5966035 0.5836096
vt 0.5966444 0.5709409
vt 0.5829725 0.5709409
vt 0.7860975 0.5836907
vt 0.5966035 0.5836096
vt 0.5966444 0.5709409
vt 0.7806392 0.5709409
vt 0.5966035 0.5836096
vt 0.5829725 0.5836908
vt 0.5829725 0.5709409
vt 0.5966444 0.5709409
vt 0.7860975 0.5836907
vt 0.7860975 0.5581957
vt 0.8036756 0.5581957
vt 0.8036756 0.5835486
vt 0.7860975 0.5836907
vt 0.7860975 0.5581957
vt 0.8036756 0.5581957
vt 0.8036756 0.5835486
vt 0.5053181 0.5087842
vt 0.5053181 0.5437679
vt 0.5434647 0.5437679
vt 0.5434647 0.5087842
vt 0.5053181 0.5010481
vt 0.5053181 0.5087842
vt 0.5434647 0.5010481
vt 0.5053181 0.5437679
vt 0.5053181 0.5087842
vt 0.5434647 0.5087842
vt 0.5434647 0.5437679
vt 0.5053181 0.5087842
vt 0.5434647 0.5010481
vt 0.5053181 0.5010481
vt 0.5829725 0.5836908
vt 0.5507459 0.6184543
vt 0.5966035 0.5836096
vt 0.7860975 0.5836907
vt 0.7860975 0.6184464
vt 0.5829725 0.5836908
vt 0.5966035 0.5836096
vt 0.5507459 0.6184543
vt 0.7860975 0.5836907
vt 0.7860975 0.6184465
vt 0.5038709 0.5588598
vt 0.550746 0.5709409
vt 0.5829725 0.5588598
vt 0.5829725 0.5709409
vt 0.5829725 0.5709409
vt 0.5829725 0.5836908
vt 0.5507459 0.5836907
vt 0.550746 0.5709409
vt 0.9638672 0.6267324
vt 0.9980469 0.6267324
vt 0.9980469 0.5046621
vt 0.9638672 0.5046621
vt 0.9980469 0.6267324
vt 0.9638672 0.6267324
vt 0.9638672 0.5046621
vt 0.9980469 0.5046621
vt 0.8377796 0.5462422
vt 0.9638672 0.6267324
vt 0.9638672 0.5046621
vt 0.8377796 0.5046621
vt 0.5829725 0.5836908
vt 0.5829725 0.5709409
vt 0.550746 0.5709409
vt 0.5507459 0.5836908
vt 0.9638672 0.6267324
vt 0.8377797 0.5462424
vt 0.8377797 0.5046621
vt 0.9638672 0.5046621
vt 0.5829725 0.5709409
vt 0.550746 0.5709409
vt 0.5829725 0.5588598
vt 0.5038709 0.5588598
vt 0.7860975 0.5836907
vt 0.7860975 0.5581957
vt 0.7806392 0.5581957
vt 0.7806392 0.5709409
vt 0.7860975 0.5581957
vt 0.7860975 0.5836907
vt 0.7806392 0.5709409
vt 0.7806392 0.5581957
vt 0.5966035 0.5836096
vt 0.7860975 0.5836907
vt 0.7806392 0.5709409
vt 0.5966444 0.5709409
vt 0.5829725 0.5836908
vt 0.5966035 0.5836096
vt 0.5966444 0.5709409
vt 0.5829725 0.5709409
vt 0.7860975 0.5836907
vt 0.5966035 0.5836096
vt 0.5966444 0.5709409
vt 0.7806392 0.5709409
vt 0.5966035 0.5836096
vt 0.5829725 0.5836908
vt 0.5829725 0.5709409
vt 0.5966444 0.5709409
vt 0.7860975 0.5836907
vt 0.7860975 0.5581957
vt 0.8036756 0.5581957
vt 0.8036756 0.5835486
vt 0.7860975 0.5836907
vt 0.7860975 0.5581957
vt 0.8036756 0.5581957
vt 0.8036756 0.5835486
vt 0.5053181 0.5087842
vt 0.5434647 0.5437679
vt 0.5053181 0.5437679
vt 0.5434647 0.5087842
vt 0.5053181 0.5010481
vt 0.5434647 0.5010481
vt 0.5053181 0.5087842
vt 0.5053181 0.5437679
vt 0.5434647 0.5437679
vt 0.5434647 0.5087842
vt 0.5053181 0.5087842
vt 0.5053181 0.5087842
vt 0.5434647 0.5010481
vt 0.5053181 0.5010481
vt 0.5829725 0.5836908
vt 0.5966035 0.5836096
vt 0.5507459 0.6184543
vt 0.7860975 0.5836907
vt 0.7860975 0.6184464
vt 0.5829725 0.5836908
vt 0.5507459 0.6184543
vt 0.5966035 0.5836096
vt 0.7860975 0.5836907
vt 0.7860975 0.6184465
vt 0.5038709 0.5588598
vt 0.5829725 0.5588598
vt 0.550746 0.5709409
vt 0.5829725 0.5709409
vt 0.5829725 0.5709409
vt 0.550746 0.5709409
vt 0.5507459 0.5836907
vt 0.5829725 0.5836908
vt 0.9638672 0.6267324
vt 0.9638672 0.5046621
vt 0.9980469 0.5046621
vt 0.9980469 0.6267324
vt 0.9980469 0.6267324
vt 0.9980469 0.5046621
vt 0.9638672 0.5046621
vt 0.9638672 0.6267324
vt 0.8377796 0.5462422
vt 0.8377796 0.5046621
vt 0.9638672 0.5046621
vt 0.9638672 0.6267324
vt 0.5829725 0.5836908
vt 0.5507459 0.5836908
vt 0.550746 0.5709409
vt 0.5829725 0.5709409
vt 0.9638672 0.6267324
vt 0.9638672 0.5046621
vt 0.8377797 0.5046621
vt 0.8377797 0.5462424
vt 0.5829725 0.5709409
vt 0.5829725 0.5588598
vt 0.550746 0.5709409
vt 0.5038709 0.5588598
vt 0.7860975 0.5836907
vt 0.7806392 0.5709409
vt 0.7806392 0.5581957
vt 0.7860975 0.5581957
vt 0.7860975 0.5581957
vt 0.7806392 0.5581957
vt 0.7806392 0.5709409
vt 0.7860975 0.5836907
vt 0.5966035 0.5836096
vt 0.5966444 0.5709409
vt 0.7806392 0.5709409
vt 0.7860975 0.5836907
vt 0.5829725 0.5836908
vt 0.5829725 0.5709409
vt 0.5966444 0.5709409
vt 0.5966035 0.5836096
vt 0.7860975 0.5836907
vt 0.7806392 0.5709409
vt 0.5966444 0.5709409
vt 0.5966035 0.5836096
vt 0.5966035 0.5836096
vt 0.5966444 0.5709409
vt 0.5829725 0.5709409
vt 0.5829725 0.5836908
vt 0.7860975 0.5836907
vt 0.8036756 0.5835486
vt 0.8036756 0.5581957
vt 0.7860975 0.5581957
vt 0.7860975 0.5836907
vt 0.8036756 0.5835486
vt 0.8036756 0.5581957
vt 0.7860975 0.5581957
vt 0.5053181 0.5087842
vt 0.5434647 0.5437679
vt 0.5053181 0.5437679
vt 0.5434647 0.5087842
vt 0.5053181 0.5010481
vt 0.5434647 0.5010481
vt 0.5053181 0.5087842
vt 0.5053181 0.5437679
vt 0.5434647 0.5437679
vt 0.5434647 0.5087842
vt 0.5053181 0.5087842
vt 0.5053181 0.5087842
vt 0.5434647 0.5010481
vt 0.5053181 0.5010481
vt 0.5829725 0.5836908
vt 0.5966035 0.5836096
vt 0.5507459 0.6184543
vt 0.7860975 0.5836907
vt 0.7860975 0.6184464
vt 0.5829725 0.5836908
vt 0.5507459 0.6184543
vt 0.5966035 0.5836096
vt 0.7860975 0.5836907
vt 0.7860975 0.6184465
vt 0.5038709 0.5588598
vt 0.5829725 0.5588598
vt 0.550746 0.5709409
vt 0.5829725 0.5709409
vt 0.5829725 0.5709409
vt 0.550746 0.5709409
vt 0.5507459 0.5836907
vt 0.5829725 0.5836908
vt 0.9638672 0.6267324
vt 0.9638672 0.5046621
vt 0.9980469 0.5046621
vt 0.9980469 0.6267324
vt 0.9980469 0.6267324
vt 0.9980469 0.5046621
vt 0.9638672 0.5046621
vt 0.9638672 0.6267324
vt 0.8377796 0.5462422
vt 0.8377796 0.5046621
vt 0.9638672 0.5046621
vt 0.9638672 0.6267324
vt 0.5829725 0.5836908
vt 0.5507459 0.5836908
vt 0.550746 0.5709409
vt 0.5829725 0.5709409
vt 0.9638672 0.6267324
vt 0.9638672 0.5046621
vt 0.8377797 0.5046621
vt 0.8377797 0.5462424
vt 0.5829725 0.5709409
vt 0.5829725 0.5588598
vt 0.550746 0.5709409
vt 0.5038709 0.5588598
vt 0.7860975 0.5836907
vt 0.7806392 0.5709409
vt 0.7806392 0.5581957
vt 0.7860975 0.5581957
vt 0.7860975 0.5581957
vt 0.7806392 0.5581957
vt 0.7806392 0.5709409
vt 0.7860975 0.5836907
vt 0.5966035 0.5836096
vt 0.5966444 0.5709409
vt 0.7806392 0.5709409
vt 0.7860975 0.5836907
vt 0.5829725 0.5836908
vt 0.5829725 0.5709409
vt 0.5966444 0.5709409
vt 0.5966035 0.5836096
vt 0.7860975 0.5836907
vt 0.7806392 0.5709409
vt 0.5966444 0.5709409
vt 0.5966035 0.5836096
vt 0.5966035 0.5836096
vt 0.5966444 0.5709409
vt 0.5829725 0.5709409
vt 0.5829725 0.5836908
vt 0.7860975 0.5836907
vt 0.8036756 0.5835486
vt 0.8036756 0.5581957
vt 0.7860975 0.5581957
vt 0.7860975 0.5836907
vt 0.8036756 0.5835486
vt 0.8036756 0.5581957
vt 0.7860975 0.5581957
vt 0.5053181 0.5087842
vt 0.5434647 0.5437679
vt 0.5053181 0.5437679
vt 0.5434647 0.5087842
vt 0.5053181 0.5010481
vt 0.5434647 0.5010481
vt 0.5053181 0.5087842
vt 0.5053181 0.5437679
vt 0.5434647 0.5437679
vt 0.5434647 0.5087842
vt 0.5053181 0.5087842
vt 0.5053181 0.5087842
vt 0.5434647 0.5010481
vt 0.5053181 0.5010481
vt 0.5829725 0.5836908
vt 0.5966035 0.5836096
vt 0.5507459 0.6184543
vt 0.7860975 0.5836907
vt 0.7860975 0.6184464
vt 0.5829725 0.5836908
vt 0.5507459 0.6184543
vt 0.5966035 0.5836096
vt 0.7860975 0.5836907
vt 0.7860975 0.6184465
vt 0.5038709 0.5588598
vt 0.5829725 0.5588598
vt 0.550746 0.5709409
vt 0.5829725 0.5709409
vt 0.5829725 0.5709409
vt 0.550746 0.5709409
vt 0.5507459 0.5836907
vt 0.5829725 0.5836908
vt 0.9638672 0.6267324
vt 0.9638672 0.5046621
vt 0.9980469 0.5046621
vt 0.9980469 0.6267324
vt 0.9980469 0.6267324
vt 0.9980469 0.5046621
vt 0.9638672 0.5046621
vt 0.9638672 0.6267324
vt 0.8377796 0.5462422
vt 0.8377796 0.5046621
vt 0.9638672 0.5046621
vt 0.9638672 0.6267324
vt 0.5829725 0.5836908
vt 0.5507459 0.5836908
vt 0.550746 0.5709409
vt 0.5829725 0.5709409
vt 0.9638672 0.6267324
vt 0.9638672 0.5046621
vt 0.8377797 0.5046621
vt 0.8377797 0.5462424
vt 0.5829725 0.5709409
vt 0.5829725 0.5588598
vt 0.550746 0.5709409
vt 0.5038709 0.5588598
vt 0.7860975 0.5836907
vt 0.7806392 0.5709409
vt 0.7806392 0.5581957
vt 0.7860975 0.5581957
vt 0.7860975 0.5581957
vt 0.7806392 0.5581957
vt 0.7806392 0.5709409
vt 0.7860975 0.5836907
vt 0.5966035 0.5836096
vt 0.5966444 0.5709409
vt 0.7806392 0.5709409
vt 0.7860975 0.5836907
vt 0.5829725 0.5836908
vt 0.5829725 0.5709409
vt 0.5966444 0.5709409
vt 0.5966035 0.5836096
vt 0.7860975 0.5836907
vt 0.7806392 0.5709409
vt 0.5966444 0.5709409
vt 0.5966035 0.5836096
vt 0.5966035 0.5836096
vt 0.5966444 0.5709409
vt 0.5829725 0.5709409
vt 0.5829725 0.5836908
vt 0.7860975 0.5836907
vt 0.8036756 0.5835486
vt 0.8036756 0.5581957
vt 0.7860975 0.5581957
vt 0.7860975 0.5836907
vt 0.8036756 0.5835486
vt 0.8036756 0.5581957
vt 0.7860975 0.5581957
vt 0.5053181 0.5087842
vt 0.5434647 0.5437679
vt 0.5053181 0.5437679
vt 0.5434647 0.5087842
vt 0.5053181 0.5010481
vt 0.5434647 0.5010481
vt 0.5053181 0.5087842
vt 0.5053181 0.5437679
vt 0.5434647 0.5437679
vt 0.5434647 0.5087842
vt 0.5053181 0.5087842
vt 0.5053181 0.5087842
vt 0.5434647 0.5010481
vt 0.5053181 0.5010481
vt 0.5829725 0.5836908
vt 0.5966035 0.5836096
vt 0.5507459 0.6184543
vt 0.7860975 0.5836907
vt 0.7860975 0.6184464
vt 0.5829725 0.5836908
vt 0.5507459 0.6184543
vt 0.5966035 0.5836096
vt 0.7860975 0.5836907
vt 0.7860975 0.6184465
vt 0.5038709 0.5588598
vt 0.5829725 0.5588598
vt 0.550746 0.5709409
vt 0.5829725 0.5709409
vt 0.5829725 0.5709409
vt 0.550746 0.5709409
vt 0.5507459 0.5836907
vt 0.5829725 0.5836908
vt 0.9638672 0.6267324
vt 0.9638672 0.5046621
vt 0.9980469 0.5046621
vt 0.9980469 0.6267324
vt 0.9980469 0.6267324
vt 0.9980469 0.5046621
vt 0.9638672 0.5046621
vt 0.9638672 0.6267324
vt 0.8377796 0.5462422
vt 0.8377796 0.5046621
vt 0.9638672 0.5046621
vt 0.9638672 0.6267324
vt 0.5829725 0.5836908
vt 0.5507459 0.5836908
vt 0.550746 0.5709409
vt 0.5829725 0.5709409
vt 0.9638672 0.6267324
vt 0.9638672 0.5046621
vt 0.8377797 0.5046621
vt 0.8377797 0.5462424
vt 0.5829725 0.5709409
vt 0.5829725 0.5588598
vt 0.550746 0.5709409
vt 0.5038709 0.5588598
vt 0.7860975 0.5836907
vt 0.7806392 0.5709409
vt 0.7806392 0.5581957
vt 0.7860975 0.5581957
vt 0.7860975 0.5581957
vt 0.7806392 0.5581957
vt 0.7806392 0.5709409
vt 0.7860975 0.5836907
vt 0.5966035 0.5836096
vt 0.5966444 0.5709409
vt 0.7806392 0.5709409
vt 0.7860975 0.5836907
vt 0.5829725 0.5836908
vt 0.5829725 0.5709409
vt 0.5966444 0.5709409
vt 0.5966035 0.5836096
vt 0.7860975 0.5836907
vt 0.7806392 0.5709409
vt 0.5966444 0.5709409
vt 0.5966035 0.5836096
vt 0.5966035 0.5836096
vt 0.5966444 0.5709409
vt 0.5829725 0.5709409
vt 0.5829725 0.5836908
vt 0.7860975 0.5836907
vt 0.8036756 0.5835486
vt 0.8036756 0.5581957
vt 0.7860975 0.5581957
vt 0.7860975 0.5836907
vt 0.8036756 0.5835486
vt 0.8036756 0.5581957
vt 0.7860975 0.5581957
vt 0.8031315 0.6492997
vt 0.8031314 0.6332719
vt 0.7669547 0.6332719
vt 0.7677566 0.6492036
vt 0.7722405 0.6733126
vt 0.7801201 0.6849043
vt 0.7901452 0.6915502
vt 0.8031314 0.6947812
vt 0.816659 0.6332719
vt 0.816659 0.6490827
vt 0.9967054 0.6490827
vt 0.9967054 0.6332719
vt 0.9894001 0.7042974
vt 0.997254 0.7158012
vt 0.997254 0.7042974
vt 0.9894001 0.7158012
vt 0.7996317 0.7042974
vt 0.997254 0.7334048
vt 0.7996317 0.7158012
vt 0.9894001 0.7334048
vt 0.7996317 0.7334048
vt 0.816659 0.6490827
vt 0.816659 0.6745749
vt 0.9967054 0.6745749
vt 0.9967054 0.6490827
vt 0.9894001 0.7334048
vt 0.997254 0.7443416
vt 0.997254 0.7334048
vt 0.9894001 0.7443416
vt 0.7996317 0.7334048
vt 0.7996317 0.7443416
vt 0.7996317 0.7555078
vt 0.9894001 0.7555078
vt 0.997254 0.7555078
vt 0.997254 0.7656027
vt 0.9894001 0.7656027
vt 0.7996317 0.7656027
vt 0.8031315 0.6492997
vt 0.811582 0.6332719
vt 0.8031315 0.6332719
vt 0.811582 0.6492997
vt 0.8031315 0.6947811
vt 0.811582 0.6869442
vt 0.8098294 0.6947811
vt 0.811582 0.6869442
vt 0.8031315 0.6947811
vt 0.9967054 0.6947811
vt 0.9967054 0.6869442
vt 0.7126232 0.9508206
vt 0.6841111 0.9350097
vt 0.7126232 0.9350097
vt 0.6841109 0.9508206
vt 0.7050661 0.9754527
vt 0.6841111 0.9881408
vt 0.9967054 0.6869442
vt 0.9967054 0.6745749
vt 0.816659 0.6745749
vt 0.816659 0.6869442
vt 0.8031315 0.6492997
vt 0.7669547 0.6332719
vt 0.8031314 0.6332719
vt 0.7677566 0.6492036
vt 0.7722405 0.6733126
vt 0.7801201 0.6849043
vt 0.7901452 0.6915502
vt 0.8031314 0.6947812
vt 0.9894001 0.7042974
vt 0.9971842 0.7042974
vt 0.9971842 0.7158012
vt 0.9894001 0.7158012
vt 0.9971842 0.7334048
vt 0.9894001 0.7334048
vt 0.9894001 0.7555078
vt 0.9971842 0.7656027
vt 0.9894001 0.7656027
vt 0.9971842 0.7555078
vt 0.9971842 0.7443416
vt 0.9894001 0.7443416
vt 0.9894001 0.7334048
vt 0.9971842 0.7334048
vt 0.8031315 0.6492997
vt 0.8031315 0.6332719
vt 0.811582 0.6332719
vt 0.811582 0.6492997
vt 0.8031315 0.6947812
vt 0.811582 0.6869442
vt 0.7126232 0.9508206
vt 0.7126232 0.9350097
vt 0.6841111 0.9350097
vt 0.6841109 0.9508206
vt 0.7050661 0.9754527
vt 0.6841111 0.9881408
vt 0.8027939 0.6491012
vt 0.8027938 0.6330734
vt 0.7666171 0.6330734
vt 0.767419 0.6490051
vt 0.7719029 0.6731141
vt 0.7797825 0.6847058
vt 0.7898076 0.6913518
vt 0.8027938 0.6945828
vt 0.8163214 0.6330734
vt 0.8163214 0.6488844
vt 0.9963678 0.6488844
vt 0.9963678 0.6330734
vt 0.9887868 0.7048494
vt 0.9966406 0.7163532
vt 0.9966406 0.7048494
vt 0.9887868 0.7163532
vt 0.7990183 0.7048494
vt 0.9966406 0.7339568
vt 0.7990183 0.7163532
vt 0.9887868 0.7339568
vt 0.7990183 0.7339568
vt 0.8163214 0.6488844
vt 0.8163214 0.6743764
vt 0.9963678 0.6743764
vt 0.9963678 0.6488844
vt 0.9887868 0.7339568
vt 0.9966406 0.7448936
vt 0.9966406 0.7339568
vt 0.9887868 0.7448936
vt 0.7990183 0.7339568
vt 0.7990183 0.7448936
vt 0.7990183 0.7560598
vt 0.9887868 0.7560598
vt 0.9966406 0.7560598
vt 0.9966406 0.7661547
vt 0.9887868 0.7661547
vt 0.7990183 0.7661547
vt 0.8027939 0.6491012
vt 0.8112444 0.6330734
vt 0.8027939 0.6330734
vt 0.8112444 0.6491012
vt 0.8027939 0.6945828
vt 0.8112444 0.6867458
vt 0.8094918 0.6945828
vt 0.8112444 0.6867458
vt 0.8027939 0.6945828
vt 0.9963678 0.6945828
vt 0.9963678 0.6867458
vt 0.7131541 0.9513791
vt 0.684642 0.9355681
vt 0.7131541 0.9355681
vt 0.6846418 0.9513791
vt 0.705597 0.9760112
vt 0.684642 0.9886992
vt 0.9963678 0.6867458
vt 0.9963678 0.6743764
vt 0.8163214 0.6743764
vt 0.8163214 0.6867458
vt 0.8027939 0.6491012
vt 0.7666171 0.6330734
vt 0.8027938 0.6330734
vt 0.767419 0.6490051
vt 0.7719029 0.6731141
vt 0.7797825 0.6847058
vt 0.7898076 0.6913518
vt 0.8027938 0.6945828
vt 0.9887868 0.7048494
vt 0.9965708 0.7048494
vt 0.9965708 0.7163532
vt 0.9887868 0.7163532
vt 0.9965708 0.7339568
vt 0.9887868 0.7339568
vt 0.9887868 0.7560598
vt 0.9965708 0.7661547
vt 0.9887868 0.7661547
vt 0.9965708 0.7560598
vt 0.9965708 0.7448936
vt 0.9887868 0.7448936
vt 0.9887868 0.7339568
vt 0.9965708 0.7339568
vt 0.8027939 0.6491012
vt 0.8027939 0.6330734
vt 0.8112444 0.6330734
vt 0.8112444 0.6491012
vt 0.8027939 0.6945828
vt 0.8112444 0.6867458
vt 0.7131541 0.9513791
vt 0.7131541 0.9355681
vt 0.684642 0.9355681
vt 0.6846418 0.9513791
vt 0.705597 0.9760112
vt 0.684642 0.9886992
vt 0.7786018 0.9425919
vt 0.7688362 0.9933732
vt 0.7786018 0.9933732
vt 0.7688362 0.9425919
vt 0.7287971 0.9425919
vt 0.7287448 0.9933732
vt 0.7903057 0.9005997
vt 0.7903057 0.9142716
vt 0.8032165 0.9142716
vt 0.8032165 0.9005997
vt 0.7688362 0.9425919
vt 0.7287971 0.9347794
vt 0.7287971 0.9425919
vt 0.773719 0.9347794
vt 0.7786018 0.9425919
vt 0.8032165 0.9347794
vt 0.8032165 0.9425919
vt 0.7903057 0.9308732
vt 0.7903057 0.9142716
vt 0.8032165 0.9142716
vt 0.8032165 0.9308732
vt 0.7903057 0.9308732
vt 0.7903057 0.9142716
vt 0.773719 0.9142716
vt 0.773719 0.9308732
vt 0.7786018 0.9933732
vt 0.7688362 0.9425919
vt 0.7786018 0.9425919
vt 0.7688362 0.9933732
vt 0.7287971 0.9425919
vt 0.7287448 0.9933732
vt 0.7688362 0.9425919
vt 0.7287971 0.9425919
vt 0.7287971 0.9347794
vt 0.773719 0.9347794
vt 0.7786018 0.9425919
vt 0.8032165 0.9347794
vt 0.8032165 0.9425919
vt 0.7903057 0.9308732
vt 0.773719 0.9308732
vt 0.773719 0.9142716
vt 0.7903057 0.9142716
vt 0.7786018 0.9933732
vt 0.7786018 0.9425919
vt 0.8032165 0.9425919
vt 0.8032165 0.9933732
vt 0.8032165 0.9142716
vt 0.7903057 0.9142716
vt 0.7903057 0.9005997
vt 0.8032165 0.9005997
vt 0.8032165 0.9142716
vt 0.7903057 0.9142716
vt 0.7903057 0.9308732
vt 0.8032165 0.9308732
vt 0.8032165 0.9425919
vt 0.7786018 0.9425919
vt 0.7786018 0.9933732
vt 0.8032165 0.9933732
vt 0.3990466 0.2519409
vt 0.3990466 0.4991724
vt 0.09928253 0.4991724
vt 0.09928253 0.2519409
vt 0.000969036 0.2491794
vt 0.1246276 0.2491794
vt 0.000969036 0.003065103
vt 0.2501256 0.003065103
vt 0.2501256 0.2491794
vt 0.09928253 0.2519409
vt 0.09928253 0.4991724
vt 0.3990466 0.4991724
vt 0.3990466 0.2519409
vt 0.09928253 0.2519409
vt 0.09928253 0.4991724
vt 0.3990466 0.4991724
vt 0.3990466 0.2519409
vt 0.000969036 0.003065103
vt 0.000969036 0.2491794
vt 0.1246276 0.2491794
vt 0.2501256 0.003065103
vt 0.2501256 0.2491794
vt 0.4985761 0.2491794
vt 0.4985761 0.003065103
vt 0.2501256 0.2491794
vt 0.2501256 0.003065103
vt 0.09893595 0.2519409
vt 0.3990466 0.2519409
vt 0.3990466 0.4991724
vt 0.09893595 0.4991724
vt 0.000969036 0.003065103
vt 0.000969036 0.2491794
vt 0.2501256 0.2491794
vt 0.2501256 0.003065103
vt 0.2501256 0.2491794
vt 0.2501256 0.003065103
vt 0.000969036 0.003065103
vt 0.000969036 0.2491794
vt 0.3990466 0.2519409
vt 0.09893595 0.2519409
vt 0.09893595 0.4991724
vt 0.3990466 0.4991724
vt 0.09893595 0.2519409
vt 0.3990466 0.2519409
vt 0.3990466 0.4991724
vt 0.09893595 0.4991724
vt 0.3990466 0.2519409
vt 0.09893595 0.2519409
vt 0.09893595 0.4991724
vt 0.3990466 0.4991724
vt 0.09893595 0.2519409
vt 0.3990466 0.2519409
vt 0.3990466 0.4991724
vt 0.09893595 0.4991724
vt 0.09893595 0.4991724
vt 0.3990466 0.4991724
vt 0.3990466 0.2519409
vt 0.09893595 0.2519409
vt 0.2501256 0.003065103
vt 0.2501256 0.2491794
vt 0.4985761 0.2491794
vt 0.4985761 0.003065103
vt 0.1510147 0.4991724
vt 0.1510147 0.2519409
vt 0.001167254 0.2519409
vt 0.001167254 0.4991724
vt 0.000969036 0.003065103
vt 0.000969036 0.2491794
vt 0.2501256 0.2491794
vt 0.2501256 0.003065103
vt 0.3990466 0.4991724
vt 0.09893595 0.4991724
vt 0.09893595 0.2519409
vt 0.3990466 0.2519409
vt 0.2501256 0.2491794
vt 0.2501256 0.003065103
vt 0.000969036 0.003065103
vt 0.000969036 0.2491794
vt 0.09893595 0.4991724
vt 0.3990466 0.4991724
vt 0.3990466 0.2519409
vt 0.09893595 0.2519409
vt 0.2501256 0.2491794
vt 0.1246276 0.2491794
vt 0.2501256 0.003065103
vt 0.000969036 0.003065103
vt 0.000969036 0.2491794
vt 0.3990466 0.4991724
vt 0.09893595 0.4991724
vt 0.09893595 0.2519409
vt 0.3990466 0.2519409
vt 0.09893595 0.4991724
vt 0.3990466 0.4991724
vt 0.3990466 0.2519409
vt 0.09893595 0.2519409
vt 0.2501256 0.003065103
vt 0.000969036 0.003065103
vt 0.000969036 0.2491794
vt 0.2501256 0.2491794
vt 0.2501256 0.2491794
vt 0.2501256 0.003065103
vt 0.498576 0.2491794
vt 0.498576 0.003065103
vt 0.2501256 0.003065103
vt 0.000969036 0.003065103
vt 0.000969036 0.2491794
vt 0.2501256 0.2491794
vt 0.2501256 0.003065103
vt 0.000969036 0.003065103
vt 0.000969036 0.2491794
vt 0.2501256 0.2491794
vt 0.2535823 0.4991724
vt 0.3990466 0.4991724
vt 0.3990466 0.2519409
vt 0.2535823 0.2519409
vt 0.2501256 0.003065103
vt 0.000969036 0.003065103
vt 0.000969036 0.2491794
vt 0.2501256 0.2491794
vt 0.2501256 0.003065103
vt 0.000969036 0.003065103
vt 0.000969036 0.2491794
vt 0.2501256 0.2491794
vt 0.2535823 0.4991724
vt 0.2535823 0.2519409
vt 0.3990466 0.2519409
vt 0.3990466 0.4991724
vt 0.2501256 0.003065103
vt 0.000969036 0.003065103
vt 0.000969036 0.2491794
vt 0.2501256 0.2491794
vt 0.000969036 0.2491794
vt 0.2501256 0.2491794
vt 0.2501256 0.003065103
vt 0.000969036 0.003065103
vt 0.000969036 0.2491794
vt 0.2501256 0.2491794
vt 0.2501256 0.003065103
vt 0.000969036 0.003065103
vt 0.000969036 0.2491794
vt 0.2501256 0.2491794
vt 0.2501256 0.003065103
vt 0.000969036 0.003065103
vt 0.000969036 0.2491794
vt 0.2501256 0.2491794
vt 0.2501256 0.003065103
vt 0.000969036 0.003065103
vt 0.000969036 0.2491794
vt 0.2501256 0.2491794
vt 0.2501256 0.003065103
vt 0.000969036 0.003065103
vt 0.3990466 0.2519409
vt 0.3990466 0.4991724
vt 0.2535823 0.4991724
vt 0.2535823 0.2519409
vt 0.09928253 0.2519409
vt 0.09928253 0.4991724
vt 0.3990466 0.4991724
vt 0.3990466 0.2519409
vt 0.001167254 0.2519409
vt 0.1510147 0.2519409
vt 0.1510147 0.4991724
vt 0.001167254 0.4991724
vt 0.2501256 0.2491794
vt 0.000969036 0.2491794
vt 0.000969036 0.003065103
vt 0.2501256 0.003065103
vt 0.3990466 0.4991724
vt 0.3990466 0.2519409
vt 0.2535823 0.2519409
vt 0.2535823 0.4991724
vt 0.3990466 0.2519409
vt 0.09928253 0.2519409
vt 0.09928253 0.4991724
vt 0.3990466 0.4991724
vt 0.3990466 0.2519409
vt 0.3990466 0.4991724
vt 0.09928253 0.4991724
vt 0.09928253 0.2519409
vt 0.000969036 0.003065103
vt 0.000969036 0.2491794
vt 0.2501256 0.2491794
vt 0.2501256 0.003065103
vt 0.2501256 0.2491794
vt 0.2501256 0.003065103
vt 0.000969036 0.003065103
vt 0.000969036 0.2491794
vt 0.000969036 0.003065103
vt 0.000969036 0.2491794
vt 0.2501256 0.2491794
vt 0.2501256 0.003065103
vt 0.000969036 0.003065103
vt 0.2501256 0.003065103
vt 0.2501256 0.2491794
vt 0.000969036 0.2491794
vt 0.3990466 0.2519409
vt 0.3990466 0.4991724
vt 0.09928253 0.4991724
vt 0.09928253 0.2519409
vt 0.2535823 0.4991724
vt 0.2535823 0.2519409
vt 0.3990466 0.2519409
vt 0.3990466 0.4991724
vt 0.3990466 0.2519409
vt 0.09928253 0.2519409
vt 0.09928253 0.4991724
vt 0.3990466 0.4991724
vt 0.2501256 0.2491794
vt 0.1246276 0.2491794
vt 0.2501256 0.003065103
vt 0.000969036 0.003065103
vt 0.000969036 0.2491794
vt 0.09928253 0.2519409
vt 0.3990466 0.2519409
vt 0.3990466 0.4991724
vt 0.09928253 0.4991724
vt 0.09928253 0.2519409
vt 0.3990466 0.2519409
vt 0.3990466 0.4991724
vt 0.09928253 0.4991724
vt 0.000969036 0.2491794
vt 0.000969036 0.003065103
vt 0.2500529 0.003065103
vt 0.2500529 0.2491794
vt 0.498576 0.003065103
vt 0.09893595 0.2519409
vt 0.09893595 0.4991724
vt 0.3990466 0.4991724
vt 0.3990466 0.2519409
vt 0.000969036 0.003065103
vt 0.2501256 0.003065103
vt 0.2501256 0.2491794
vt 0.000969036 0.2491794
vt 0.2501256 0.2491794
vt 0.000969036 0.2491794
vt 0.000969036 0.003065103
vt 0.2501256 0.003065103
vt 0.3990466 0.2519409
vt 0.3990466 0.4991724
vt 0.09893595 0.4991724
vt 0.09893595 0.2519409
vt 0.09893595 0.2519409
vt 0.09893595 0.4991724
vt 0.3990466 0.4991724
vt 0.3990466 0.2519409
vt 0.3990466 0.2519409
vt 0.3990466 0.4991724
vt 0.09893595 0.4991724
vt 0.09893595 0.2519409
vt 0.09893595 0.2519409
vt 0.09893595 0.4991724
vt 0.3990466 0.4991724
vt 0.3990466 0.2519409
vt 0.09893595 0.4991724
vt 0.09893595 0.2519409
vt 0.3990466 0.2519409
vt 0.3990466 0.4991724
vt 0.2501256 0.2491794
vt 0.1246276 0.2491794
vt 0.1246276 0.003065103
vt 0.2501256 0.003065103
vt 0.1510147 0.4991724
vt 0.001167254 0.4991724
vt 0.001167254 0.2519409
vt 0.1510147 0.2519409
vt 0.2501256 0.003065103
vt 0.000969036 0.003065103
vt 0.000969036 0.2491794
vt 0.2501256 0.2491794
vt 0.2501256 0.003065103
vt 0.1246276 0.003065103
vt 0.1246276 0.2491794
vt 0.2501256 0.2491794
vt 0.3990466 0.4991724
vt 0.3990466 0.2519409
vt 0.09893595 0.2519409
vt 0.09893595 0.4991724
vt 0.2501256 0.2491794
vt 0.000969036 0.2491794
vt 0.000969036 0.003065103
vt 0.2501256 0.003065103
vt 0.09893595 0.4991724
vt 0.09893595 0.2519409
vt 0.3990466 0.2519409
vt 0.3990466 0.4991724
vt 0.000969036 0.2491794
vt 0.1246276 0.2491794
vt 0.1246276 0.003065103
vt 0.000969036 0.003065103
vt 0.3990466 0.4991724
vt 0.3990466 0.2519409
vt 0.09893595 0.2519409
vt 0.09893595 0.4991724
vt 0.09893595 0.4991724
vt 0.09893595 0.2519409
vt 0.3990466 0.2519409
vt 0.3990466 0.4991724
vt 0.2501256 0.003065103
vt 0.2501256 0.2491794
vt 0.000969036 0.2491794
vt 0.000969036 0.003065103
vt 0.2501256 0.003065103
vt 0.2501256 0.2491794
vt 0.000969036 0.2491794
vt 0.000969036 0.003065103
vt 0.2501256 0.003065103
vt 0.2501256 0.2491794
vt 0.000969036 0.2491794
vt 0.000969036 0.003065103
vt 0.2501256 0.003065103
vt 0.2501256 0.2491794
vt 0.000969036 0.2491794
vt 0.000969036 0.003065103
vt 0.2501256 0.003065103
vt 0.2501256 0.2491794
vt 0.000969036 0.2491794
vt 0.000969036 0.003065103
vt 0.2535823 0.4991724
vt 0.3990466 0.4991724
vt 0.3990466 0.2519409
vt 0.2535823 0.2519409
vt 0.2501256 0.003065103
vt 0.2501256 0.2491794
vt 0.000969036 0.2491794
vt 0.000969036 0.003065103
vt 0.000969036 0.2491794
vt 0.000969036 0.003065103
vt 0.2501256 0.003065103
vt 0.2501256 0.2491794
vt 0.000969036 0.2491794
vt 0.000969036 0.003065103
vt 0.2501256 0.003065103
vt 0.2501256 0.2491794
vt 0.000969036 0.2491794
vt 0.000969036 0.003065103
vt 0.2501256 0.003065103
vt 0.2501256 0.2491794
vt 0.000969036 0.2491794
vt 0.000969036 0.003065103
vt 0.2501256 0.003065103
vt 0.2501256 0.2491794
vt 0.000969036 0.2491794
vt 0.000969036 0.003065103
vt 0.2501256 0.003065103
vt 0.2501256 0.2491794
vt 0.3990466 0.2519409
vt 0.2535823 0.2519409
vt 0.2535823 0.4991724
vt 0.3990466 0.4991724
vt 0.09928253 0.2519409
vt 0.3990466 0.2519409
vt 0.3990466 0.4991724
vt 0.09928253 0.4991724
vt 0.001167254 0.2519409
vt 0.001167254 0.4991724
vt 0.1510147 0.4991724
vt 0.1510147 0.2519409
vt 0.3990466 0.4991724
vt 0.2535823 0.4991724
vt 0.2535823 0.2519409
vt 0.3990466 0.2519409
vt 0.000969036 0.003065103
vt 0.2501256 0.003065103
vt 0.2501256 0.2491794
vt 0.000969036 0.2491794
vt 0.3990466 0.2519409
vt 0.09928253 0.2519409
vt 0.09928253 0.4991724
vt 0.3990466 0.4991724
vt 0.6638931 0.7353094
vt 0.6690406 0.7353094
vt 0.6690406 0.7624182
vt 0.6690406 0.7147311
vt 0.6638259 0.7624182
vt 0.6690406 0.7839821
vt 0.5917683 0.7353094
vt 0.5917755 0.7624182
vt 0.5031928 0.7147311
vt 0.5031928 0.7839821
vt 0.580139 0.7353094
vt 0.5801316 0.7624182
vt 0.5078821 0.7624182
vt 0.5031929 0.7624182
vt 0.5077889 0.7353094
vt 0.5031929 0.7353094
vt 0.746665 0.7353094
vt 0.7518125 0.7353094
vt 0.7518125 0.7624182
vt 0.7518125 0.7147311
vt 0.7465978 0.7624182
vt 0.7518125 0.7839821
vt 0.6745402 0.7353094
vt 0.5859647 0.7147311
vt 0.6745474 0.7624182
vt 0.5859647 0.7839821
vt 0.6641217 0.7353094
vt 0.6641144 0.7624182
vt 0.590654 0.7624182
vt 0.5859648 0.7624182
vt 0.5905608 0.7353094
vt 0.5859648 0.7353094
vt 0.6638931 0.7353094
vt 0.6690406 0.7353094
vt 0.6690406 0.7624182
vt 0.6690406 0.7147311
vt 0.6638259 0.7624182
vt 0.6690406 0.7839821
vt 0.5917683 0.7353094
vt 0.5917755 0.7624182
vt 0.5031928 0.7147311
vt 0.5031928 0.7839821
vt 0.580139 0.7353094
vt 0.5801316 0.7624182
vt 0.5078821 0.7624182
vt 0.5031929 0.7624182
vt 0.5077889 0.7353094
vt 0.5031929 0.7353094
vt 0.580139 0.7353094
vt 0.5869786 0.7147311
vt 0.586014 0.7353094
vt 0.586014 0.7624182
vt 0.5031928 0.7147311
vt 0.5801316 0.7624182
vt 0.5869786 0.7839821
vt 0.5031928 0.7839821
vt 0.5078821 0.7624182
vt 0.5031929 0.7624182
vt 0.5077889 0.7353094
vt 0.5031929 0.7353094
vt 0.580139 0.7353094
vt 0.5869786 0.7147311
vt 0.586014 0.7353094
vt 0.586014 0.7624182
vt 0.5031928 0.7147311
vt 0.5801316 0.7624182
vt 0.5869786 0.7839821
vt 0.5031928 0.7839821
vt 0.5078821 0.7624182
vt 0.5031929 0.7624182
vt 0.5077889 0.7353094
vt 0.5031929 0.7353094
vt 0.6638931 0.7353094
vt 0.6690406 0.7353094
vt 0.6690406 0.7624182
vt 0.6690406 0.7147311
vt 0.6638259 0.7624182
vt 0.6690406 0.7839821
vt 0.5917683 0.7353094
vt 0.5917755 0.7624182
vt 0.5031928 0.7147311
vt 0.5031928 0.7839821
vt 0.580139 0.7353094
vt 0.5801316 0.7624182
vt 0.5078821 0.7624182
vt 0.5031929 0.7624182
vt 0.5077889 0.7353094
vt 0.5031929 0.7353094
vt 0.5824586 0.7147311
vt 0.5917683 0.7353094
vt 0.5856971 0.7353094
vt 0.6690406 0.7147311
vt 0.5917755 0.7624182
vt 0.6638931 0.7353094
vt 0.6690406 0.7353094
vt 0.6690406 0.7624182
vt 0.6638259 0.7624182
vt 0.6690406 0.7839821
vt 0.5856967 0.7624182
vt 0.5824586 0.7839821
vt 0.6638931 0.7353094
vt 0.6690406 0.7353094
vt 0.6690406 0.7624182
vt 0.6690406 0.7147311
vt 0.6638259 0.7624182
vt 0.6690406 0.7839821
vt 0.5917683 0.7353094
vt 0.5824586 0.7147311
vt 0.5856971 0.7353094
vt 0.5917755 0.7624182
vt 0.5824586 0.7839821
vt 0.5856967 0.7624182
vt 0.6638931 0.7353094
vt 0.6690406 0.7353094
vt 0.6690406 0.7624182
vt 0.6690406 0.7147311
vt 0.6638259 0.7624182
vt 0.6690406 0.7839821
vt 0.5917683 0.7353094
vt 0.5917755 0.7624182
vt 0.5031928 0.7147311
vt 0.5031928 0.7839821
vt 0.580139 0.7353094
vt 0.5801316 0.7624182
vt 0.5078821 0.7624182
vt 0.5031929 0.7624182
vt 0.5077889 0.7353094
vt 0.5031929 0.7353094
vt 0.6638931 0.7353094
vt 0.6690406 0.7353094
vt 0.6690406 0.7624182
vt 0.6690406 0.7147311
vt 0.6638259 0.7624182
vt 0.6690406 0.7839821
vt 0.5917683 0.7353094
vt 0.5917755 0.7624182
vt 0.5031928 0.7147311
vt 0.5031928 0.7839821
vt 0.580139 0.7353094
vt 0.5801316 0.7624182
vt 0.5078821 0.7624182
vt 0.5031929 0.7624182
vt 0.5077889 0.7353094
vt 0.5031929 0.7353094
vt 0.6638931 0.7353094
vt 0.6690406 0.7624182
vt 0.6690406 0.7353094
vt 0.6690406 0.7147311
vt 0.6638259 0.7624182
vt 0.6690406 0.7839821
vt 0.5917683 0.7353094
vt 0.5824586 0.7147311
vt 0.5856971 0.7353094
vt 0.5917755 0.7624182
vt 0.5824586 0.7839821
vt 0.5856967 0.7624182
vt 0.6638931 0.7353094
vt 0.6690406 0.7624182
vt 0.6690406 0.7353094
vt 0.6690406 0.7147311
vt 0.6638259 0.7624182
vt 0.6690406 0.7839821
vt 0.5917683 0.7353094
vt 0.5824586 0.7147311
vt 0.5856971 0.7353094
vt 0.5917755 0.7624182
vt 0.5824586 0.7839821
vt 0.5856967 0.7624182
vt 0.6638931 0.7353094
vt 0.6690406 0.7624182
vt 0.6690406 0.7353094
vt 0.6690406 0.7147311
vt 0.6638259 0.7624182
vt 0.6690406 0.7839821
vt 0.5917683 0.7353094
vt 0.5917755 0.7624182
vt 0.5031928 0.7147311
vt 0.5031928 0.7839821
vt 0.580139 0.7353094
vt 0.5801316 0.7624182
vt 0.5078821 0.7624182
vt 0.5031929 0.7624182
vt 0.5077889 0.7353094
vt 0.5031929 0.7353094
vt 0.6638931 0.7353094
vt 0.6690406 0.7624182
vt 0.6690406 0.7353094
vt 0.6690406 0.7147311
vt 0.6638259 0.7624182
vt 0.6690406 0.7839821
vt 0.5917683 0.7353094
vt 0.5917755 0.7624182
vt 0.5031928 0.7147311
vt 0.5031928 0.7839821
vt 0.580139 0.7353094
vt 0.5801316 0.7624182
vt 0.5078821 0.7624182
vt 0.5031929 0.7624182
vt 0.5077889 0.7353094
vt 0.5031929 0.7353094
vt 0.746665 0.7353094
vt 0.7518125 0.7624182
vt 0.7518125 0.7353094
vt 0.7518125 0.7147311
vt 0.7465978 0.7624182
vt 0.7518125 0.7839821
vt 0.6745402 0.7353094
vt 0.5859647 0.7147311
vt 0.6745474 0.7624182
vt 0.5859647 0.7839821
vt 0.6641217 0.7353094
vt 0.6641144 0.7624182
vt 0.590654 0.7624182
vt 0.5859648 0.7624182
vt 0.5905608 0.7353094
vt 0.5859648 0.7353094
vt 0.6638931 0.7353094
vt 0.6690406 0.7624182
vt 0.6690406 0.7353094
vt 0.6690406 0.7147311
vt 0.6638259 0.7624182
vt 0.6690406 0.7839821
vt 0.5917683 0.7353094
vt 0.5917755 0.7624182
vt 0.5031928 0.7147311
vt 0.5031928 0.7839821
vt 0.580139 0.7353094
vt 0.5801316 0.7624182
vt 0.5078821 0.7624182
vt 0.5031929 0.7624182
vt 0.5077889 0.7353094
vt 0.5031929 0.7353094
vt 0.580139 0.7353094
vt 0.586014 0.7353094
vt 0.5869786 0.7147311
vt 0.586014 0.7624182
vt 0.5031928 0.7147311
vt 0.5801316 0.7624182
vt 0.5869786 0.7839821
vt 0.5031928 0.7839821
vt 0.5078821 0.7624182
vt 0.5031929 0.7624182
vt 0.5077889 0.7353094
vt 0.5031929 0.7353094
vt 0.580139 0.7353094
vt 0.586014 0.7353094
vt 0.5869786 0.7147311
vt 0.586014 0.7624182
vt 0.5031928 0.7147311
vt 0.5801316 0.7624182
vt 0.5869786 0.7839821
vt 0.5031928 0.7839821
vt 0.5078821 0.7624182
vt 0.5031929 0.7624182
vt 0.5077889 0.7353094
vt 0.5031929 0.7353094
vt 0.6638931 0.7353094
vt 0.6690406 0.7624182
vt 0.6690406 0.7353094
vt 0.6690406 0.7147311
vt 0.6638259 0.7624182
vt 0.6690406 0.7839821
vt 0.5917683 0.7353094
vt 0.5917755 0.7624182
vt 0.5031928 0.7147311
vt 0.5031928 0.7839821
vt 0.580139 0.7353094
vt 0.5801316 0.7624182
vt 0.5078821 0.7624182
vt 0.5031929 0.7624182
vt 0.5077889 0.7353094
vt 0.5031929 0.7353094
vt 0.5824586 0.7147311
vt 0.5856971 0.7353094
vt 0.5917683 0.7353094
vt 0.6690406 0.7147311
vt 0.5917755 0.7624182
vt 0.6638931 0.7353094
vt 0.6690406 0.7353094
vt 0.6690406 0.7624182
vt 0.6638259 0.7624182
vt 0.6690406 0.7839821
vt 0.5856967 0.7624182
vt 0.5824586 0.7839821
vt 0.6638931 0.7353094
vt 0.6690406 0.7624182
vt 0.6690406 0.7353094
vt 0.6690406 0.7147311
vt 0.6638259 0.7624182
vt 0.6690406 0.7839821
vt 0.5917683 0.7353094
vt 0.5824586 0.7147311
vt 0.5856971 0.7353094
vt 0.5917755 0.7624182
vt 0.5824586 0.7839821
vt 0.5856967 0.7624182
vt 0.6638931 0.7353094
vt 0.6690406 0.7624182
vt 0.6690406 0.7353094
vt 0.6690406 0.7147311
vt 0.6638259 0.7624182
vt 0.6690406 0.7839821
vt 0.5917683 0.7353094
vt 0.5917755 0.7624182
vt 0.5031928 0.7147311
vt 0.5031928 0.7839821
vt 0.580139 0.7353094
vt 0.5801316 0.7624182
vt 0.5078821 0.7624182
vt 0.5031929 0.7624182
vt 0.5077889 0.7353094
vt 0.5031929 0.7353094
vt 0.6638931 0.7353094
vt 0.6690406 0.7624182
vt 0.6690406 0.7353094
vt 0.6690406 0.7147311
vt 0.6638259 0.7624182
vt 0.6690406 0.7839821
vt 0.5917683 0.7353094
vt 0.5917755 0.7624182
vt 0.5031928 0.7147311
vt 0.5031928 0.7839821
vt 0.580139 0.7353094
vt 0.5801316 0.7624182
vt 0.5078821 0.7624182
vt 0.5031929 0.7624182
vt 0.5077889 0.7353094
vt 0.5031929 0.7353094
vt 0.6638931 0.7353094
vt 0.6690406 0.7353094
vt 0.6690406 0.7624182
vt 0.6690406 0.7147311
vt 0.6638259 0.7624182
vt 0.6690406 0.7839821
vt 0.5917683 0.7353094
vt 0.5824586 0.7147311
vt 0.5856971 0.7353094
vt 0.5917755 0.7624182
vt 0.5824586 0.7839821
vt 0.5856967 0.7624182
vt 0.6638931 0.7353094
vt 0.6690406 0.7353094
vt 0.6690406 0.7624182
vt 0.6690406 0.7147311
vt 0.6638259 0.7624182
vt 0.6690406 0.7839821
vt 0.5917683 0.7353094
vt 0.5824586 0.7147311
vt 0.5856971 0.7353094
vt 0.5917755 0.7624182
vt 0.5824586 0.7839821
vt 0.5856967 0.7624182
vt 0.6638931 0.7353094
vt 0.6690406 0.7353094
vt 0.6690406 0.7624182
vt 0.6690406 0.7147311
vt 0.6638259 0.7624182
vt 0.6690406 0.7839821
vt 0.5917683 0.7353094
vt 0.5917755 0.7624182
vt 0.5031928 0.7147311
vt 0.5031928 0.7839821
vt 0.580139 0.7353094
vt 0.5801316 0.7624182
vt 0.5078821 0.7624182
vt 0.5031929 0.7624182
vt 0.5077889 0.7353094
vt 0.5031929 0.7353094
vt 0.5031929 0.7624182
vt 0.5077889 0.7353094
vt 0.5031929 0.7353094
vt 0.5031928 0.7147311
vt 0.5078821 0.7624182
vt 0.5031928 0.7839821
vt 0.5801316 0.7624182
vt 0.580139 0.7353094
vt 0.5917755 0.7624182
vt 0.6690406 0.7839821
vt 0.6638259 0.7624182
vt 0.6690406 0.7624182
vt 0.5917683 0.7353094
vt 0.6690406 0.7147311
vt 0.6638931 0.7353094
vt 0.6690406 0.7353094
vt 0.5031929 0.7624182
vt 0.5031929 0.7353094
vt 0.5077889 0.7353094
vt 0.5031928 0.7147311
vt 0.5078821 0.7624182
vt 0.5031928 0.7839821
vt 0.5801316 0.7624182
vt 0.580139 0.7353094
vt 0.5917755 0.7624182
vt 0.6690406 0.7839821
vt 0.6638259 0.7624182
vt 0.6690406 0.7624182
vt 0.5917683 0.7353094
vt 0.6690406 0.7147311
vt 0.6638931 0.7353094
vt 0.6690406 0.7353094
vt 0.001 0.002
vt 0.001 0.238
vt 0.999 0.238
vt 0.999 0.002
vt 0.001 0.238
vt 0.001 0.247
vt 0.999 0.247
vt 0.999 0.238
vt 0.999 0.498
vt 0.999 0.252
vt 0.001 0.252
vt 0.001 0.498
vt 0.001 0.002
vt 0.001 0.238
vt 0.999 0.238
vt 0.999 0.002
vt 0.001 0.238
vt 0.001 0.247
vt 0.999 0.247
vt 0.999 0.238
vt 0.999 0.998
vt 0.999 0.752
vt 0.0009999871 0.752
vt 0.0009999871 0.998
vt 0.001 0.002
vt 0.001 0.238
vt 0.999 0.238
vt 0.999 0.002
vt 0.001 0.238
vt 0.001 0.247
vt 0.999 0.247
vt 0.999 0.238
vt 0.999 0.748
vt 0.999 0.502
vt 0.001 0.502
vt 0.001 0.748
vt 0.001 0.002
vt 0.001 0.238
vt 0.999 0.238
vt 0.999 0.002
vt 0.001 0.238
vt 0.001 0.247
vt 0.999 0.247
vt 0.999 0.238
vt 0.999 0.748
vt 0.999 0.502
vt 0.001 0.502
vt 0.001 0.748
vt 0.001 0.002
vt 0.001 0.238
vt 0.999 0.238
vt 0.999 0.002
vt 0.001 0.238
vt 0.001 0.247
vt 0.999 0.247
vt 0.999 0.238
vt 0.999 0.498
vt 0.999 0.252
vt 0.0009999871 0.252
vt 0.0009999871 0.498
vt 0.001 0.002
vt 0.001 0.238
vt 0.999 0.238
vt 0.999 0.002
vt 0.001 0.238
vt 0.001 0.247
vt 0.999 0.247
vt 0.999 0.238
vt 0.999 0.998
vt 0.999 0.752
vt 0.001 0.752
vt 0.001 0.998
vt 0.001 0.002
vt 0.001 0.238
vt 0.999 0.238
vt 0.999 0.002
vt 0.001 0.238
vt 0.001 0.247
vt 0.999 0.247
vt 0.999 0.238
vt 0.999 0.498
vt 0.999 0.252
vt 0.001 0.252
vt 0.001 0.498
vt 0.001 0.002
vt 0.001 0.238
vt 0.999 0.238
vt 0.999 0.002
vt 0.001 0.238
vt 0.001 0.247
vt 0.999 0.247
vt 0.999 0.238
vt 0.999 0.998
vt 0.999 0.752
vt 0.001 0.752
vt 0.001 0.998
vt 0.001 0.002
vt 0.001 0.238
vt 0.999 0.238
vt 0.999 0.002
vt 0.001 0.238
vt 0.001 0.247
vt 0.999 0.247
vt 0.999 0.238
vt 0.999 0.748
vt 0.999 0.502
vt 0.0009999871 0.502
vt 0.0009999871 0.748
vt 0.001 0.002
vt 0.001 0.238
vt 0.999 0.238
vt 0.999 0.002
vt 0.001 0.238
vt 0.001 0.247
vt 0.999 0.247
vt 0.999 0.238
vt 0.999 0.498
vt 0.999 0.252
vt 0.001 0.252
vt 0.001 0.498
vt 0.001 0.002
vt 0.001 0.238
vt 0.999 0.238
vt 0.999 0.002
vt 0.001 0.238
vt 0.001 0.247
vt 0.999 0.247
vt 0.999 0.238
vt 0.999 0.998
vt 0.999 0.752
vt 0.001 0.752
vt 0.001 0.998
vt 0.994 0.238
vt 1 0.238
vt 1 0.002
vt 0.994 0.002
vt 0 0.001
vt 0 0.238
vt 1 0.238
vt 1 0.001
vt 0 0.238
vt 0 0.247
vt 1 0.247
vt 1 0.238
vt 1 0.498
vt 1 0.252
vt 0.001115322 0.252
vt 0.001115322 0.498
vt 0 0.001
vt 0 0.238
vt 1 0.238
vt 1 0.001
vt 0 0.238
vt 0 0.247
vt 1 0.247
vt 1 0.238
vt 0.999 0.998
vt 0.999 0.752
vt 0.001 0.752
vt 0.001 0.998
vt 0 0.001
vt 0 0.238
vt 1 0.238
vt 1 0.001
vt 0 0.238
vt 0 0.247
vt 1 0.247
vt 1 0.238
vt 1 0.748
vt 0.999 0.502
vt 0.001 0.502
vt 0.001 0.748
vt 0 0.001
vt 0 0.238
vt 1 0.238
vt 1 0.001
vt 0 0.238
vt 0 0.247
vt 1 0.247
vt 1 0.238
vt 1 0.498
vt 1 0.252
vt 0.001210213 0.252
vt 0.001210213 0.498
vt 0 0.001
vt 0 0.238
vt 1 0.238
vt 1 0.001
vt 0 0.238
vt 0 0.247
vt 1 0.247
vt 1 0.238
vt 1 0.998
vt 1 0.752
vt 0.0009999871 0.752
vt 0.0009999871 0.998
vt 0 0.001
vt 0 0.238
vt 1 0.238
vt 1 0.001
vt 0 0.238
vt 0 0.247
vt 1 0.247
vt 1 0.238
vt 1 0.748
vt 1 0.502
vt 0.001210213 0.502
vt 0.001210213 0.748
vt 0.994 0.001
vt 1 0.0009999275
vt 1 0.238
vt 0.994 0.238
vt 0 0.001
vt 0 0.238
vt 1 0.238
vt 1 0.001
vt 0 0.238
vt 0 0.247
vt 1 0.247
vt 1 0.238
vt 0.999 0.498
vt 0.999 0.252
vt 0.001 0.252
vt 0.001 0.498
vt 0 0.001
vt 0 0.238
vt 1 0.238
vt 1 0.001
vt 0 0.238
vt 0 0.247
vt 1 0.247
vt 1 0.238
vt 0.999 0.998
vt 0.999 0.752
vt 0.001210213 0.752
vt 0.001210213 0.998
vt 0 0.001
vt 0 0.238
vt 1 0.238
vt 1 0.001
vt 0 0.238
vt 0 0.247
vt 1 0.247
vt 1 0.238
vt 0.999 0.748
vt 0.999 0.502
vt 0.0009999871 0.502
vt 0.0009999871 0.748
vt 0 0.001
vt 0 0.238
vt 1 0.238
vt 1 0.001
vt 0 0.238
vt 0 0.247
vt 1 0.247
vt 1 0.238
vt 0.999 0.498
vt 0.999 0.252
vt 0.001 0.252
vt 0.001 0.498
vt 0 0.001
vt 0 0.238
vt 1 0.238
vt 1 0.001
vt 0 0.238
vt 0 0.247
vt 1 0.247
vt 1 0.238
vt 0.999 0.998
vt 0.999 0.752
vt 0.001 0.752
vt 0.001 0.998
vt 0.006 0.238
vt 0 0.238
vt 0 0.0009999275
vt 0.006 0.001
vt 0.001 0.001
vt 0.001 0.238
vt 0.999 0.238
vt 0.999 0.001
vt 0.001 0.238
vt 0.001 0.247
vt 0.999 0.247
vt 0.999 0.238
vt 0.999 0.748
vt 0.999 0.502
vt 0.001 0.502
vt 0.001 0.748
vt 0.001 0.001
vt 0.001 0.238
vt 0.999 0.238
vt 0.999 0.001
vt 0.001 0.238
vt 0.001 0.247
vt 0.999 0.247
vt 0.999 0.238
vt 0.999 0.498
vt 0.999 0.252
vt 0.001 0.252
vt 0.001 0.498
vt 0.001 0.001
vt 0.001 0.238
vt 0.999 0.238
vt 0.999 0.001
vt 0.001 0.238
vt 0.001 0.247
vt 0.999 0.247
vt 0.999 0.238
vt 0.999 0.998
vt 0.999 0.752
vt 0.001 0.752
vt 0.001 0.998
vt 0.001 0.001
vt 0.001 0.238
vt 0.999 0.238
vt 0.999 0.001
vt 0.001 0.238
vt 0.001 0.247
vt 0.999 0.247
vt 0.999 0.238
vt 0.999 0.748
vt 0.999 0.502
vt 0.001 0.502
vt 0.001 0.748
vt 0.001 0.001
vt 0.001 0.238
vt 0.999 0.238
vt 0.999 0.001
vt 0.001 0.238
vt 0.001 0.247
vt 0.999 0.247
vt 0.999 0.238
vt 0.999 0.498
vt 0.999 0.252
vt 0.0009999871 0.252
vt 0.0009999871 0.498
vt 0.001 0.001
vt 0.001 0.238
vt 0.999 0.238
vt 0.999 0.001
vt 0.001 0.238
vt 0.001 0.247
vt 0.999 0.247
vt 0.999 0.238
vt 0.999 0.998
vt 0.999 0.752
vt 0.001 0.752
vt 0.001 0.998
vt 0.006 0.001
vt 0 0.0009999275
vt 0 0.238
vt 0.006 0.238
vt 0.001 0.002
vt 0.001 0.238
vt 0.999 0.238
vt 0.999 0.002
vt 0.001 0.238
vt 0.001 0.247
vt 0.999 0.247
vt 0.999 0.238
vt 0.999 0.748
vt 0.999 0.502
vt 0.001 0.502
vt 0.001 0.748
vt 0.001 0.002
vt 0.001 0.238
vt 0.999 0.238
vt 0.999 0.002
vt 0.001 0.238
vt 0.001 0.247
vt 0.999 0.247
vt 0.999 0.238
vt 0.999 0.498
vt 0.999 0.252
vt 0.001 0.252
vt 0.001 0.498
vt 0.001 0.002
vt 0.001 0.238
vt 0.999 0.238
vt 0.999 0.002
vt 0.001 0.238
vt 0.001 0.247
vt 0.999 0.247
vt 0.999 0.238
vt 0.999 0.998
vt 0.999 0.752
vt 0.001 0.752
vt 0.001 0.998
vt 0.001 0.002
vt 0.001 0.238
vt 0.999 0.238
vt 0.999 0.002
vt 0.001 0.238
vt 0.001 0.247
vt 0.999 0.247
vt 0.999 0.238
vt 0.999 0.748
vt 0.999 0.502
vt 0.001 0.502
vt 0.001 0.748
vt 0.001 0.002
vt 0.001 0.238
vt 0.999 0.238
vt 0.999 0.002
vt 0.001 0.238
vt 0.001 0.247
vt 0.999 0.247
vt 0.999 0.238
vt 0.999 0.498
vt 0.999 0.252
vt 0.0009999871 0.252
vt 0.0009999871 0.498
vt 0.001 0.002
vt 0.001 0.238
vt 0.999 0.238
vt 0.999 0.002
vt 0.001 0.238
vt 0.001 0.247
vt 0.999 0.247
vt 0.999 0.238
vt 0.999 0.998
vt 0.999 0.752
vt 0.001 0.752
vt 0.001 0.998
vt 0.006 0.002
vt 0 0.002
vt 0 0.238
vt 0.006 0.238
vt 0.001 0.002
vt 0.001 0.238
vt 0.999 0.238
vt 0.999 0.002
vt 0.001 0.238
vt 0.001 0.247
vt 0.999 0.247
vt 0.999 0.238
vt 0.999 0.498
vt 0.999 0.252
vt 0.001 0.252
vt 0.001 0.498
vt 0.001 0.002
vt 0.001 0.238
vt 0.999 0.238
vt 0.999 0.002
vt 0.001 0.238
vt 0.001 0.247
vt 0.999 0.247
vt 0.999 0.238
vt 0.999 0.998
vt 0.999 0.752
vt 0.001 0.752
vt 0.001 0.998
vt 0.001 0.002
vt 0.001 0.238
vt 0.999 0.238
vt 0.999 0.002
vt 0.001 0.238
vt 0.001 0.247
vt 0.999 0.247
vt 0.999 0.238
vt 0.999 0.748
vt 0.999 0.502
vt 0.001 0.502
vt 0.001 0.748
vt 0.001 0.002
vt 0.001 0.238
vt 0.999 0.238
vt 0.999 0.002
vt 0.001 0.238
vt 0.001 0.247
vt 0.999 0.247
vt 0.999 0.238
vt 0.999 0.498
vt 0.999 0.252
vt 0.001 0.252
vt 0.001 0.498
vt 0.001 0.002
vt 0.001 0.238
vt 0.999 0.238
vt 0.999 0.002
vt 0.001 0.238
vt 0.001 0.247
vt 0.999 0.247
vt 0.999 0.238
vt 0.999 0.998
vt 0.999 0.752
vt 0.001 0.752
vt 0.001 0.998
vt 0.001 0.002
vt 0.001 0.238
vt 0.999 0.238
vt 0.999 0.002
vt 0.001 0.238
vt 0.001 0.247
vt 0.999 0.247
vt 0.999 0.238
vt 0.999 0.748
vt 0.999 0.502
vt 0.001 0.502
vt 0.001 0.748
vt 0.006 0.238
vt 0 0.238
vt 0 0.002
vt 0.006 0.002
vt 0.001 0.002
vt 0.001 0.238
vt 0.999 0.238
vt 0.999 0.002
vt 0.001 0.238
vt 0.001 0.247
vt 0.999 0.247
vt 0.999 0.238
vt 0.999 0.498
vt 0.999 0.252
vt 0.001 0.252
vt 0.001 0.498
vt 0.001 0.002
vt 0.001 0.238
vt 0.999 0.238
vt 0.999 0.002
vt 0.001 0.238
vt 0.001 0.247
vt 0.999 0.247
vt 0.999 0.238
vt 0.999 0.998
vt 0.999 0.752
vt 0.001 0.752
vt 0.001 0.998
vt 0.001 0.002
vt 0.001 0.238
vt 0.999 0.238
vt 0.999 0.002
vt 0.001 0.238
vt 0.001 0.247
vt 0.999 0.247
vt 0.999 0.238
vt 0.999 0.748
vt 0.999 0.502
vt 0.001 0.502
vt 0.001 0.748
vt 0.001 0.002
vt 0.001 0.238
vt 0.999 0.238
vt 0.999 0.002
vt 0.001 0.238
vt 0.001 0.247
vt 0.999 0.247
vt 0.999 0.238
vt 0.999 0.498
vt 0.999 0.252
vt 0.001 0.252
vt 0.001 0.498
vt 0.001 0.002
vt 0.001 0.238
vt 0.999 0.238
vt 0.999 0.002
vt 0.001 0.238
vt 0.001 0.247
vt 0.999 0.247
vt 0.999 0.238
vt 0.999 0.998
vt 0.999 0.752
vt 0.001 0.752
vt 0.001 0.998
vt 0.994 0.002
vt 1 0.002
vt 1 0.238
vt 0.994 0.238
vt 0.001 0.001
vt 0.001 0.238
vt 0.999 0.238
vt 0.999 0.001
vt 0.001 0.238
vt 0.001 0.247
vt 0.999 0.247
vt 0.999 0.238
vt 0.999 0.498
vt 0.999 0.252
vt 0.001 0.252
vt 0.001 0.498
vt 0.001 0.001
vt 0.001 0.238
vt 0.999 0.238
vt 0.999 0.001
vt 0.001 0.238
vt 0.001 0.247
vt 0.999 0.247
vt 0.999 0.238
vt 0.999 0.998
vt 0.999 0.752
vt 0.001 0.752
vt 0.001 0.998
vt 0.001 0.001
vt 0.001 0.238
vt 0.999 0.238
vt 0.999 0.001
vt 0.001 0.238
vt 0.001 0.247
vt 0.999 0.247
vt 0.999 0.238
vt 0.999 0.748
vt 0.999 0.502
vt 0.0009999871 0.502
vt 0.0009999871 0.748
vt 0.001 0.001
vt 0.001 0.238
vt 0.999 0.238
vt 0.999 0.001
vt 0.001 0.238
vt 0.001 0.247
vt 0.999 0.247
vt 0.999 0.238
vt 0.999 0.498
vt 0.999 0.252
vt 0.001 0.252
vt 0.001 0.498
vt 0.001 0.001
vt 0.001 0.238
vt 0.999 0.238
vt 0.999 0.001
vt 0.001 0.238
vt 0.001 0.247
vt 0.999 0.247
vt 0.999 0.238
vt 0.999 0.998
vt 0.999 0.752
vt 0.001 0.752
vt 0.001 0.998
vt 0.001 0.001
vt 0.001 0.238
vt 0.999 0.238
vt 0.999 0.001
vt 0.001 0.238
vt 0.001 0.247
vt 0.999 0.247
vt 0.999 0.238
vt 0.999 0.748
vt 0.999 0.502
vt 0.001 0.502
vt 0.001 0.748
vt 0.994 0.238
vt 1 0.238
vt 1 0.0009999275
vt 0.994 0.001
vt 0 0.3600461
vt 0.1640625 0.6647335
vt 0 0.6647335
vt 0.1640625 0.3600461
vt 0.3359375 0.3600461
vt 0.3359375 0.6647335
vt 0.5 0.3600461
vt 0.5 0.6647335
vt 1 0.3600461
vt 1 0.6647335
vt 0.84375 0.6647335
vt 0.84375 0.3600461
vt 0.671875 0.6647335
vt 0.671875 0.3600461
vt 0.5 0.3600461
vt 0.5 0.6647335
vt 0 0.6647335
vt 0 0.3600461
vt 1 0.3600461
vt 1 0.6647335
vt 0 0.6861578
vt 1 0.6861578
vt 1 0.9908453
vt 0 0.9908453
vt 0 0.3600461
vt 1 0.3600461
vt 1 0.6647335
vt 0 0.6647335
vt 0 0.3366086
vt 0 0.03192109
vt 1 0.03192109
vt 1 0.3366086
vt 0 0.3600461
vt 0 0.6647335
vt 0.1640625 0.6647335
vt 0.1640625 0.3600461
vt 0.3359375 0.3600461
vt 0.3359375 0.6647335
vt 0.5 0.3600461
vt 0.5 0.6647335
vt 1 0.3600461
vt 0.84375 0.6647335
vt 1 0.6647335
vt 0.84375 0.3600461
vt 0.671875 0.6647335
vt 0.671875 0.3600461
vt 0.5 0.3600461
vt 0.5 0.6647335
vt 0 0.9921875
vt 1 0.9921875
vt 1 0.6875
vt 0 0.6875
vt 0 0.03125
vt 0 0.3359375
vt 1 0.3359375
vt 1 0.03125
vt 0 0.6875
vt 0 0.9921874
vt 1 0.9921874
vt 1 0.6875
vt 1 0.3366086
vt 0 0.3366086
vt 0 0.03192109
vt 1 0.03192109
vt 0 0.6875
vt 0 0.9921874
vt 0.1640625 0.9921874
vt 0.1640625 0.6875
vt 0.3359375 0.6875
vt 0.3359375 0.9921874
vt 0.5 0.6875
vt 0.5 0.9921874
vt 1 0.6875
vt 0.84375 0.9921874
vt 1 0.9921874
vt 0.84375 0.6875
vt 0.671875 0.9921874
vt 0.671875 0.6875
vt 0.5 0.6875
vt 0.5 0.9921874
vt 0 0.9921875
vt 1 0.9921875
vt 1 0.6875
vt 0 0.6875
vt 0 0.03125
vt 0 0.3359375
vt 1 0.3359375
vt 1 0.03125
vt 0 0.6875
vt 0 0.9921874
vt 1 0.9921874
vt 1 0.6875
vt 0 0.6640625
vt 1 0.6640625
vt 1 0.359375
vt 0 0.359375
vt 0.7794214 0.6875
vt 0.8216207 0.9921874
vt 0.7794214 0.9921874
vt 0.8216207 0.6875
vt 0.8658295 0.6875
vt 0.8658295 0.9921874
vt 0.9080287 0.6875
vt 0.9080287 0.9921874
vt 1 0.6875
vt 1 0.9921874
vt 0.84375 0.9921874
vt 0.84375 0.6875
vt 0 0.3355471
vt 0 0.03085959
vt 1 0.03085959
vt 1 0.3355471
vt 0.9964463 0.6875
vt 0.9964463 0.9921874
vt 0.9522375 0.9921874
vt 0.9522375 0.6875
vt 0.9080287 0.6875
vt 0.9080287 0.9921874
vt 0 0.03125
vt 1 0.03125
vt 1 0.3359375
vt 0 0.3359375
vt 0 0.3600461
vt 1 0.3600461
vt 1 0.6647335
vt 0 0.6647335
vt 0 0.6640625
vt 0 0.359375
vt 1 0.359375
vt 1 0.6640625
vt 3.517736 -4.049759
vt 3.69383 -4.225852
vt 3.022227 -4.896241
vt 2.846721 -4.720735
vt 2.329642 -5.589344
vt 2.153496 -5.413208
vt 1.484918 -6.0826
vt 1.661103 -6.258775
vt 0.2474815 -0.2489698
vt 3.783016 -3.784504
vt 6.081112 -1.486406
vt -2.050615 -2.547066
vt 2.545579 2.049127
vt -0.9899552 5.584661
vt -3.288052 3.286564
vt -5.586174 0.9884878
vt -5.76168 1.163994
vt -5.074818 1.848472
vt -4.899311 1.672966
vt -4.23481 2.339876
vt -4.410316 2.515382
vt -3.542362 3.036254
vt -3.718456 3.212348
vt -3.467601 3.46098
vt -3.216696 3.709663
vt -3.040693 3.53366
vt -2.343355 4.233369
vt -2.517808 4.407823
vt -1.676136 4.898915
vt -1.85146 5.07424
vt -1.175869 5.750448
vt -1.000545 5.575124
vt 5.395216 -2.172315
vt 6.073092 -1.494372
vt 6.248416 -1.669696
vt 5.570541 -2.34764
vt 4.908933 -3.00751
vt 4.734479 -2.833057
vt 4.224159 -3.695335
vt 4.048157 -3.519333
vt 3.69383 -4.225852
vt 3.517736 -4.049759
vt 0.125 0.7500941
vt 0.131 0.7500941
vt 0.128 0.002
vt 0.125 0.874047
vt 0.125 0.7500941
vt 0.128 0.002
vt 0.125 0.7500941
vt 0.131 0.7500941
vt 0.128 0.002
vt 0.125 0.7500941
vt 0.131 0.7500941
vt 0.128 0.002
vt 0.125 0.7500941
vt 0.131 0.7500941
vt 0.128 0.002
vt 0.125 0.7500941
vt 0.131 0.7500941
vt 0.128 0.002
vt 0.128 0.002
vt 0.131 0.7500941
vt 0.131 0.874047
vt 0.125 0.7500941
vt 0.131 0.7500941
vt 0.128 0.002
vt 0.8485 0.5
vt 0.998 0.5
vt 0.998 0.49
vt 0.8485 0.49
vt 0.699 0.5
vt 0.699 0.49
vt 0.5495 0.5
vt 0.5495 0.49
vt 0.4 0.49
vt 0.4 0.5
vt 0.4 0.3675
vt 0.5495 0.3675001
vt 0.4 0.245
vt 0.5495 0.2450002
vt 0.998 0.99
vt 0.8478708 1
vt 0.998 1
vt 0.8480414 0.99
vt 0.6988793 1
vt 0.6988793 0.99
vt 0.5495 1
vt 0.5495 0.99
vt 0.4 1
vt 0.4 0.99
vt 0.17 0.002
vt 0.17 0.998
vt 0.212 0.998
vt 0.212 0.002
vt 0.212 0.002
vt 0.212 0.998
vt 0.252 0.998
vt 0.252 0.002
vt 0.08600001 0.998
vt 0.08600001 0.002
vt 0.044 0.002
vt 0.044 0.998
vt 0.3493395 0.9322912
vt 0.3734188 0.8905844
vt 0.3493395 0.8488777
vt 0.3011808 0.8488777
vt 0.3011808 0.9322912
vt 0.2831212 0.8801578
vt 0.2831212 0.901011
vt 0.3011808 0.9322912
vt 0.044 0.002
vt 0.002 0.002
vt 0.002 0.998
vt 0.044 0.998
vt 0.128 0.002
vt 0.08600001 0.002
vt 0.08600001 0.998
vt 0.125 0.874047
vt 0.125 0.998
vt 0.131 0.874047
vt 0.131 0.998
vt 0.17 0.998
vt 0.131 0.7500941
vt 0.17 0.002
vt 0.128 0.002
vt 0.4 0.1225
vt 0.4 0.245
vt 0.5495 0.2450002
vt 0.5495 0.1225002
vt 0.4 0
vt 0.5495 0
vt 0.6990827 0
vt 0.699 0.2450001
vt 0.6990492 0.1225727
vt 0.699 0.3675003
vt 0.5495 0.3675001
vt 0.8485 0.3674998
vt 0.8485 0.1224997
vt 0.8485034 0
vt 0.998 0
vt 0.998 0.245
vt 0.8485 0.2449997
vt 0.998 0.49
vt 0.8485 0.49
vt 0.699 0.3675003
vt 0.8485 0.49
vt 0.8485 0.3674998
vt 0.699 0.49
vt 0.5495 0.3675001
vt 0.5495 0.49
vt 0.39 0.3675
vt 0.39 0.49
vt 0.4 0.49
vt 0.4 0.3675
vt 0.39 0.245
vt 0.4 0.245
vt 0.39 0.1225
vt 0.4 0.1225
vt 0.39 0
vt 0.4 0
vt 0.5495 0.5
vt 0.5495 0.6224996
vt 0.699 0.6225002
vt 0.699 0.5
vt 0.8485 0.6225004
vt 0.8485 0.5
vt 0.4 0.6225
vt 0.4 0.745
vt 0.5495 0.7449998
vt 0.5495 0.6224996
vt 0.5495 0.5
vt 0.4 0.5
vt 0.4 0.8674996
vt 0.4 0.99
vt 0.5495 0.99
vt 0.5495 0.8674996
vt 0.4 0.745
vt 0.6988793 0.99
vt 0.5495 0.7449998
vt 0.6989599 0.8674996
vt 0.8485 0.8674996
vt 0.8480414 0.99
vt 0.998 0.99
vt 0.998 0.745
vt 0.699 0.745
vt 0.5495 0.6224996
vt 0.699 0.6225002
vt 0.8485 0.7450003
vt 0.8485 0.6225004
vt 0.998 0.5
vt 0.8485 0.5
vt 0.8485 0.5
vt 0.998 0.5
vt 0.998 0.49
vt 0.8485 0.49
vt 0.699 0.5
vt 0.699 0.49
vt 0.5495 0.5
vt 0.5495 0.49
vt 0.4 0.49
vt 0.4 0.5
vt 0.4 0.3675
vt 0.5495 0.3675001
vt 0.4 0.245
vt 0.5495 0.2450002
vt 0.998 0.99
vt 0.8478708 1
vt 0.998 1
vt 0.8480414 0.99
vt 0.6988793 1
vt 0.6988793 0.99
vt 0.5495 1
vt 0.5495 0.99
vt 0.4 1
vt 0.4 0.99
vt 0.17 0.002
vt 0.17 0.998
vt 0.212 0.998
vt 0.212 0.002
vt 0.212 0.002
vt 0.212 0.998
vt 0.252 0.998
vt 0.252 0.002
vt 0.08600001 0.998
vt 0.08600001 0.002
vt 0.044 0.002
vt 0.044 0.998
vt 0.3493395 0.9322912
vt 0.3734188 0.8905844
vt 0.3493395 0.8488777
vt 0.3011808 0.8488777
vt 0.3011808 0.9322912
vt 0.2831212 0.8801578
vt 0.2831212 0.901011
vt 0.3011808 0.9322912
vt 0.044 0.002
vt 0.002 0.002
vt 0.002 0.998
vt 0.044 0.998
vt 0.128 0.002
vt 0.08600001 0.002
vt 0.08600001 0.998
vt 0.125 0.7500941
vt 0.125 0.874047
vt 0.125 0.998
vt 0.131 0.874047
vt 0.131 0.998
vt 0.17 0.998
vt 0.17 0.002
vt 0.131 0.7500941
vt 0.128 0.002
vt 0.4 0.1225
vt 0.4 0.245
vt 0.5495 0.2450002
vt 0.5495 0.1225002
vt 0.4 0
vt 0.5495 0
vt 0.6990827 0
vt 0.699 0.2450001
vt 0.6990492 0.1225727
vt 0.699 0.3675003
vt 0.5495 0.3675001
vt 0.8485 0.3674998
vt 0.8485 0.1224997
vt 0.8485034 0
vt 0.998 0
vt 0.998 0.245
vt 0.8485 0.2449997
vt 0.998 0.49
vt 0.8485 0.49
vt 0.699 0.3675003
vt 0.8485 0.49
vt 0.8485 0.3674998
vt 0.699 0.49
vt 0.5495 0.3675001
vt 0.5495 0.49
vt 0.39 0.3675
vt 0.39 0.49
vt 0.4 0.49
vt 0.4 0.3675
vt 0.39 0.245
vt 0.4 0.245
vt 0.39 0.1225
vt 0.4 0.1225
vt 0.39 0
vt 0.4 0
vt 0.5495 0.5
vt 0.5495 0.6224996
vt 0.699 0.6225002
vt 0.699 0.5
vt 0.8485 0.6225004
vt 0.8485 0.5
vt 0.4 0.6225
vt 0.4 0.745
vt 0.5495 0.7449998
vt 0.5495 0.6224996
vt 0.5495 0.5
vt 0.4 0.5
vt 0.4 0.8674996
vt 0.4 0.99
vt 0.5495 0.99
vt 0.5495 0.8674996
vt 0.4 0.745
vt 0.6988793 0.99
vt 0.5495 0.7449998
vt 0.6989599 0.8674996
vt 0.8485 0.8674996
vt 0.8480414 0.99
vt 0.998 0.99
vt 0.998 0.745
vt 0.699 0.745
vt 0.5495 0.6224996
vt 0.699 0.6225002
vt 0.8485 0.7450003
vt 0.8485 0.6225004
vt 0.998 0.5
vt 0.8485 0.5
vt 0.8485 0.5
vt 0.998 0.5
vt 0.998 0.49
vt 0.8485 0.49
vt 0.699 0.5
vt 0.699 0.49
vt 0.5495 0.5
vt 0.5495 0.49
vt 0.4 0.49
vt 0.4 0.5
vt 0.4 0.3675
vt 0.5495 0.3675001
vt 0.4 0.245
vt 0.5495 0.2450002
vt 0.998 0.99
vt 0.8478708 1
vt 0.998 1
vt 0.8480414 0.99
vt 0.6988793 1
vt 0.6988793 0.99
vt 0.5495 1
vt 0.5495 0.99
vt 0.4 1
vt 0.4 0.99
vt 0.17 0.002
vt 0.17 0.998
vt 0.212 0.998
vt 0.212 0.002
vt 0.212 0.002
vt 0.212 0.998
vt 0.252 0.998
vt 0.252 0.002
vt 0.08600001 0.998
vt 0.08600001 0.002
vt 0.044 0.002
vt 0.044 0.998
vt 0.3493395 0.9322912
vt 0.3734188 0.8905844
vt 0.3493395 0.8488777
vt 0.3011808 0.8488777
vt 0.3011808 0.9322912
vt 0.2831212 0.8801578
vt 0.2831212 0.901011
vt 0.3011808 0.9322912
vt 0.044 0.002
vt 0.002 0.002
vt 0.002 0.998
vt 0.044 0.998
vt 0.128 0.002
vt 0.08600001 0.002
vt 0.08600001 0.998
vt 0.125 0.7500941
vt 0.125 0.874047
vt 0.125 0.998
vt 0.131 0.874047
vt 0.131 0.998
vt 0.17 0.998
vt 0.131 0.7500941
vt 0.17 0.002
vt 0.128 0.002
vt 0.4 0.1225
vt 0.4 0.245
vt 0.5495 0.2450002
vt 0.5495 0.1225002
vt 0.4 0
vt 0.5495 0
vt 0.6990827 0
vt 0.699 0.2450001
vt 0.6990492 0.1225727
vt 0.699 0.3675003
vt 0.5495 0.3675001
vt 0.8485 0.3674998
vt 0.8485 0.1224997
vt 0.8485034 0
vt 0.998 0
vt 0.998 0.245
vt 0.8485 0.2449997
vt 0.998 0.49
vt 0.8485 0.49
vt 0.699 0.3675003
vt 0.8485 0.49
vt 0.8485 0.3674998
vt 0.699 0.49
vt 0.5495 0.3675001
vt 0.5495 0.49
vt 0.39 0.3675
vt 0.39 0.49
vt 0.4 0.49
vt 0.4 0.3675
vt 0.39 0.245
vt 0.4 0.245
vt 0.39 0.1225
vt 0.4 0.1225
vt 0.39 0
vt 0.4 0
vt 0.5495 0.5
vt 0.5495 0.6224996
vt 0.699 0.6225002
vt 0.699 0.5
vt 0.8485 0.6225004
vt 0.8485 0.5
vt 0.4 0.6225
vt 0.4 0.745
vt 0.5495 0.7449998
vt 0.5495 0.6224996
vt 0.5495 0.5
vt 0.4 0.5
vt 0.4 0.8674996
vt 0.4 0.99
vt 0.5495 0.99
vt 0.5495 0.8674996
vt 0.4 0.745
vt 0.6988793 0.99
vt 0.5495 0.7449998
vt 0.6989599 0.8674996
vt 0.8485 0.8674996
vt 0.8480414 0.99
vt 0.998 0.99
vt 0.998 0.745
vt 0.699 0.745
vt 0.5495 0.6224996
vt 0.699 0.6225002
vt 0.8485 0.7450003
vt 0.8485 0.6225004
vt 0.998 0.5
vt 0.8485 0.5
vt 0.8485 0.5
vt 0.998 0.5
vt 0.998 0.49
vt 0.8485 0.49
vt 0.699 0.5
vt 0.699 0.49
vt 0.5495 0.5
vt 0.5495 0.49
vt 0.4 0.49
vt 0.4 0.5
vt 0.4 0.3675
vt 0.5495 0.3675001
vt 0.4 0.245
vt 0.5495 0.2450002
vt 0.998 0.99
vt 0.8478708 1
vt 0.998 1
vt 0.8480414 0.99
vt 0.6988793 1
vt 0.6988793 0.99
vt 0.5495 1
vt 0.5495 0.99
vt 0.4 1
vt 0.4 0.99
vt 0.17 0.002
vt 0.17 0.998
vt 0.212 0.998
vt 0.212 0.002
vt 0.212 0.002
vt 0.212 0.998
vt 0.252 0.998
vt 0.252 0.002
vt 0.08600001 0.998
vt 0.08600001 0.002
vt 0.044 0.002
vt 0.044 0.998
vt 0.3493395 0.9322912
vt 0.3734188 0.8905844
vt 0.3493395 0.8488777
vt 0.3011808 0.8488777
vt 0.3011808 0.9322912
vt 0.2831212 0.8801578
vt 0.2831212 0.901011
vt 0.3011808 0.9322912
vt 0.044 0.002
vt 0.002 0.002
vt 0.002 0.998
vt 0.044 0.998
vt 0.125 0.7500941
vt 0.128 0.002
vt 0.08600001 0.002
vt 0.125 0.874047
vt 0.08600001 0.998
vt 0.125 0.998
vt 0.131 0.874047
vt 0.131 0.998
vt 0.17 0.998
vt 0.131 0.7500941
vt 0.17 0.002
vt 0.128 0.002
vt 0.4 0.1225
vt 0.4 0.245
vt 0.5495 0.2450002
vt 0.5495 0.1225002
vt 0.4 0
vt 0.5495 0
vt 0.6990827 0
vt 0.699 0.2450001
vt 0.6990492 0.1225727
vt 0.699 0.3675003
vt 0.5495 0.3675001
vt 0.8485 0.3674998
vt 0.8485 0.1224997
vt 0.8485034 0
vt 0.998 0
vt 0.998 0.245
vt 0.8485 0.2449997
vt 0.998 0.49
vt 0.8485 0.49
vt 0.699 0.3675003
vt 0.8485 0.49
vt 0.8485 0.3674998
vt 0.699 0.49
vt 0.5495 0.3675001
vt 0.5495 0.49
vt 0.39 0.3675
vt 0.39 0.49
vt 0.4 0.49
vt 0.4 0.3675
vt 0.39 0.245
vt 0.4 0.245
vt 0.39 0.1225
vt 0.4 0.1225
vt 0.39 0
vt 0.4 0
vt 0.5495 0.5
vt 0.5495 0.6224996
vt 0.699 0.6225002
vt 0.699 0.5
vt 0.8485 0.6225004
vt 0.8485 0.5
vt 0.4 0.6225
vt 0.4 0.745
vt 0.5495 0.7449998
vt 0.5495 0.6224996
vt 0.5495 0.5
vt 0.4 0.5
vt 0.4 0.8674996
vt 0.4 0.99
vt 0.5495 0.99
vt 0.5495 0.8674996
vt 0.4 0.745
vt 0.6988793 0.99
vt 0.5495 0.7449998
vt 0.6989599 0.8674996
vt 0.8485 0.8674996
vt 0.8480414 0.99
vt 0.998 0.99
vt 0.998 0.745
vt 0.699 0.745
vt 0.5495 0.6224996
vt 0.699 0.6225002
vt 0.8485 0.7450003
vt 0.8485 0.6225004
vt 0.998 0.5
vt 0.8485 0.5
vt 0.8485 0.5
vt 0.998 0.5
vt 0.998 0.49
vt 0.8485 0.49
vt 0.699 0.5
vt 0.699 0.49
vt 0.5495 0.5
vt 0.5495 0.49
vt 0.4 0.49
vt 0.4 0.5
vt 0.4 0.3675
vt 0.5495 0.3675001
vt 0.4 0.245
vt 0.5495 0.2450002
vt 0.998 0.99
vt 0.8478708 1
vt 0.998 1
vt 0.8480414 0.99
vt 0.6988793 1
vt 0.6988793 0.99
vt 0.5495 1
vt 0.5495 0.99
vt 0.4 1
vt 0.4 0.99
vt 0.17 0.002
vt 0.17 0.998
vt 0.212 0.998
vt 0.212 0.002
vt 0.212 0.002
vt 0.212 0.998
vt 0.252 0.998
vt 0.252 0.002
vt 0.08600001 0.998
vt 0.08600001 0.002
vt 0.044 0.002
vt 0.044 0.998
vt 0.3493395 0.9322912
vt 0.3734188 0.8905844
vt 0.3493395 0.8488777
vt 0.3011808 0.8488777
vt 0.3011808 0.9322912
vt 0.2831212 0.8801578
vt 0.2831212 0.901011
vt 0.3011808 0.9322912
vt 0.044 0.002
vt 0.002 0.002
vt 0.002 0.998
vt 0.044 0.998
vt 0.128 0.002
vt 0.08600001 0.002
vt 0.08600001 0.998
vt 0.125 0.7500941
vt 0.125 0.874047
vt 0.125 0.998
vt 0.131 0.874047
vt 0.131 0.998
vt 0.17 0.998
vt 0.17 0.002
vt 0.128 0.002
vt 0.4 0.1225
vt 0.4 0.245
vt 0.5495 0.2450002
vt 0.5495 0.1225002
vt 0.4 0
vt 0.5495 0
vt 0.6990827 0
vt 0.699 0.2450001
vt 0.6990492 0.1225727
vt 0.699 0.3675003
vt 0.5495 0.3675001
vt 0.8485 0.3674998
vt 0.8485 0.1224997
vt 0.8485034 0
vt 0.998 0
vt 0.998 0.245
vt 0.8485 0.2449997
vt 0.998 0.49
vt 0.8485 0.49
vt 0.699 0.3675003
vt 0.8485 0.49
vt 0.8485 0.3674998
vt 0.699 0.49
vt 0.5495 0.3675001
vt 0.5495 0.49
vt 0.39 0.3675
vt 0.39 0.49
vt 0.4 0.49
vt 0.4 0.3675
vt 0.39 0.245
vt 0.4 0.245
vt 0.39 0.1225
vt 0.4 0.1225
vt 0.39 0
vt 0.4 0
vt 0.5495 0.5
vt 0.5495 0.6224996
vt 0.699 0.6225002
vt 0.699 0.5
vt 0.8485 0.6225004
vt 0.8485 0.5
vt 0.4 0.6225
vt 0.4 0.745
vt 0.5495 0.7449998
vt 0.5495 0.6224996
vt 0.5495 0.5
vt 0.4 0.5
vt 0.4 0.8674996
vt 0.4 0.99
vt 0.5495 0.99
vt 0.5495 0.8674996
vt 0.4 0.745
vt 0.6988793 0.99
vt 0.5495 0.7449998
vt 0.6989599 0.8674996
vt 0.8485 0.8674996
vt 0.8480414 0.99
vt 0.998 0.99
vt 0.998 0.745
vt 0.699 0.745
vt 0.5495 0.6224996
vt 0.699 0.6225002
vt 0.8485 0.7450003
vt 0.8485 0.6225004
vt 0.998 0.5
vt 0.8485 0.5
vt 0.8485 0.5
vt 0.998 0.5
vt 0.998 0.49
vt 0.8485 0.49
vt 0.699 0.5
vt 0.699 0.49
vt 0.5495 0.5
vt 0.5495 0.49
vt 0.4 0.49
vt 0.4 0.5
vt 0.4 0.3675
vt 0.5495 0.3675001
vt 0.4 0.245
vt 0.5495 0.2450002
vt 0.998 0.99
vt 0.8478708 1
vt 0.998 1
vt 0.8480414 0.99
vt 0.6988793 1
vt 0.6988793 0.99
vt 0.5495 1
vt 0.5495 0.99
vt 0.4 1
vt 0.4 0.99
vt 0.17 0.002
vt 0.17 0.998
vt 0.212 0.998
vt 0.212 0.002
vt 0.212 0.002
vt 0.212 0.998
vt 0.252 0.998
vt 0.252 0.002
vt 0.08600001 0.998
vt 0.08600001 0.002
vt 0.044 0.002
vt 0.044 0.998
vt 0.3493395 0.9322912
vt 0.3734188 0.8905844
vt 0.3493395 0.8488777
vt 0.3011808 0.8488777
vt 0.3011808 0.9322912
vt 0.2831212 0.8801578
vt 0.2831212 0.901011
vt 0.3011808 0.9322912
vt 0.044 0.002
vt 0.002 0.002
vt 0.002 0.998
vt 0.044 0.998
vt 0.128 0.002
vt 0.08600001 0.002
vt 0.08600001 0.998
vt 0.125 0.7500941
vt 0.125 0.874047
vt 0.125 0.998
vt 0.131 0.874047
vt 0.131 0.998
vt 0.17 0.998
vt 0.131 0.7500941
vt 0.17 0.002
vt 0.128 0.002
vt 0.4 0.1225
vt 0.4 0.245
vt 0.5495 0.2450002
vt 0.5495 0.1225002
vt 0.4 0
vt 0.5495 0
vt 0.6990827 0
vt 0.699 0.2450001
vt 0.6990492 0.1225727
vt 0.699 0.3675003
vt 0.5495 0.3675001
vt 0.8485 0.3674998
vt 0.8485 0.1224997
vt 0.8485034 0
vt 0.998 0
vt 0.998 0.245
vt 0.8485 0.2449997
vt 0.998 0.49
vt 0.8485 0.49
vt 0.699 0.3675003
vt 0.8485 0.49
vt 0.8485 0.3674998
vt 0.699 0.49
vt 0.5495 0.3675001
vt 0.5495 0.49
vt 0.39 0.3675
vt 0.39 0.49
vt 0.4 0.49
vt 0.4 0.3675
vt 0.39 0.245
vt 0.4 0.245
vt 0.39 0.1225
vt 0.4 0.1225
vt 0.39 0
vt 0.4 0
vt 0.5495 0.5
vt 0.5495 0.6224996
vt 0.699 0.6225002
vt 0.699 0.5
vt 0.8485 0.6225004
vt 0.8485 0.5
vt 0.4 0.6225
vt 0.4 0.745
vt 0.5495 0.7449998
vt 0.5495 0.6224996
vt 0.5495 0.5
vt 0.4 0.5
vt 0.4 0.8674996
vt 0.4 0.99
vt 0.5495 0.99
vt 0.5495 0.8674996
vt 0.4 0.745
vt 0.6988793 0.99
vt 0.5495 0.7449998
vt 0.6989599 0.8674996
vt 0.8485 0.8674996
vt 0.8480414 0.99
vt 0.998 0.99
vt 0.998 0.745
vt 0.699 0.745
vt 0.5495 0.6224996
vt 0.699 0.6225002
vt 0.8485 0.7450003
vt 0.8485 0.6225004
vt 0.998 0.5
vt 0.8485 0.5
vn 0.3896473 0.9209639 0.0007631913
vn 0.3896473 0.9209639 0.0007631913
vn 0.3896472 0.9209639 0.0007631913
vn -0.3896468 0.920964 0.0007631951
vn -0.3896467 0.920964 0.0007631952
vn -0.3896467 0.920964 0.0007631951
vn 0.3896468 0.920964 -0.0007631951
vn 0.3896467 0.920964 -0.0007631952
vn 0.3896467 0.920964 -0.0007631951
vn -0.3896473 0.9209639 -0.0007631913
vn -0.3896473 0.9209639 -0.0007631913
vn -0.3896472 0.9209639 -0.0007631913
vn 0.9590424 -0.2832623 0
vn 0.9590424 -0.2832623 0
vn 0.9590424 -0.2832623 0
vn 0.9590433 -0.2832593 0
vn 0.9590433 -0.2832593 0
vn 0.9590433 -0.2832592 0
vn 0 1 0
vn 0 1 0
vn 0 1 0
vn 0.04472873 0.9760941 -0.2126961
vn 0.06799617 0.9758564 -0.2075589
vn 0.06799617 0.9758564 -0.2075589
vn 0.04770088 0.9760946 -0.2120469
vn 0.03005373 0.9759592 -0.2158712
vn 0.03005373 0.9759592 -0.2158712
vn 0.002052126 0.9796601 -0.2006536
vn 0.002052126 0.9796601 -0.2006536
vn 0.002052126 0.9796601 -0.2006536
vn 0.002052126 0.9796601 -0.2006536
vn -9.593998E-05 0.9797342 -0.200302
vn -9.593997E-05 0.9797342 -0.200302
vn -0.0001733187 -0.9843451 -0.1762512
vn -0.0001733187 -0.9843451 -0.1762512
vn -0.0001733187 -0.9843451 -0.1762512
vn -0.0001733187 -0.9843451 -0.1762512
vn 0.01006517 -0.9840372 -0.1776782
vn 0.008964527 -0.984062 -0.1775996
vn 0.0009927937 -0.9842061 -0.1770237
vn 0.0009927937 -0.9842061 -0.1770237
vn 0.0386754 -0.9836362 -0.1759657
vn 0.008964527 -0.984062 -0.1775996
vn 0.01006517 -0.9840372 -0.1776782
vn 0.0371309 -0.9836203 -0.176387
vn 0.05151883 -0.9836712 -0.1724439
vn 0.05151883 -0.9836712 -0.172444
vn -0.001007351 0.07006703 -0.9975418
vn -0.001007351 0.07006704 -0.9975418
vn -0.0006028834 0.0703138 -0.9975247
vn -0.0006016669 0.07031455 -0.9975247
vn -0.0006016669 0.07031455 -0.9975247
vn -0.0006028834 0.0703138 -0.9975247
vn 0.0269256 0.0708468 -0.9971237
vn 0.02692712 0.07084683 -0.9971237
vn 0.02692712 0.07084683 -0.9971237
vn 0.0269256 0.0708468 -0.9971237
vn 0.1950586 0.072305 -0.9781228
vn 0.1943627 0.07229845 -0.9782617
vn 0.1943627 0.07229845 -0.9782617
vn 0.1950586 0.072305 -0.9781228
vn 0.2819896 0.07283761 -0.9566486
vn 0.2819896 0.07283762 -0.9566486
vn 0.8850785 -0.002467938 -0.4654351
vn 0.8853664 -0.002467543 -0.4648872
vn 0.9844065 -0.0007339931 -0.1759073
vn 0.9843943 -0.0007336049 -0.1759756
vn 0.9976925 -0.0002799384 -0.06789443
vn 0.8850316 -0.002465667 -0.4655244
vn 0.9976926 -0.0002834136 -0.06789237
vn 0.9843992 -0.0007326245 -0.1759478
vn 0.8847506 -0.002469023 -0.4660582
vn 0.9976928 -0.000285694 -0.06788934
vn 0.9843875 -0.0007324769 -0.1760136
vn 0.9976929 -0.0002850694 -0.06788751
vn 0.6904359 -0.003610572 -0.7233846
vn 0.6907026 -0.003591458 -0.7231299
vn 0.8853664 -0.002467543 -0.4648872
vn 0.8850785 -0.002467938 -0.4654351
vn 0.6902559 -0.003643241 -0.7235562
vn 0.8850316 -0.002465667 -0.4655244
vn 0.689998 -0.003665554 -0.723802
vn 0.8847506 -0.002469023 -0.4660582
vn 0.2104662 0.9769168 -0.03657164
vn 0.1890854 0.9774414 -0.09410163
vn 0.1874897 0.9773961 -0.09769516
vn 0.2102577 0.9769166 -0.03775759
vn 0.2134034 0.9767661 -0.01967467
vn 0.2134033 0.9767661 -0.01967467
vn 0.1874897 0.9773961 -0.09769516
vn 0.1890854 0.9774414 -0.09410163
vn 0.1467831 0.9765314 -0.1576103
vn 0.1472487 0.976514 -0.1572834
vn 0.1179354 0.976993 -0.1776964
vn 0.1179354 0.976993 -0.1776964
vn 1 -7.645291E-06 0
vn 1 -5.207768E-06 -6.731818E-07
vn 1 0 -6.731817E-07
vn 1 0 0
vn 1 3.457173E-06 0
vn 1 2.354934E-06 -5.763497E-07
vn 1 0 0
vn 1 0 -4.487879E-07
vn 0.9999995 -0.0001046528 0.0009926845
vn 1 -7.645291E-06 0
vn 1 0 0
vn 0.9999995 -0.0001011866 0.001002556
vn 0.9999995 -9.965267E-05 0.00101792
vn 1 3.457173E-06 0
vn 0.9999995 -0.0001012645 0.001027815
vn 1 0 0
vn 0.999998 -0.0002024832 0.002005568
vn 0.9999981 -0.0001994216 0.001985743
vn 0.9999995 -0.0001046528 0.0009926845
vn 0.9999995 -0.0001011866 0.001002556
vn 0.999998 -0.0002039517 0.002036551
vn 0.9999995 -9.965267E-05 0.00101792
vn 0.9999979 -0.0002026663 0.002056592
vn 0.9999995 -0.0001012645 0.001027815
vn 0.2235037 0.974703 0.0002369141
vn 0.2235037 0.974703 0.0002369141
vn 0.2235038 0.974703 0.0002369141
vn 0.2235037 0.974703 0.0002369141
vn 0.2242747 0.9745259 5.642088E-06
vn 0.2242747 0.9745259 5.642089E-06
vn 0.2290298 0.9734184 -0.001441198
vn 0.2290299 0.9734184 -0.001441198
vn 0.5767449 -0.00330211 -0.8169177
vn 0.5769866 -0.003249204 -0.8167472
vn 0.6907026 -0.003591458 -0.7231299
vn 0.6904359 -0.003610572 -0.7233846
vn 0.576381 -0.003387285 -0.8171741
vn 0.6902559 -0.003643241 -0.7235562
vn 0.5761548 -0.003444058 -0.8173333
vn 0.689998 -0.003665554 -0.723802
vn 0.1761497 -0.9843634 -2.764938E-07
vn 0.1761499 -0.9843634 -3.215767E-07
vn 0.1761499 -0.9843634 -3.215767E-07
vn 0.1761497 -0.9843634 -2.764939E-07
vn 0.1761495 -0.9843634 -2.333266E-07
vn 0.1761495 -0.9843634 -2.333266E-07
vn 0.1761497 -0.9843634 -2.764938E-07
vn 0.1761497 -0.9843634 -2.764939E-07
vn 0.1763897 -0.9843178 -0.002263728
vn 0.1760501 -0.9843812 0.0002216773
vn 0.1760501 -0.9843812 0.0002216773
vn 0.1763764 -0.9843204 -0.002166109
vn 0.1753058 -0.9841319 -0.02742953
vn 0.1763897 -0.9843178 -0.002263728
vn 0.1763764 -0.9843204 -0.002166109
vn 0.1755799 -0.9841501 -0.02490592
vn 0.1556252 -0.9850765 -0.07352001
vn 0.1528304 -0.9851303 -0.07849394
vn 0.1222609 -0.9848074 -0.1233159
vn 0.1556252 -0.9850765 -0.07352001
vn 0.1528304 -0.9851303 -0.07849394
vn 0.1211962 -0.9848112 -0.1243316
vn 0.1041627 -0.9845844 -0.140512
vn 0.1041628 -0.9845844 -0.1405121
vn 0.9975387 0.07011852 -3.135389E-06
vn 0.997539 0.07011373 -3.397515E-06
vn 0.997539 0.07011372 -3.397515E-06
vn 0.9975387 0.07011853 -3.13539E-06
vn 0.997539 0.07011373 -3.397515E-06
vn 0.997526 0.07029764 0.0002933734
vn 0.997526 0.07029764 0.0002933739
vn 0.997539 0.07011372 -3.397515E-06
vn 0.997526 0.07029764 0.0002933734
vn 0.9974952 0.07072995 -0.0007377495
vn 0.9974949 0.07073331 -0.0007559743
vn 0.997526 0.07029764 0.0002933739
vn 0.9974952 0.07072995 -0.0007377495
vn 0.9937776 0.07105604 -0.08577384
vn 0.9937163 0.07104681 -0.08648927
vn 0.9974949 0.07073331 -0.0007559743
vn 0.9937776 0.07105604 -0.08577384
vn 0.9174409 0.07464764 -0.3908067
vn 0.91621 0.07467505 -0.3936787
vn 0.9937163 0.07104681 -0.08648927
vn 0.9174409 0.07464764 -0.3908067
vn 0.7191903 0.07576702 -0.6906697
vn 0.7184335 0.07577945 -0.6914555
vn 0.91621 0.07467505 -0.3936787
vn 0.7191903 0.07576702 -0.6906697
vn 0.6293794 0.07659491 -0.7733142
vn 0.6293794 0.07659491 -0.7733142
vn 0.7184335 0.07577945 -0.6914555
vn 0 0.9999998 0.000706357
vn 0 0.9999998 0.0007063569
vn 0 0.9999998 0.000706357
vn 0 0.9999998 0.0007063569
vn 0.9999999 -1.582005E-06 0.0004341124
vn 0.9999999 -1.582005E-06 0.0004341124
vn 0.9999999 -1.582006E-06 0.0004341124
vn 0.9999999 -1.582006E-06 0.0004341124
vn 5.986656E-07 0.0007062251 -0.9999998
vn 0 0.0007062549 -0.9999998
vn 0 0.0007062549 -0.9999998
vn 5.724936E-07 0.0007062265 -0.9999998
vn 7.297489E-07 0.0007062186 -0.9999998
vn 7.297488E-07 0.0007062186 -0.9999998
vn 1 0 4.768044E-05
vn 1 0 4.768044E-05
vn 1 0 4.768044E-05
vn 1 0 4.768044E-05
vn 0.477628 0.878522 -0.008400999
vn 0.4763306 0.8788917 -0.02566329
vn 0.4794725 0.8775302 -0.006842772
vn 0.4790433 0.8777789 -0.00464597
vn 0.476939 0.8789362 0.0007172853
vn 0.1020677 0.8867331 -0.4508731
vn 0.09691483 0.8864909 -0.4524837
vn 0.01389192 0.8841619 -0.466974
vn 0.01314543 0.8841778 -0.4669654
vn 5.005672E-07 0.8849556 -0.4656756
vn 5.005672E-07 0.8849555 -0.4656756
vn 5.005672E-07 0.8849556 -0.4656756
vn 5.005672E-07 0.8849556 -0.4656756
vn 0 0.9999998 0.0007065994
vn 0 0.9999998 0.0007066097
vn 0 0.9999998 0.0007061614
vn 0 0.9999998 0.0007061496
vn 0 0.9999998 0.0007063081
vn 0 0.9999998 0.000706307
vn 0 0.9999998 0.0007064004
vn 0 0.9999998 0.0007064266
vn 0 0.9999998 0.0007066116
vn 0 0.9999998 0.0007066116
vn 0 0.9999998 0.0007066116
vn 0 0.9999998 0.0007066115
vn 0 0.9999998 0.0007063968
vn 0 0.9999998 0.0007064989
vn 0 0.9999998 0.0007064823
vn 0 0.9999998 0.0007063969
vn 0 0.9999998 0.0007070006
vn 0 0.9999998 0.0007064823
vn 0 0.9999998 0.0007064989
vn 0 0.9999998 0.0007069886
vn -1.835538E-07 0.9999998 0.0007066171
vn -1.834536E-07 0.9999998 0.0007066175
vn 0 0.9999998 0.0007064004
vn 0 0.9999998 0.0007064266
vn 0.4053621 0.8919755 -0.2001532
vn 0.3090838 0.8940212 -0.3243352
vn 0.3063 0.8940528 -0.3268789
vn 0.3992614 0.8925087 -0.209806
vn 0.3063 0.8940528 -0.3268789
vn 0.3090838 0.8940212 -0.3243352
vn 0.2029062 0.8908851 -0.40639
vn 0.2046873 0.8909732 -0.4053022
vn 0.4767143 0.8789472 -0.01397598
vn 0.4659925 0.8803192 -0.0888207
vn 0.4655944 0.8804106 -0.08999404
vn 0.4767439 0.8789555 -0.01234772
vn 0.2046873 0.8909732 -0.4053022
vn 0.2029062 0.8908851 -0.40639
vn 0.09691483 0.8864909 -0.4524837
vn 0.1020677 0.8867331 -0.4508731
vn 0.4655944 0.8804106 -0.08999404
vn 0.4659925 0.8803192 -0.0888207
vn 0.4053621 0.8919755 -0.2001532
vn 0.3992614 0.8925087 -0.209806
vn 0.4765394 0.8791531 0.000373359
vn 0.4765394 0.8791531 0.000373359
vn 0.4765394 0.8791531 0.000373359
vn 0.4765394 0.8791531 0.000373359
vn 0 0.9999998 0.0007064056
vn 0 0.9999998 0.0007064056
vn 0 0.9999998 0.0007064056
vn 0 0.9999998 0.0007064056
vn 0.01389192 0.8841619 -0.466974
vn 0.002163768 0.884356 -0.4668083
vn 0.002163768 0.8843558 -0.4668083
vn 0.01314543 0.8841778 -0.4669654
vn 0 0.9999998 0.0007066924
vn 0 0.9999998 0.0007066924
vn 0 0.9999998 0.0007066097
vn 0 0.9999998 0.0007065994
vn 0.4769321 0.87894 0.0003753242
vn 0.4769321 0.8789401 0.0003753242
vn 0.4767143 0.8789472 -0.01397598
vn 0.4767439 0.8789555 -0.01234772
vn -0.5771455 8.223917E-05 -0.8166414
vn -0.5771603 0.0001856423 -0.8166308
vn -0.5771604 0.0001856423 -0.8166308
vn -0.5771455 8.224582E-05 -0.8166414
vn -0.5770969 -0.006496952 -0.8166498
vn -0.5770972 -0.006448003 -0.81665
vn -0.5770121 -0.01500216 -0.8165978
vn -0.5770121 -0.01500216 -0.8165978
vn -0.04463644 0.9761183 -0.2126046
vn -0.06779812 0.9759127 -0.207359
vn -0.06779812 0.9759127 -0.207359
vn -0.04762004 0.9761227 -0.211936
vn -0.03004045 0.9759653 -0.2158459
vn -0.03004045 0.9759653 -0.2158459
vn -0.002047904 0.9796627 -0.2006412
vn -0.002047904 0.9796627 -0.2006412
vn -0.002047904 0.9796627 -0.2006412
vn -0.002047904 0.9796627 -0.2006412
vn 9.590991E-05 0.9797342 -0.200302
vn 9.590991E-05 0.9797342 -0.2003019
vn -0.2104662 0.9769168 -0.03657164
vn -0.1874897 0.9773961 -0.09769516
vn -0.1890853 0.9774414 -0.09410162
vn -0.2102577 0.9769166 -0.03775759
vn -0.2134034 0.9767661 -0.0196747
vn -0.2134034 0.9767661 -0.0196747
vn -0.1874897 0.9773961 -0.09769516
vn -0.1467716 0.9765478 -0.1575199
vn -0.1890853 0.9774414 -0.09410162
vn -0.1472274 0.9765304 -0.1572023
vn -0.1179484 0.9770362 -0.17745
vn -0.1179484 0.9770362 -0.17745
vn -0.2235035 0.9747031 0.0002368971
vn -0.2235036 0.9747031 0.0002368972
vn -0.2235036 0.9747031 0.0002368972
vn -0.2235036 0.9747031 0.0002368972
vn -0.2242748 0.9745259 5.622458E-06
vn -0.2242748 0.9745259 5.622458E-06
vn -0.2290299 0.9734184 -0.001441177
vn -0.22903 0.9734184 -0.001441178
vn 0 0.9999998 0.0007063487
vn 0 0.9999998 0.0007063487
vn 0 0.9999998 0.0007063487
vn 0 0.9999998 0.0007063488
vn -0.9999999 -1.69542E-06 0.0004341125
vn -0.9999999 -1.69542E-06 0.0004341124
vn -0.9999999 -1.69542E-06 0.0004341125
vn -0.9999999 -1.69542E-06 0.0004341124
vn -5.986656E-07 0.0007062262 -0.9999998
vn 0 0.0007062549 -0.9999998
vn 0 0.0007062549 -0.9999998
vn -5.724936E-07 0.0007062276 -0.9999998
vn -7.297489E-07 0.0007062201 -0.9999998
vn -7.297488E-07 0.0007062202 -0.9999998
vn -1 -3.06311E-07 4.768044E-05
vn -1 -3.06311E-07 4.768044E-05
vn -1 -3.06311E-07 4.768044E-05
vn -1 -3.06311E-07 4.768044E-05
vn -0.477628 0.878522 -0.008401039
vn -0.4794725 0.8775302 -0.006842775
vn -0.4763306 0.8788917 -0.02566338
vn -0.4790433 0.8777789 -0.004645978
vn -0.476939 0.8789362 0.0007172456
vn -0.1020676 0.8867331 -0.4508731
vn -0.01314544 0.8841779 -0.4669654
vn -0.01389194 0.8841619 -0.466974
vn -0.09691482 0.8864909 -0.4524836
vn -5.005672E-07 0.8849556 -0.4656756
vn -5.005672E-07 0.8849556 -0.4656756
vn -5.005672E-07 0.8849556 -0.4656756
vn -5.005672E-07 0.8849555 -0.4656756
vn 0 0.9999998 0.0007065994
vn 0 0.9999998 0.0007062021
vn 0 0.9999998 0.0007066097
vn 0 0.9999998 0.0007061888
vn 0 0.9999998 0.0007063492
vn 0 0.9999998 0.0007063479
vn 0 0.9999998 0.0007063994
vn 0 0.9999998 0.0007064256
vn 0 0.9999998 0.0007066116
vn 0 0.9999998 0.0007066115
vn 0 0.9999998 0.0007066116
vn 0 0.9999998 0.0007066116
vn 0 0.9999998 0.0007063932
vn 0 0.9999998 0.0007063933
vn 0 0.9999998 0.0007064792
vn 0 0.9999998 0.0007064958
vn 0 0.9999998 0.0007070018
vn 0 0.9999998 0.0007064958
vn 0 0.9999998 0.0007064792
vn 0 0.9999998 0.0007069899
vn 1.856311E-07 0.9999998 0.0007066174
vn 1.855636E-07 0.9999998 0.0007066178
vn 0 0.9999998 0.0007063994
vn 0 0.9999998 0.0007064256
vn -0.4053621 0.8919755 -0.2001532
vn -0.3992613 0.8925087 -0.209806
vn -0.3063 0.8940529 -0.3268789
vn -0.3090838 0.8940212 -0.3243352
vn -0.3063 0.8940529 -0.3268789
vn -0.2046873 0.8909732 -0.4053021
vn -0.2029062 0.8908851 -0.40639
vn -0.3090838 0.8940212 -0.3243352
vn -0.4767143 0.8789472 -0.01397598
vn -0.4767441 0.8789555 -0.01234772
vn -0.4655944 0.8804106 -0.08999404
vn -0.4659925 0.8803192 -0.0888207
vn -0.2046873 0.8909732 -0.4053021
vn -0.1020676 0.8867331 -0.4508731
vn -0.09691482 0.8864909 -0.4524836
vn -0.2029062 0.8908851 -0.40639
vn -0.4655944 0.8804106 -0.08999404
vn -0.3992613 0.8925087 -0.209806
vn -0.4053621 0.8919755 -0.2001532
vn -0.4659925 0.8803192 -0.0888207
vn -0.4765394 0.8791531 0.0003733663
vn -0.4765394 0.8791531 0.0003733663
vn -0.4765394 0.8791531 0.0003733662
vn -0.4765394 0.8791531 0.0003733663
vn 0 0.9999998 0.0007064088
vn 0 0.9999998 0.0007064088
vn 0 0.9999998 0.0007064086
vn 0 0.9999998 0.0007064088
vn -0.01389194 0.8841619 -0.466974
vn -0.01314544 0.8841779 -0.4669654
vn -0.002163782 0.884356 -0.4668083
vn -0.002163782 0.8843558 -0.4668083
vn 0 0.9999998 0.0007066924
vn 0 0.9999998 0.0007065994
vn 0 0.9999998 0.0007066097
vn 0 0.9999998 0.0007066924
vn -0.4769321 0.87894 0.0003753366
vn -0.4767441 0.8789555 -0.01234772
vn -0.4767143 0.8789472 -0.01397598
vn -0.4769321 0.87894 0.0003753366
vn 0.0001732909 -0.9843451 -0.1762512
vn 0.0001732909 -0.9843451 -0.1762512
vn 0.0001732909 -0.9843453 -0.1762512
vn 0.0001732909 -0.9843451 -0.1762512
vn -0.01006521 -0.9840372 -0.1776783
vn -0.0009927937 -0.9842061 -0.1770236
vn -0.0009927937 -0.9842061 -0.1770236
vn -0.008964556 -0.984062 -0.1775996
vn -0.03867545 -0.9836362 -0.1759658
vn -0.01006521 -0.9840372 -0.1776783
vn -0.008964556 -0.984062 -0.1775996
vn -0.03713096 -0.9836203 -0.1763871
vn -0.05151886 -0.9836712 -0.1724441
vn -0.05151886 -0.9836712 -0.172444
vn 0.001007351 0.07006704 -0.9975418
vn 0.0006016669 0.07031456 -0.9975247
vn 0.0006028834 0.07031382 -0.9975247
vn 0.001007351 0.07006703 -0.9975418
vn 0.0006016669 0.07031456 -0.9975247
vn -0.0269271 0.07084682 -0.9971237
vn -0.02692558 0.0708468 -0.9971237
vn 0.0006028834 0.07031382 -0.9975247
vn -0.0269271 0.07084682 -0.9971237
vn -0.1943627 0.07229842 -0.9782618
vn -0.1950586 0.07230497 -0.9781228
vn -0.02692558 0.0708468 -0.9971237
vn -0.1943627 0.07229842 -0.9782618
vn -0.2819897 0.07283764 -0.9566486
vn -0.2819896 0.07283762 -0.9566486
vn -0.1950586 0.07230497 -0.9781228
vn -0.1761497 -0.9843634 -2.846289E-07
vn -0.1761497 -0.9843634 -2.84629E-07
vn -0.1761499 -0.9843634 -3.24907E-07
vn -0.1761499 -0.9843634 -3.24907E-07
vn -0.1761495 -0.9843634 -2.460624E-07
vn -0.1761497 -0.9843634 -2.84629E-07
vn -0.1761497 -0.9843634 -2.846289E-07
vn -0.1761495 -0.9843634 -2.460623E-07
vn -0.1763897 -0.9843178 -0.002263742
vn -0.1763764 -0.9843204 -0.002166122
vn -0.1760501 -0.9843812 0.0002216706
vn -0.1760501 -0.9843812 0.0002216706
vn -0.1753058 -0.9841319 -0.02742953
vn -0.1763764 -0.9843204 -0.002166122
vn -0.1763897 -0.9843178 -0.002263742
vn -0.17558 -0.9841501 -0.02490592
vn -0.1556252 -0.9850765 -0.07351999
vn -0.1528304 -0.9851303 -0.07849389
vn -0.1222609 -0.9848074 -0.1233158
vn -0.1528304 -0.9851303 -0.07849389
vn -0.1556252 -0.9850765 -0.07351999
vn -0.1211961 -0.9848112 -0.1243316
vn -0.1041627 -0.9845844 -0.1405121
vn -0.1041627 -0.9845844 -0.1405121
vn -0.9975387 0.07011852 -3.133611E-06
vn -0.9975387 0.07011853 -3.133611E-06
vn -0.997539 0.07011372 -3.397401E-06
vn -0.997539 0.07011373 -3.397402E-06
vn -0.997539 0.07011373 -3.397402E-06
vn -0.997539 0.07011372 -3.397401E-06
vn -0.997526 0.07029799 0.0002933731
vn -0.997526 0.07029799 0.0002933727
vn -0.997526 0.07029799 0.0002933727
vn -0.997526 0.07029799 0.0002933731
vn -0.9974949 0.07073393 -0.0007559728
vn -0.9974952 0.07073059 -0.0007377481
vn -0.9974952 0.07073059 -0.0007377481
vn -0.9974949 0.07073393 -0.0007559728
vn -0.9937163 0.07104675 -0.08648929
vn -0.9937776 0.07105598 -0.08577385
vn -0.9937776 0.07105598 -0.08577385
vn -0.9937163 0.07104675 -0.08648929
vn -0.91621 0.07467462 -0.3936787
vn -0.917441 0.07464723 -0.3908067
vn -0.917441 0.07464723 -0.3908067
vn -0.91621 0.07467462 -0.3936787
vn -0.7184335 0.07577924 -0.6914555
vn -0.7191904 0.07576682 -0.6906697
vn -0.7191904 0.07576682 -0.6906697
vn -0.7184335 0.07577924 -0.6914555
vn -0.6293794 0.07659518 -0.7733141
vn -0.6293794 0.07659516 -0.7733141
vn 0.04472873 0.9760941 0.2126961
vn 0.06799617 0.9758565 0.2075586
vn 0.06799616 0.9758565 0.2075586
vn 0.04770087 0.9760946 0.2120469
vn 0.03005372 0.9759591 0.2158715
vn 0.03005372 0.9759591 0.2158715
vn 0.002052126 0.9796601 0.2006537
vn 0.002052126 0.9796601 0.2006537
vn 0.002052126 0.9796601 0.2006537
vn 0.002052126 0.9796601 0.2006537
vn -9.590991E-05 0.9797342 0.2003019
vn -9.59099E-05 0.9797342 0.2003019
vn -0.0001733027 -0.9843451 0.1762512
vn -0.0001733027 -0.9843451 0.1762512
vn -0.0001733027 -0.9843451 0.1762512
vn -0.0001733027 -0.9843451 0.1762512
vn 0.01006515 -0.9840372 0.1776783
vn 0.0009927937 -0.9842061 0.1770237
vn 0.0009927937 -0.9842061 0.1770237
vn 0.008964507 -0.984062 0.1775997
vn 0.03867535 -0.9836362 0.1759657
vn 0.01006515 -0.9840372 0.1776783
vn 0.008964507 -0.984062 0.1775997
vn 0.03713084 -0.9836203 0.176387
vn 0.05151881 -0.9836712 0.1724438
vn 0.05151881 -0.9836712 0.1724439
vn -0.001007352 0.07006837 0.9975417
vn -0.0006016674 0.07031522 0.9975247
vn -0.0006028839 0.07031447 0.9975247
vn -0.001007352 0.07006836 0.9975417
vn -0.0006016674 0.07031522 0.9975247
vn 0.0269271 0.07084682 0.9971237
vn 0.02692558 0.0708468 0.9971237
vn -0.0006028839 0.07031447 0.9975247
vn 0.0269271 0.07084682 0.9971237
vn 0.1943627 0.07229842 0.9782618
vn 0.1950586 0.07230497 0.9781228
vn 0.02692558 0.0708468 0.9971237
vn 0.1943627 0.07229842 0.9782618
vn 0.2819897 0.07283764 0.9566486
vn 0.2819896 0.07283762 0.9566486
vn 0.1950586 0.07230497 0.9781228
vn 0.8850785 -0.002468182 0.4654351
vn 0.9844065 -0.0007331256 0.1759073
vn 0.8853663 -0.002467194 0.4648874
vn 0.9843943 -0.0007328828 0.1759756
vn 0.9976925 -0.0002779521 0.06789443
vn 0.8850316 -0.002466366 0.4655243
vn 0.9976926 -0.0002816718 0.06789237
vn 0.9843992 -0.0007325315 0.1759477
vn 0.8847507 -0.002469697 0.4660581
vn 0.9976928 -0.0002852012 0.06788934
vn 0.9843875 -0.0007330595 0.1760135
vn 0.9976929 -0.0002859625 0.06788751
vn 0.690436 -0.003610631 0.7233845
vn 0.8853663 -0.002467194 0.4648874
vn 0.6907025 -0.00359075 0.7231301
vn 0.8850785 -0.002468182 0.4654351
vn 0.6902561 -0.003643884 0.723556
vn 0.8850316 -0.002466366 0.4655243
vn 0.6899981 -0.003666162 0.7238019
vn 0.8847507 -0.002469697 0.4660581
vn 0.2104662 0.9769168 0.03657164
vn 0.1874897 0.9773961 0.09769516
vn 0.1890853 0.9774414 0.09410162
vn 0.2102577 0.9769166 0.03775759
vn 0.2134034 0.9767661 0.0196747
vn 0.2134034 0.9767661 0.0196747
vn 0.1874897 0.9773961 0.09769516
vn 0.146783 0.9765314 0.1576102
vn 0.1890853 0.9774414 0.09410162
vn 0.1472487 0.9765142 0.1572833
vn 0.1179354 0.976993 0.1776961
vn 0.1179354 0.976993 0.1776961
vn 1 -7.645291E-06 0
vn 1 0 6.731819E-07
vn 1 -5.207768E-06 6.731825E-07
vn 1 0 0
vn 1 3.457173E-06 0
vn 1 2.354934E-06 5.763497E-07
vn 1 0 0
vn 1 0 4.487879E-07
vn 0.9999995 -0.000104856 -0.0009926846
vn 1 0 0
vn 1 -7.645291E-06 0
vn 0.9999995 -0.000101764 -0.001002556
vn 0.9999995 -0.0001004876 -0.00101792
vn 1 3.457173E-06 0
vn 0.9999995 -0.0001020467 -0.001027814
vn 1 0 0
vn 0.999998 -0.0002036378 -0.002005568
vn 0.9999995 -0.000104856 -0.0009926846
vn 0.9999981 -0.0001998284 -0.001985743
vn 0.9999995 -0.000101764 -0.001002556
vn 0.999998 -0.0002056227 -0.002036551
vn 0.9999995 -0.0001004876 -0.00101792
vn 0.9999979 -0.0002042318 -0.002056591
vn 0.9999995 -0.0001020467 -0.001027814
vn 0.2235035 0.9747031 -0.0002368971
vn 0.2235036 0.9747031 -0.0002368972
vn 0.2235036 0.9747031 -0.0002368972
vn 0.2235036 0.9747031 -0.0002368972
vn 0.2242748 0.9745259 -5.622458E-06
vn 0.2242748 0.9745259 -5.622458E-06
vn 0.2290299 0.9734184 0.001441177
vn 0.22903 0.9734184 0.001441178
vn 0.5767447 -0.003301681 0.8169177
vn 0.6907025 -0.00359075 0.7231301
vn 0.5769864 -0.003248553 0.8167473
vn 0.690436 -0.003610631 0.7233845
vn 0.5763811 -0.003387147 0.8171741
vn 0.6902561 -0.003643884 0.723556
vn 0.576155 -0.003444069 0.8173332
vn 0.6899981 -0.003666162 0.7238019
vn 0.1761497 -0.9843634 2.846289E-07
vn 0.1761497 -0.9843634 2.84629E-07
vn 0.1761499 -0.9843634 3.24907E-07
vn 0.1761499 -0.9843634 3.24907E-07
vn 0.1761495 -0.9843634 2.460624E-07
vn 0.1761497 -0.9843634 2.84629E-07
vn 0.1761497 -0.9843634 2.846289E-07
vn 0.1761495 -0.9843634 2.460623E-07
vn 0.1763897 -0.9843178 0.002263742
vn 0.1763764 -0.9843204 0.002166122
vn 0.1760501 -0.9843812 -0.0002216706
vn 0.1760501 -0.9843812 -0.0002216706
vn 0.1753058 -0.9841319 0.02742953
vn 0.1763764 -0.9843204 0.002166122
vn 0.1763897 -0.9843178 0.002263742
vn 0.17558 -0.9841501 0.02490592
vn 0.1556252 -0.9850765 0.07351999
vn 0.1528304 -0.9851303 0.07849389
vn 0.1222609 -0.9848074 0.1233159
vn 0.1528304 -0.9851303 0.07849389
vn 0.1556252 -0.9850765 0.07351999
vn 0.1211962 -0.9848112 0.1243317
vn 0.1041628 -0.9845844 0.1405122
vn 0.1041628 -0.9845844 0.1405122
vn 0.9975387 0.07011852 3.133611E-06
vn 0.9975387 0.07011853 3.133611E-06
vn 0.997539 0.07011372 3.397401E-06
vn 0.997539 0.07011373 3.397402E-06
vn 0.997539 0.07011373 3.397402E-06
vn 0.997539 0.07011372 3.397401E-06
vn 0.997526 0.07029799 -0.0002933731
vn 0.997526 0.07029799 -0.0002933727
vn 0.997526 0.07029799 -0.0002933727
vn 0.997526 0.07029799 -0.0002933731
vn 0.9974949 0.07073393 0.0007559728
vn 0.9974952 0.07073059 0.0007377481
vn 0.9974952 0.07073059 0.0007377481
vn 0.9974949 0.07073393 0.0007559728
vn 0.9937163 0.07104675 0.08648929
vn 0.9937776 0.07105598 0.08577385
vn 0.9937776 0.07105598 0.08577385
vn 0.9937163 0.07104675 0.08648929
vn 0.91621 0.07467462 0.3936787
vn 0.917441 0.07464723 0.3908067
vn 0.917441 0.07464723 0.3908067
vn 0.91621 0.07467462 0.3936787
vn 0.7184335 0.07577924 0.6914555
vn 0.7191904 0.07576682 0.6906697
vn 0.7191904 0.07576682 0.6906697
vn 0.7184335 0.07577924 0.6914555
vn 0.6293794 0.07659518 0.7733141
vn 0.6293794 0.07659516 0.7733141
vn 0 0.9999998 -0.0007063487
vn 0 0.9999998 -0.0007063487
vn 0 0.9999998 -0.0007063487
vn 0 0.9999998 -0.0007063488
vn 0.9999999 -1.69542E-06 -0.0004341125
vn 0.9999999 -1.69542E-06 -0.0004341124
vn 0.9999999 -1.69542E-06 -0.0004341125
vn 0.9999999 -1.69542E-06 -0.0004341124
vn 5.986656E-07 0.0007062262 0.9999998
vn 0 0.0007062549 0.9999998
vn 0 0.0007062549 0.9999998
vn 5.724936E-07 0.0007062276 0.9999998
vn 7.297489E-07 0.0007062201 0.9999998
vn 7.297488E-07 0.0007062202 0.9999998
vn 1 -3.06311E-07 -4.768044E-05
vn 1 -3.06311E-07 -4.768044E-05
vn 1 -3.06311E-07 -4.768044E-05
vn 1 -3.06311E-07 -4.768044E-05
vn 0.477628 0.878522 0.008401039
vn 0.4794725 0.8775302 0.006842775
vn 0.4763306 0.8788917 0.02566338
vn 0.4790433 0.8777789 0.004645978
vn 0.476939 0.8789362 -0.0007172456
vn 0.1020676 0.8867331 0.4508731
vn 0.01314544 0.8841779 0.4669654
vn 0.01389194 0.8841619 0.466974
vn 0.09691482 0.8864909 0.4524836
vn 5.005672E-07 0.8849556 0.4656756
vn 5.005672E-07 0.8849556 0.4656756
vn 5.005672E-07 0.8849556 0.4656756
vn 5.005672E-07 0.8849555 0.4656756
vn 0 0.9999998 -0.0007065994
vn 0 0.9999998 -0.0007062021
vn 0 0.9999998 -0.0007066097
vn 0 0.9999998 -0.0007061888
vn 0 0.9999998 -0.0007063492
vn 0 0.9999998 -0.0007063479
vn 0 0.9999998 -0.0007063994
vn 0 0.9999998 -0.0007064256
vn 0 0.9999998 -0.0007066116
vn 0 0.9999998 -0.0007066115
vn 0 0.9999998 -0.0007066116
vn 0 0.9999998 -0.0007066116
vn 0 0.9999998 -0.0007063932
vn 0 0.9999998 -0.0007063933
vn 0 0.9999998 -0.0007064792
vn 0 0.9999998 -0.0007064958
vn 0 0.9999998 -0.0007070018
vn 0 0.9999998 -0.0007064958
vn 0 0.9999998 -0.0007064792
vn 0 0.9999998 -0.0007069899
vn -1.856311E-07 0.9999998 -0.0007066174
vn -1.855636E-07 0.9999998 -0.0007066178
vn 0 0.9999998 -0.0007063994
vn 0 0.9999998 -0.0007064256
vn 0.4053621 0.8919755 0.2001532
vn 0.3992613 0.8925087 0.209806
vn 0.3063 0.8940529 0.3268789
vn 0.3090838 0.8940212 0.3243352
vn 0.3063 0.8940529 0.3268789
vn 0.2046873 0.8909732 0.4053021
vn 0.2029062 0.8908851 0.40639
vn 0.3090838 0.8940212 0.3243352
vn 0.4767143 0.8789472 0.01397598
vn 0.4767441 0.8789555 0.01234772
vn 0.4655944 0.8804106 0.08999404
vn 0.4659925 0.8803192 0.0888207
vn 0.2046873 0.8909732 0.4053021
vn 0.1020676 0.8867331 0.4508731
vn 0.09691482 0.8864909 0.4524836
vn 0.2029062 0.8908851 0.40639
vn 0.4655944 0.8804106 0.08999404
vn 0.3992613 0.8925087 0.209806
vn 0.4053621 0.8919755 0.2001532
vn 0.4659925 0.8803192 0.0888207
vn 0.4765394 0.8791531 -0.0003733663
vn 0.4765394 0.8791531 -0.0003733663
vn 0.4765394 0.8791531 -0.0003733662
vn 0.4765394 0.8791531 -0.0003733663
vn 0 0.9999998 -0.0007064088
vn 0 0.9999998 -0.0007064088
vn 0 0.9999998 -0.0007064086
vn 0 0.9999998 -0.0007064088
vn 0.01389194 0.8841619 0.466974
vn 0.01314544 0.8841779 0.4669654
vn 0.002163782 0.884356 0.4668083
vn 0.002163782 0.8843558 0.4668083
vn 0 0.9999998 -0.0007066924
vn 0 0.9999998 -0.0007065994
vn 0 0.9999998 -0.0007066097
vn 0 0.9999998 -0.0007066924
vn 0.4769321 0.87894 -0.0003753366
vn 0.4767441 0.8789555 0.01234772
vn 0.4767143 0.8789472 0.01397598
vn 0.4769321 0.87894 -0.0003753366
vn -0.5771454 8.218622E-05 0.8166414
vn -0.5771605 0.0001855227 0.8166307
vn -0.5771606 0.0001855227 0.8166307
vn -0.5771454 8.219283E-05 0.8166414
vn -0.5770968 -0.00649668 0.81665
vn -0.5770972 -0.006447733 0.81665
vn -0.5770122 -0.01500153 0.8165978
vn -0.5770122 -0.01500153 0.8165978
vn -0.04463645 0.9761183 0.2126047
vn -0.06779812 0.9759127 0.2073591
vn -0.06779812 0.9759127 0.2073591
vn -0.04762004 0.9761227 0.2119361
vn -0.03004044 0.9759651 0.215846
vn -0.03004044 0.9759651 0.215846
vn -0.002047904 0.9796627 0.2006411
vn -0.002047904 0.9796627 0.2006411
vn -0.002047904 0.9796627 0.2006411
vn -0.002047904 0.9796627 0.2006411
vn 9.593997E-05 0.9797342 0.200302
vn 9.593998E-05 0.9797342 0.200302
vn -0.2104662 0.9769168 0.03657164
vn -0.1890854 0.9774414 0.09410163
vn -0.1874897 0.9773961 0.09769516
vn -0.2102577 0.9769166 0.03775759
vn -0.2134034 0.9767661 0.01967467
vn -0.2134033 0.9767661 0.01967467
vn -0.1874897 0.9773961 0.09769516
vn -0.1890854 0.9774414 0.09410163
vn -0.1467717 0.9765478 0.1575201
vn -0.1472274 0.9765304 0.1572024
vn -0.1179484 0.9770361 0.1774503
vn -0.1179484 0.9770361 0.1774503
vn -0.2235037 0.974703 -0.0002369141
vn -0.2235037 0.974703 -0.0002369141
vn -0.2235038 0.974703 -0.0002369141
vn -0.2235037 0.974703 -0.0002369141
vn -0.2242747 0.9745259 -5.642088E-06
vn -0.2242747 0.9745259 -5.642089E-06
vn -0.2290298 0.9734184 0.001441198
vn -0.2290299 0.9734184 0.001441198
vn 0 0.9999998 -0.000706357
vn 0 0.9999998 -0.0007063569
vn 0 0.9999998 -0.000706357
vn 0 0.9999998 -0.0007063569
vn -0.9999999 -1.582005E-06 -0.0004341124
vn -0.9999999 -1.582005E-06 -0.0004341124
vn -0.9999999 -1.582006E-06 -0.0004341124
vn -0.9999999 -1.582006E-06 -0.0004341124
vn -5.986656E-07 0.0007062251 0.9999998
vn 0 0.0007062549 0.9999998
vn 0 0.0007062549 0.9999998
vn -5.724936E-07 0.0007062265 0.9999998
vn -7.297489E-07 0.0007062186 0.9999998
vn -7.297488E-07 0.0007062186 0.9999998
vn -1 0 -4.768044E-05
vn -1 0 -4.768044E-05
vn -1 0 -4.768044E-05
vn -1 0 -4.768044E-05
vn -0.477628 0.878522 0.008400999
vn -0.4763306 0.8788917 0.02566329
vn -0.4794725 0.8775302 0.006842772
vn -0.4790433 0.8777789 0.00464597
vn -0.476939 0.8789362 -0.0007172853
vn -0.1020677 0.8867331 0.4508731
vn -0.09691483 0.8864909 0.4524837
vn -0.01389192 0.8841619 0.466974
vn -0.01314543 0.8841778 0.4669654
vn -5.005672E-07 0.8849556 0.4656756
vn -5.005672E-07 0.8849555 0.4656756
vn -5.005672E-07 0.8849556 0.4656756
vn -5.005672E-07 0.8849556 0.4656756
vn 0 0.9999998 -0.0007065994
vn 0 0.9999998 -0.0007066097
vn 0 0.9999998 -0.0007061614
vn 0 0.9999998 -0.0007061496
vn 0 0.9999998 -0.0007063081
vn 0 0.9999998 -0.000706307
vn 0 0.9999998 -0.0007064004
vn 0 0.9999998 -0.0007064266
vn 0 0.9999998 -0.0007066116
vn 0 0.9999998 -0.0007066116
vn 0 0.9999998 -0.0007066116
vn 0 0.9999998 -0.0007066115
vn 0 0.9999998 -0.0007063968
vn 0 0.9999998 -0.0007064989
vn 0 0.9999998 -0.0007064823
vn 0 0.9999998 -0.0007063969
vn 0 0.9999998 -0.0007070006
vn 0 0.9999998 -0.0007064823
vn 0 0.9999998 -0.0007064989
vn 0 0.9999998 -0.0007069886
vn 1.835538E-07 0.9999998 -0.0007066171
vn 1.834536E-07 0.9999998 -0.0007066175
vn 0 0.9999998 -0.0007064004
vn 0 0.9999998 -0.0007064266
vn -0.4053621 0.8919755 0.2001532
vn -0.3090838 0.8940212 0.3243352
vn -0.3063 0.8940528 0.3268789
vn -0.3992614 0.8925087 0.209806
vn -0.3063 0.8940528 0.3268789
vn -0.3090838 0.8940212 0.3243352
vn -0.2029062 0.8908851 0.40639
vn -0.2046873 0.8909732 0.4053022
vn -0.4767143 0.8789472 0.01397598
vn -0.4659925 0.8803192 0.0888207
vn -0.4655944 0.8804106 0.08999404
vn -0.4767439 0.8789555 0.01234772
vn -0.2046873 0.8909732 0.4053022
vn -0.2029062 0.8908851 0.40639
vn -0.09691483 0.8864909 0.4524837
vn -0.1020677 0.8867331 0.4508731
vn -0.4655944 0.8804106 0.08999404
vn -0.4659925 0.8803192 0.0888207
vn -0.4053621 0.8919755 0.2001532
vn -0.3992614 0.8925087 0.209806
vn -0.4765394 0.8791531 -0.000373359
vn -0.4765394 0.8791531 -0.000373359
vn -0.4765394 0.8791531 -0.000373359
vn -0.4765394 0.8791531 -0.000373359
vn 0 0.9999998 -0.0007064056
vn 0 0.9999998 -0.0007064056
vn 0 0.9999998 -0.0007064056
vn 0 0.9999998 -0.0007064056
vn -0.01389192 0.8841619 0.466974
vn -0.002163768 0.884356 0.4668083
vn -0.002163768 0.8843558 0.4668083
vn -0.01314543 0.8841778 0.4669654
vn 0 0.9999998 -0.0007066924
vn 0 0.9999998 -0.0007066924
vn 0 0.9999998 -0.0007066097
vn 0 0.9999998 -0.0007065994
vn -0.4769321 0.87894 -0.0003753242
vn -0.4769321 0.8789401 -0.0003753242
vn -0.4767143 0.8789472 0.01397598
vn -0.4767439 0.8789555 0.01234772
vn 0.0001733305 -0.9843451 0.1762513
vn 0.0001733305 -0.9843451 0.1762512
vn 0.0001733305 -0.9843451 0.1762512
vn 0.0001733305 -0.9843451 0.1762512
vn -0.01006521 -0.9840372 0.1776782
vn -0.008964556 -0.984062 0.1775996
vn -0.0009927937 -0.9842061 0.1770236
vn -0.0009927937 -0.9842061 0.1770236
vn -0.03867546 -0.9836362 0.1759658
vn -0.008964556 -0.984062 0.1775996
vn -0.01006521 -0.9840372 0.1776782
vn -0.03713097 -0.9836203 0.1763871
vn -0.05151888 -0.9836711 0.1724441
vn -0.05151888 -0.9836711 0.1724441
vn 0.001007352 0.07006834 0.9975417
vn 0.001007352 0.07006834 0.9975417
vn 0.0006028839 0.07031446 0.9975247
vn 0.0006016675 0.07031521 0.9975247
vn 0.0006016675 0.07031521 0.9975247
vn 0.0006028839 0.07031446 0.9975247
vn -0.0269256 0.0708468 0.9971237
vn -0.02692712 0.07084683 0.9971237
vn -0.02692712 0.07084683 0.9971237
vn -0.0269256 0.0708468 0.9971237
vn -0.1950586 0.072305 0.9781228
vn -0.1943627 0.07229845 0.9782617
vn -0.1943627 0.07229845 0.9782617
vn -0.1950586 0.072305 0.9781228
vn -0.2819896 0.07283761 0.9566486
vn -0.2819896 0.07283762 0.9566486
vn -0.1761497 -0.9843634 2.764938E-07
vn -0.1761499 -0.9843634 3.215767E-07
vn -0.1761499 -0.9843634 3.215767E-07
vn -0.1761497 -0.9843634 2.764939E-07
vn -0.1761495 -0.9843634 2.333266E-07
vn -0.1761495 -0.9843634 2.333266E-07
vn -0.1761497 -0.9843634 2.764938E-07
vn -0.1761497 -0.9843634 2.764939E-07
vn -0.1763897 -0.9843178 0.002263728
vn -0.1760501 -0.9843812 -0.0002216773
vn -0.1760501 -0.9843812 -0.0002216773
vn -0.1763764 -0.9843204 0.002166109
vn -0.1753058 -0.9841319 0.02742953
vn -0.1763897 -0.9843178 0.002263728
vn -0.1763764 -0.9843204 0.002166109
vn -0.1755799 -0.9841501 0.02490592
vn -0.1556252 -0.9850765 0.07352001
vn -0.1528304 -0.9851303 0.07849394
vn -0.1222609 -0.9848074 0.1233159
vn -0.1556252 -0.9850765 0.07352001
vn -0.1528304 -0.9851303 0.07849394
vn -0.1211962 -0.9848112 0.1243317
vn -0.1041627 -0.9845844 0.1405122
vn -0.1041626 -0.9845844 0.1405122
vn -0.9975387 0.07011852 3.135389E-06
vn -0.997539 0.07011373 3.397515E-06
vn -0.997539 0.07011372 3.397515E-06
vn -0.9975387 0.07011853 3.13539E-06
vn -0.997539 0.07011373 3.397515E-06
vn -0.997526 0.07029764 -0.0002933734
vn -0.997526 0.07029764 -0.0002933739
vn -0.997539 0.07011372 3.397515E-06
vn -0.997526 0.07029764 -0.0002933734
vn -0.9974952 0.07072995 0.0007377495
vn -0.9974949 0.07073331 0.0007559743
vn -0.997526 0.07029764 -0.0002933739
vn -0.9974952 0.07072995 0.0007377495
vn -0.9937776 0.07105604 0.08577384
vn -0.9937163 0.07104681 0.08648927
vn -0.9974949 0.07073331 0.0007559743
vn -0.9937776 0.07105604 0.08577384
vn -0.9174409 0.07464764 0.3908067
vn -0.91621 0.07467505 0.3936787
vn -0.9937163 0.07104681 0.08648927
vn -0.9174409 0.07464764 0.3908067
vn -0.7191903 0.07576702 0.6906697
vn -0.7184335 0.07577945 0.6914555
vn -0.91621 0.07467505 0.3936787
vn -0.7191903 0.07576702 0.6906697
vn -0.6293794 0.07659491 0.7733142
vn -0.6293794 0.07659491 0.7733142
vn -0.7184335 0.07577945 0.6914555
vn 1 0 -3.605718E-06
vn 1 -5.267445E-05 3.018012E-06
vn 1 -5.267445E-05 3.018012E-06
vn 1 0 -3.605718E-06
vn 0.7139063 0.001130072 -0.7002403
vn 0.7139063 0.001130072 -0.7002403
vn 0.7859122 0.00192809 -0.6183351
vn 0.7859122 0.00192809 -0.6183349
vn 0.08392133 -0.9964725 -1.781976E-07
vn 0.08392183 -0.9964724 -1.638284E-07
vn 0.08392183 -0.9964724 -1.638284E-07
vn 0.08392134 -0.9964725 -1.781976E-07
vn 0.06127765 -0.9970276 -0.04670226
vn 0.05443441 -0.9970744 -0.05366235
vn 0.05440096 -0.9970744 -0.05369634
vn 0.06127765 -0.9970276 -0.04670225
vn 1 -5.267445E-05 3.018012E-06
vn 1 -0.0001140328 1.073372E-05
vn 1 -0.0001140328 1.073372E-05
vn 1 -5.267445E-05 3.018012E-06
vn 0.0839209 -0.9964725 -1.90533E-07
vn 0.08392133 -0.9964725 -1.781976E-07
vn 0.08392134 -0.9964725 -1.781976E-07
vn 0.0839209 -0.9964725 -1.90533E-07
vn 0.9998997 0.003228898 -0.01378584
vn 0.9999965 0.002578975 0.000600246
vn 0.9999965 0.002578975 0.000600246
vn 0.9998989 0.003231648 -0.01384675
vn 0.08372051 -0.9964879 -0.001686122
vn 0.08371882 -0.9964895 9.16059E-05
vn 0.08371881 -0.9964895 9.16059E-05
vn 0.08372132 -0.9964856 -0.002678099
vn 0.9973965 0.005847749 -0.07187613
vn 0.9973965 0.005847748 -0.07187615
vn 0.9998997 0.003228898 -0.01378584
vn 0.9998989 0.003231648 -0.01384675
vn 0.08372489 -0.9964381 -0.01006129
vn 0.08372489 -0.9964381 -0.01006129
vn 0.08372051 -0.9964879 -0.001686122
vn 0.08372132 -0.9964856 -0.002678099
vn 0.6324872 0.0003097162 -0.7745708
vn 0.6324872 0.0003097162 -0.7745707
vn 0.7139063 0.001130072 -0.7002403
vn 0.7139063 0.001130072 -0.7002403
vn 0.04797548 -0.9970315 -0.06022203
vn 0.04797548 -0.9970315 -0.06022204
vn 0.05440096 -0.9970744 -0.05369634
vn 0.05443441 -0.9970744 -0.05366235
vn 0.001547779 0 -0.9999988
vn 0.001547779 0 -0.9999988
vn 0.001547779 0 -0.9999988
vn 0.001547779 0 -0.9999988
vn 0.0001296795 -0.9964725 -0.08392043
vn 0.0001296794 -0.9964725 -0.08392044
vn 0.0001296795 -0.9964725 -0.08392044
vn 0.0001296794 -0.9964725 -0.08392043
vn 0.03687946 0.002633876 -0.9993162
vn 0.03687946 0.002633876 -0.9993162
vn 0.001671142 0 -0.9999987
vn 0.001671142 0 -0.9999987
vn 0.00282277 -0.9965298 -0.08318885
vn 0.002614839 -0.9965256 -0.08324549
vn 0.0001401154 -0.9964725 -0.08391951
vn 0.0001401154 -0.9964725 -0.0839195
vn 0.1178963 0.008695208 -0.9929878
vn 0.03687946 0.002633876 -0.9993162
vn 0.03687946 0.002633876 -0.9993162
vn 0.1178963 0.008695208 -0.9929878
vn 0.0078577 -0.9966165 -0.08181578
vn 0.002614839 -0.9965256 -0.08324549
vn 0.00282277 -0.9965298 -0.08318885
vn 0.0078577 -0.9966165 -0.08181578
vn 0.01779198 -0.996801 -0.07791729
vn 0.01779198 -0.996801 -0.07791729
vn 0.01779198 -0.996801 -0.07791728
vn 0.01779198 -0.996801 -0.07791729
vn 0.216303 0.009014228 -0.9762847
vn 0.216303 0.009014227 -0.9762847
vn 0.216303 0.009014227 -0.9762847
vn 0.216303 0.009014227 -0.9762847
vn -1 0 -3.605718E-06
vn -1 0 -3.605718E-06
vn -1 -5.267445E-05 3.018015E-06
vn -1 -5.267445E-05 3.018015E-06
vn -0.7139063 0.001129991 -0.7002403
vn -0.7859122 0.00192809 -0.6183349
vn -0.7859122 0.00192809 -0.6183351
vn -0.7139063 0.001129991 -0.7002403
vn -0.08392133 -0.9964725 -1.914246E-07
vn -0.08392134 -0.9964725 -1.914245E-07
vn -0.08392183 -0.9964724 -1.381365E-07
vn -0.08392183 -0.9964724 -1.381365E-07
vn -0.06127765 -0.9970276 -0.04670226
vn -0.06127765 -0.9970276 -0.04670225
vn -0.05440096 -0.9970744 -0.05369643
vn -0.05443441 -0.9970744 -0.05366245
vn -1 -5.267445E-05 3.018015E-06
vn -1 -5.267445E-05 3.018015E-06
vn -1 -0.0001140328 1.073373E-05
vn -1 -0.0001140328 1.073373E-05
vn -0.0839209 -0.9964725 -2.371702E-07
vn -0.0839209 -0.9964725 -2.371702E-07
vn -0.08392134 -0.9964725 -1.914245E-07
vn -0.08392133 -0.9964725 -1.914246E-07
vn -0.9998997 0.003228461 -0.01378584
vn -0.9998989 0.003231213 -0.01384676
vn -0.9999965 0.002578259 0.000600246
vn -0.9999965 0.002578259 0.000600246
vn -0.08372048 -0.9964879 -0.001686156
vn -0.08372132 -0.9964856 -0.00267814
vn -0.08371876 -0.9964895 9.158584E-05
vn -0.08371878 -0.9964895 9.158583E-05
vn -0.9973965 0.005848439 -0.07187615
vn -0.9998989 0.003231213 -0.01384676
vn -0.9998997 0.003228461 -0.01378584
vn -0.9973965 0.00584844 -0.07187615
vn -0.08372495 -0.9964381 -0.01006139
vn -0.08372132 -0.9964856 -0.00267814
vn -0.08372048 -0.9964879 -0.001686156
vn -0.08372495 -0.9964381 -0.01006139
vn -0.6324871 0.0003095552 -0.7745708
vn -0.7139063 0.001129991 -0.7002403
vn -0.7139063 0.001129991 -0.7002403
vn -0.6324871 0.0003095552 -0.7745708
vn -0.04797548 -0.9970315 -0.06022221
vn -0.05443441 -0.9970744 -0.05366245
vn -0.05440096 -0.9970744 -0.05369643
vn -0.04797548 -0.9970315 -0.06022221
vn -0.001547779 0 -0.9999988
vn -0.001547779 0 -0.9999988
vn -0.001547779 0 -0.9999988
vn -0.001547779 0 -0.9999988
vn -0.0001296795 -0.9964725 -0.0839204
vn -0.0001296794 -0.9964725 -0.0839204
vn -0.0001296795 -0.9964725 -0.0839204
vn -0.0001296794 -0.9964725 -0.0839204
vn -0.03687946 0.002633861 -0.9993162
vn -0.001671142 0 -0.9999987
vn -0.001671142 0 -0.9999987
vn -0.03687946 0.002633861 -0.9993162
vn -0.002822769 -0.9965298 -0.08318881
vn -0.0001401154 -0.9964725 -0.08391946
vn -0.0001401154 -0.9964725 -0.08391948
vn -0.002614839 -0.9965256 -0.08324548
vn -0.1178963 0.00869516 -0.9929878
vn -0.1178963 0.00869516 -0.9929878
vn -0.03687946 0.002633861 -0.9993162
vn -0.03687946 0.002633861 -0.9993162
vn -0.007857699 -0.9966165 -0.08181576
vn -0.007857699 -0.9966165 -0.08181576
vn -0.002822769 -0.9965298 -0.08318881
vn -0.002614839 -0.9965256 -0.08324548
vn -0.01779198 -0.996801 -0.07791705
vn -0.01779197 -0.996801 -0.07791704
vn -0.01779197 -0.996801 -0.07791704
vn -0.01779197 -0.996801 -0.07791704
vn -0.2163029 0.009014138 -0.9762847
vn -0.2163029 0.009014139 -0.9762847
vn -0.2163029 0.009014138 -0.9762847
vn -0.2163029 0.009014139 -0.9762847
vn 1 0 3.605718E-06
vn 1 0 3.605718E-06
vn 1 -5.267445E-05 -3.018015E-06
vn 1 -5.267445E-05 -3.018015E-06
vn 0.7139063 0.001129991 0.7002403
vn 0.7859122 0.00192809 0.6183349
vn 0.7859122 0.00192809 0.6183351
vn 0.7139063 0.001129991 0.7002403
vn 0.08392133 -0.9964725 1.914246E-07
vn 0.08392134 -0.9964725 1.914245E-07
vn 0.08392183 -0.9964724 1.381365E-07
vn 0.08392183 -0.9964724 1.381365E-07
vn 0.06127765 -0.9970276 0.04670226
vn 0.06127765 -0.9970276 0.04670225
vn 0.05440096 -0.9970744 0.05369643
vn 0.05443441 -0.9970744 0.05366245
vn 1 -5.267445E-05 -3.018015E-06
vn 1 -5.267445E-05 -3.018015E-06
vn 1 -0.0001140328 -1.073373E-05
vn 1 -0.0001140328 -1.073373E-05
vn 0.0839209 -0.9964725 2.371702E-07
vn 0.0839209 -0.9964725 2.371702E-07
vn 0.08392134 -0.9964725 1.914245E-07
vn 0.08392133 -0.9964725 1.914246E-07
vn 0.9998997 0.003228461 0.01378584
vn 0.9998989 0.003231213 0.01384676
vn 0.9999965 0.002578259 -0.000600246
vn 0.9999965 0.002578259 -0.000600246
vn 0.08372048 -0.9964879 0.001686156
vn 0.08372132 -0.9964856 0.00267814
vn 0.08371876 -0.9964895 -9.158584E-05
vn 0.08371878 -0.9964895 -9.158583E-05
vn 0.9973965 0.005848439 0.07187615
vn 0.9998989 0.003231213 0.01384676
vn 0.9998997 0.003228461 0.01378584
vn 0.9973965 0.00584844 0.07187615
vn 0.08372495 -0.9964381 0.01006139
vn 0.08372132 -0.9964856 0.00267814
vn 0.08372048 -0.9964879 0.001686156
vn 0.08372495 -0.9964381 0.01006139
vn 0.6324871 0.0003095552 0.7745708
vn 0.7139063 0.001129991 0.7002403
vn 0.7139063 0.001129991 0.7002403
vn 0.6324871 0.0003095552 0.7745708
vn 0.04797548 -0.9970315 0.06022221
vn 0.05443441 -0.9970744 0.05366245
vn 0.05440096 -0.9970744 0.05369643
vn 0.04797548 -0.9970315 0.06022221
vn 0.001547779 0 0.9999988
vn 0.001547779 0 0.9999988
vn 0.001547779 0 0.9999988
vn 0.001547779 0 0.9999988
vn 0.0001296795 -0.9964725 0.0839204
vn 0.0001296794 -0.9964725 0.0839204
vn 0.0001296795 -0.9964725 0.0839204
vn 0.0001296794 -0.9964725 0.0839204
vn 0.03687946 0.002633861 0.9993162
vn 0.001671142 0 0.9999987
vn 0.001671142 0 0.9999987
vn 0.03687946 0.002633861 0.9993162
vn 0.002822769 -0.9965298 0.08318881
vn 0.0001401154 -0.9964725 0.08391946
vn 0.0001401154 -0.9964725 0.08391948
vn 0.002614839 -0.9965256 0.08324548
vn 0.1178963 0.00869516 0.9929878
vn 0.1178963 0.00869516 0.9929878
vn 0.03687946 0.002633861 0.9993162
vn 0.03687946 0.002633861 0.9993162
vn 0.007857699 -0.9966165 0.08181576
vn 0.007857699 -0.9966165 0.08181576
vn 0.002822769 -0.9965298 0.08318881
vn 0.002614839 -0.9965256 0.08324548
vn 0.01779198 -0.996801 0.07791705
vn 0.01779197 -0.996801 0.07791704
vn 0.01779197 -0.996801 0.07791704
vn 0.01779197 -0.996801 0.07791704
vn 0.2163029 0.009014138 0.9762847
vn 0.2163029 0.009014139 0.9762847
vn 0.2163029 0.009014138 0.9762847
vn 0.2163029 0.009014139 0.9762847
vn -1 0 3.605718E-06
vn -1 -5.267445E-05 -3.018012E-06
vn -1 -5.267445E-05 -3.018012E-06
vn -1 0 3.605718E-06
vn -0.7139063 0.001130072 0.7002403
vn -0.7139063 0.001130072 0.7002403
vn -0.7859122 0.00192809 0.6183351
vn -0.7859122 0.00192809 0.6183349
vn -0.08392133 -0.9964725 1.781976E-07
vn -0.08392183 -0.9964724 1.638284E-07
vn -0.08392183 -0.9964724 1.638284E-07
vn -0.08392134 -0.9964725 1.781976E-07
vn -0.06127765 -0.9970276 0.04670226
vn -0.05443441 -0.9970744 0.05366235
vn -0.05440096 -0.9970744 0.05369634
vn -0.06127765 -0.9970276 0.04670225
vn -1 -5.267445E-05 -3.018012E-06
vn -1 -0.0001140328 -1.073372E-05
vn -1 -0.0001140328 -1.073372E-05
vn -1 -5.267445E-05 -3.018012E-06
vn -0.0839209 -0.9964725 1.90533E-07
vn -0.08392133 -0.9964725 1.781976E-07
vn -0.08392134 -0.9964725 1.781976E-07
vn -0.0839209 -0.9964725 1.90533E-07
vn -0.9998997 0.003228898 0.01378584
vn -0.9999965 0.002578975 -0.000600246
vn -0.9999965 0.002578975 -0.000600246
vn -0.9998989 0.003231648 0.01384675
vn -0.08372051 -0.9964879 0.001686122
vn -0.08371882 -0.9964895 -9.16059E-05
vn -0.08371881 -0.9964895 -9.16059E-05
vn -0.08372132 -0.9964856 0.002678099
vn -0.9973965 0.005847749 0.07187613
vn -0.9973965 0.005847748 0.07187615
vn -0.9998997 0.003228898 0.01378584
vn -0.9998989 0.003231648 0.01384675
vn -0.08372489 -0.9964381 0.01006129
vn -0.08372489 -0.9964381 0.01006129
vn -0.08372051 -0.9964879 0.001686122
vn -0.08372132 -0.9964856 0.002678099
vn -0.6324872 0.0003097162 0.7745708
vn -0.6324872 0.0003097162 0.7745707
vn -0.7139063 0.001130072 0.7002403
vn -0.7139063 0.001130072 0.7002403
vn -0.04797548 -0.9970315 0.06022203
vn -0.04797548 -0.9970315 0.06022204
vn -0.05440096 -0.9970744 0.05369634
vn -0.05443441 -0.9970744 0.05366235
vn -0.001547779 0 0.9999988
vn -0.001547779 0 0.9999988
vn -0.001547779 0 0.9999988
vn -0.001547779 0 0.9999988
vn -0.0001296795 -0.9964725 0.08392043
vn -0.0001296794 -0.9964725 0.08392044
vn -0.0001296795 -0.9964725 0.08392044
vn -0.0001296794 -0.9964725 0.08392043
vn -0.03687946 0.002633876 0.9993162
vn -0.03687946 0.002633876 0.9993162
vn -0.001671142 0 0.9999987
vn -0.001671142 0 0.9999987
vn -0.00282277 -0.9965298 0.08318885
vn -0.002614839 -0.9965256 0.08324549
vn -0.0001401154 -0.9964725 0.08391951
vn -0.0001401154 -0.9964725 0.0839195
vn -0.1178963 0.008695208 0.9929878
vn -0.03687946 0.002633876 0.9993162
vn -0.03687946 0.002633876 0.9993162
vn -0.1178963 0.008695208 0.9929878
vn -0.0078577 -0.9966165 0.08181578
vn -0.002614839 -0.9965256 0.08324549
vn -0.00282277 -0.9965298 0.08318885
vn -0.0078577 -0.9966165 0.08181578
vn -0.01779198 -0.996801 0.07791729
vn -0.01779198 -0.996801 0.07791729
vn -0.01779198 -0.996801 0.07791728
vn -0.01779198 -0.996801 0.07791729
vn -0.216303 0.009014228 0.9762847
vn -0.216303 0.009014227 0.9762847
vn -0.216303 0.009014227 0.9762847
vn -0.216303 0.009014227 0.9762847
vn -0.9998461 0.000670074 0.01753248
vn -0.9998461 0.000670074 0.01753248
vn -0.9998461 0.000670074 0.01753248
vn -0.9998461 0.000670074 0.01753248
vn -0.02009299 -0.0002218986 -0.9997981
vn -0.02009299 -0.0002218986 -0.9997981
vn -0.02009299 -0.0002218986 -0.9997981
vn -0.02009299 -0.0002218986 -0.9997981
vn -0.9998461 0.000670074 0.01753248
vn -0.9998461 0.000670074 0.01753248
vn -0.9998461 0.000670074 0.01753248
vn -0.9998461 0.000670074 0.01753248
vn -0.02009299 -0.0002218986 -0.9997981
vn -0.02009299 -0.0002218986 -0.9997981
vn -0.02009299 -0.0002218986 -0.9997981
vn -0.02009299 -0.0002218986 -0.9997981
vn -0.2960132 0.0006700739 -0.9551836
vn -0.2960132 0.0006700739 -0.9551836
vn -0.2960132 0.0006700739 -0.9551836
vn -0.2960132 0.0006700739 -0.9551836
vn 0.9544226 -0.0002218986 -0.2984585
vn 0.9544226 -0.0002218986 -0.2984585
vn 0.9544226 -0.0002218986 -0.2984585
vn 0.9544226 -0.0002218986 -0.2984585
vn -0.796025 0.000670074 -0.6052633
vn -0.796025 0.000670074 -0.6052633
vn -0.796025 0.000670074 -0.6052633
vn -0.796025 0.000670074 -0.6052633
vn 0.6032228 -0.0002218986 -0.7975728
vn 0.6032228 -0.0002218986 -0.7975728
vn 0.6032228 -0.0002218986 -0.7975728
vn 0.6032228 -0.0002218986 -0.7975728
vn -0.796025 0.000670074 -0.6052633
vn -0.796025 0.000670074 -0.6052633
vn -0.796025 0.000670074 -0.6052633
vn -0.796025 0.000670074 -0.6052633
vn 0.6032228 -0.0002218986 -0.7975728
vn 0.6032228 -0.0002218986 -0.7975728
vn 0.6032228 -0.0002218986 -0.7975728
vn 0.6032228 -0.0002218986 -0.7975728
vn 0.358923 0.0006700739 -0.9333669
vn 0.358923 0.0006700739 -0.9333669
vn 0.358923 0.0006700739 -0.9333669
vn 0.358923 0.0006700739 -0.9333669
vn 0.9342831 -0.0002218986 0.3565316
vn 0.9342831 -0.0002218986 0.3565316
vn 0.9342831 -0.0002218986 0.3565316
vn 0.9342831 -0.0002218986 0.3565316
vn 0.9998461 0.000670074 0.01753246
vn 0.9998461 0.000670074 0.01753246
vn 0.9998461 0.000670074 0.01753246
vn 0.9998461 0.000670074 0.01753246
vn 0.02009298 -0.0002218986 -0.9997981
vn 0.02009298 -0.0002218986 -0.9997981
vn 0.02009298 -0.0002218986 -0.9997981
vn 0.02009298 -0.0002218986 -0.9997981
vn 0.9998461 0.000670074 0.01753246
vn 0.9998461 0.000670074 0.01753246
vn 0.9998461 0.000670074 0.01753246
vn 0.9998461 0.000670074 0.01753246
vn 0.02009298 -0.0002218986 -0.9997981
vn 0.02009298 -0.0002218986 -0.9997981
vn 0.02009298 -0.0002218986 -0.9997981
vn 0.02009298 -0.0002218986 -0.9997981
vn 0.2960132 0.0006700739 -0.9551836
vn 0.2960132 0.0006700739 -0.9551836
vn 0.2960132 0.0006700739 -0.9551836
vn 0.2960132 0.0006700739 -0.9551836
vn -0.9544226 -0.0002218986 -0.2984585
vn -0.9544226 -0.0002218986 -0.2984585
vn -0.9544226 -0.0002218986 -0.2984585
vn -0.9544226 -0.0002218986 -0.2984585
vn 0.7960251 0.0006700739 -0.6052633
vn 0.7960251 0.0006700739 -0.6052633
vn 0.7960251 0.0006700739 -0.6052633
vn 0.7960251 0.0006700739 -0.6052633
vn -0.6032228 -0.0002218986 -0.7975728
vn -0.6032228 -0.0002218986 -0.7975728
vn -0.6032228 -0.0002218986 -0.7975728
vn -0.6032228 -0.0002218986 -0.7975728
vn 0.7960251 0.0006700739 -0.6052633
vn 0.7960251 0.0006700739 -0.6052633
vn 0.7960251 0.0006700739 -0.6052633
vn 0.7960251 0.0006700739 -0.6052633
vn -0.6032228 -0.0002218986 -0.7975728
vn -0.6032228 -0.0002218986 -0.7975728
vn -0.6032228 -0.0002218986 -0.7975728
vn -0.6032228 -0.0002218986 -0.7975728
vn -0.358923 0.0006700738 -0.9333669
vn -0.358923 0.0006700738 -0.9333669
vn -0.358923 0.0006700738 -0.9333669
vn -0.358923 0.0006700738 -0.9333669
vn -0.9342831 -0.0002218986 0.3565317
vn -0.9342831 -0.0002218986 0.3565317
vn -0.9342831 -0.0002218986 0.3565317
vn -0.9342831 -0.0002218986 0.3565317
vn -0.9998461 0.000670074 -0.01753246
vn -0.9998461 0.000670074 -0.01753246
vn -0.9998461 0.000670074 -0.01753246
vn -0.9998461 0.000670074 -0.01753246
vn -0.02009298 -0.0002218986 0.9997981
vn -0.02009298 -0.0002218986 0.9997981
vn -0.02009298 -0.0002218986 0.9997981
vn -0.02009298 -0.0002218986 0.9997981
vn -0.9998461 0.000670074 -0.01753246
vn -0.9998461 0.000670074 -0.01753246
vn -0.9998461 0.000670074 -0.01753246
vn -0.9998461 0.000670074 -0.01753246
vn -0.02009298 -0.0002218986 0.9997981
vn -0.02009298 -0.0002218986 0.9997981
vn -0.02009298 -0.0002218986 0.9997981
vn -0.02009298 -0.0002218986 0.9997981
vn -0.2960132 0.0006700739 0.9551836
vn -0.2960132 0.0006700739 0.9551836
vn -0.2960132 0.0006700739 0.9551836
vn -0.2960132 0.0006700739 0.9551836
vn 0.9544226 -0.0002218986 0.2984585
vn 0.9544226 -0.0002218986 0.2984585
vn 0.9544226 -0.0002218986 0.2984585
vn 0.9544226 -0.0002218986 0.2984585
vn -0.7960251 0.0006700739 0.6052633
vn -0.7960251 0.0006700739 0.6052633
vn -0.7960251 0.0006700739 0.6052633
vn -0.7960251 0.0006700739 0.6052633
vn 0.6032228 -0.0002218986 0.7975728
vn 0.6032228 -0.0002218986 0.7975728
vn 0.6032228 -0.0002218986 0.7975728
vn 0.6032228 -0.0002218986 0.7975728
vn -0.7960251 0.0006700739 0.6052633
vn -0.7960251 0.0006700739 0.6052633
vn -0.7960251 0.0006700739 0.6052633
vn -0.7960251 0.0006700739 0.6052633
vn 0.6032228 -0.0002218986 0.7975728
vn 0.6032228 -0.0002218986 0.7975728
vn 0.6032228 -0.0002218986 0.7975728
vn 0.6032228 -0.0002218986 0.7975728
vn 0.358923 0.0006700738 0.9333669
vn 0.358923 0.0006700738 0.9333669
vn 0.358923 0.0006700738 0.9333669
vn 0.358923 0.0006700738 0.9333669
vn 0.9342831 -0.0002218986 -0.3565317
vn 0.9342831 -0.0002218986 -0.3565317
vn 0.9342831 -0.0002218986 -0.3565317
vn 0.9342831 -0.0002218986 -0.3565317
vn 0.9998461 0.000670074 -0.01753246
vn 0.9998461 0.000670074 -0.01753246
vn 0.9998461 0.000670074 -0.01753246
vn 0.9998461 0.000670074 -0.01753246
vn 0.02009298 -0.0002218986 0.9997981
vn 0.02009298 -0.0002218986 0.9997981
vn 0.02009298 -0.0002218986 0.9997981
vn 0.02009298 -0.0002218986 0.9997981
vn 0.9998461 0.000670074 -0.01753246
vn 0.9998461 0.000670074 -0.01753246
vn 0.9998461 0.000670074 -0.01753246
vn 0.9998461 0.000670074 -0.01753246
vn 0.02009298 -0.0002218986 0.9997981
vn 0.02009298 -0.0002218986 0.9997981
vn 0.02009298 -0.0002218986 0.9997981
vn 0.02009298 -0.0002218986 0.9997981
vn 0.2960132 0.0006700739 0.9551836
vn 0.2960132 0.0006700739 0.9551836
vn 0.2960132 0.0006700739 0.9551836
vn 0.2960132 0.0006700739 0.9551836
vn -0.9544226 -0.0002218986 0.2984585
vn -0.9544226 -0.0002218986 0.2984585
vn -0.9544226 -0.0002218986 0.2984585
vn -0.9544226 -0.0002218986 0.2984585
vn 0.7960251 0.0006700739 0.6052633
vn 0.7960251 0.0006700739 0.6052633
vn 0.7960251 0.0006700739 0.6052633
vn 0.7960251 0.0006700739 0.6052633
vn -0.6032228 -0.0002218986 0.7975728
vn -0.6032228 -0.0002218986 0.7975728
vn -0.6032228 -0.0002218986 0.7975728
vn -0.6032228 -0.0002218986 0.7975728
vn 0.7960251 0.0006700739 0.6052633
vn 0.7960251 0.0006700739 0.6052633
vn 0.7960251 0.0006700739 0.6052633
vn 0.7960251 0.0006700739 0.6052633
vn -0.6032228 -0.0002218986 0.7975728
vn -0.6032228 -0.0002218986 0.7975728
vn -0.6032228 -0.0002218986 0.7975728
vn -0.6032228 -0.0002218986 0.7975728
vn -0.358923 0.0006700738 0.9333669
vn -0.358923 0.0006700738 0.9333669
vn -0.358923 0.0006700738 0.9333669
vn -0.358923 0.0006700738 0.9333669
vn -0.9342831 -0.0002218986 -0.3565317
vn -0.9342831 -0.0002218986 -0.3565317
vn -0.9342831 -0.0002218986 -0.3565317
vn -0.9342831 -0.0002218986 -0.3565317
vn 0 0 -1
vn 0 0 -1
vn 0 0 -1
vn 0 0 -1
vn 0 0 -1
vn 0 0 -1
vn 0 0 -1
vn 0 0 -1
vn 0 0 -1
vn 0 0 -1
vn 0 0 -1
vn 0 0 -1
vn 1 0 0
vn 1 0 0
vn 1 0 0
vn 1 0 0
vn 1 0 0
vn 1 0 0
vn 1 0 0
vn 1 0 0
vn 1 0 0
vn 1 0 0
vn 1 0 0
vn 1 0 0
vn 0.2207478 -0.528213 0.8199155
vn 0.2207478 -0.528213 0.8199155
vn 0.2207478 -0.528213 0.8199155
vn 0.2207478 -0.528213 0.8199155
vn 0.2207478 -0.528213 -0.8199155
vn 0.2207478 -0.528213 -0.8199155
vn 0.2207478 -0.528213 -0.8199155
vn 0.2207478 -0.528213 -0.8199155
vn 0 0 -1
vn 0 0 -1
vn 0 -0.9156402 -0.4019988
vn 0 0 -1
vn 0 -1 0
vn 0 -0.9156402 -0.4019988
vn 0 -1 0
vn 0 -1 0
vn 0.8945817 0 -0.4469045
vn 0.8945817 0 -0.4469045
vn 0.8945817 0 -0.4469045
vn 0.3596207 -0.9156402 -0.179655
vn 0 -1 0
vn 0 -1 0
vn 0.3596207 -0.9156402 -0.179655
vn 0 -1 0
vn 0.8945817 0 -0.4469045
vn 0.3596207 -0.9156402 -0.179655
vn 0.8945817 0 -0.4469045
vn 0.8945817 0 -0.4469045
vn 0 -1 0
vn 0 -1 0
vn 0.3596207 -0.9156402 -0.179655
vn 0 -1 0
vn 0.8934343 0 -0.4491939
vn 0.8934343 0 -0.4491939
vn 0.8934343 0 -0.4491939
vn 0.3591595 -0.9156402 -0.1805754
vn 0 -1 0
vn 0 -1 0
vn 0.3591595 -0.9156402 -0.1805754
vn 0 -1 0
vn 1 0 0
vn 1 0 0
vn 1 0 0
vn 0.4019988 -0.9156402 0
vn 0 -1 0
vn 0 -1 0
vn 0 -1 0
vn 0.4019988 -0.9156402 0
vn -2.787509E-07 -1 -8.994033E-07
vn -2.787509E-07 -1 -8.994033E-07
vn -2.787509E-07 -1 -8.994033E-07
vn -2.787509E-07 -1 -8.994033E-07
vn 0.2538285 0 -0.9672492
vn 0.2538285 0 -0.9672492
vn 0.2538285 0 -0.9672492
vn 0.2538285 0 -0.9672492
vn 0.2207478 -0.528213 0.8199155
vn 0.2207478 -0.528213 0.8199155
vn 0.2207478 -0.528213 0.8199155
vn 0.2207478 -0.528213 0.8199155
vn 0.2207478 -0.528213 -0.8199155
vn 0.2207478 -0.528213 -0.8199155
vn 0.2207478 -0.528213 -0.8199155
vn 0.2207478 -0.528213 -0.8199155
vn 0.2207478 -0.528213 0.8199155
vn 0.2207478 -0.528213 0.8199155
vn 0.2207478 -0.528213 0.8199155
vn 0.2207478 -0.528213 0.8199155
vn 0.2207478 -0.528213 -0.8199155
vn 0.2207478 -0.528213 -0.8199155
vn 0.2207478 -0.528213 -0.8199155
vn 0.2207478 -0.528213 -0.8199155
vn 0.2207478 -0.528213 0.8199155
vn 0.2207478 -0.528213 0.8199155
vn 0.2207478 -0.528213 0.8199155
vn 0.2207478 -0.528213 0.8199155
vn 0.2207478 -0.528213 -0.8199155
vn 0.2207478 -0.528213 -0.8199155
vn 0.2207478 -0.528213 -0.8199155
vn 0.2207478 -0.528213 -0.8199155
vn 0.3815396 -0.4610157 0.8011816
vn 0.3815396 -0.4610157 0.8011816
vn 0.3815396 -0.4610157 0.8011816
vn 0.3815396 -0.4610157 0.8011816
vn 0.05995594 -0.5954102 -0.8011816
vn 0.05995594 -0.5954102 -0.8011816
vn 0.05995594 -0.5954102 -0.8011816
vn 0.05995594 -0.5954102 -0.8011816
vn 0.8103157 -0.2818241 0.513774
vn 0.8103157 -0.2818241 0.513774
vn 0.8103157 -0.2818241 0.513774
vn 0.8103157 -0.2818241 0.513774
vn -0.3688202 -0.7746018 -0.5137739
vn -0.3688202 -0.7746018 -0.5137739
vn -0.3688202 -0.7746018 -0.5137739
vn -0.3688202 -0.7746018 -0.5137739
vn 0.2207478 -0.528213 0.8199155
vn 0.2207478 -0.528213 0.8199155
vn 0.2207478 -0.528213 0.8199155
vn 0.2207478 -0.528213 0.8199155
vn 0.2207478 -0.528213 -0.8199155
vn 0.2207478 -0.528213 -0.8199155
vn 0.2207478 -0.528213 -0.8199155
vn 0.2207478 -0.528213 -0.8199155
vn 0.8199155 -0.528213 -0.2207478
vn 0.8199155 -0.528213 -0.2207478
vn 0.8199155 -0.528213 -0.2207478
vn 0.8199155 -0.528213 -0.2207478
vn -0.8199155 -0.528213 -0.2207478
vn -0.8199155 -0.528213 -0.2207478
vn -0.8199155 -0.528213 -0.2207478
vn -0.8199155 -0.528213 -0.2207478
vn 0.8199155 -0.528213 -0.2207478
vn 0.8199155 -0.528213 -0.2207478
vn 0.8199155 -0.528213 -0.2207478
vn 0.8199155 -0.528213 -0.2207478
vn -0.8199155 -0.528213 -0.2207478
vn -0.8199155 -0.528213 -0.2207478
vn -0.8199155 -0.528213 -0.2207478
vn -0.8199155 -0.528213 -0.2207478
vn 0.8199155 -0.528213 -0.2207478
vn 0.8199155 -0.528213 -0.2207478
vn 0.8199155 -0.528213 -0.2207478
vn 0.8199155 -0.528213 -0.2207478
vn -0.8199155 -0.528213 -0.2207478
vn -0.8199155 -0.528213 -0.2207478
vn -0.8199155 -0.528213 -0.2207478
vn -0.8199155 -0.528213 -0.2207478
vn 0.845916 -0.5282129 0.07360153
vn 0.845916 -0.5282129 0.07360153
vn 0.845916 -0.5282129 0.07360153
vn 0.845916 -0.5282129 0.07360153
vn -0.694617 -0.528213 -0.4883628
vn -0.694617 -0.528213 -0.4883628
vn -0.694617 -0.528213 -0.4883628
vn -0.694617 -0.528213 -0.4883628
vn 0 0 -1
vn 0 0 -1
vn 0 -0.9156402 -0.4019988
vn 0 0 -1
vn 0 -1 0
vn 0 -0.9156402 -0.4019988
vn 0 -1 0
vn 0 -1 0
vn 0.8945817 0 -0.4469045
vn 0.8945817 0 -0.4469045
vn 0.8945817 0 -0.4469045
vn 0.3596207 -0.9156402 -0.179655
vn 0 -1 0
vn 0 -1 0
vn 0.3596207 -0.9156402 -0.179655
vn 0 -1 0
vn 0.8945817 0 -0.4469045
vn 0.3596207 -0.9156402 -0.179655
vn 0.8945817 0 -0.4469045
vn 0.8945817 0 -0.4469045
vn 0 -1 0
vn 0 -1 0
vn 0.3596207 -0.9156402 -0.179655
vn 0 -1 0
vn 0.8934343 0 -0.4491939
vn 0.8934343 0 -0.4491939
vn 0.8934343 0 -0.4491939
vn 0.3591595 -0.9156402 -0.1805754
vn 0 -1 0
vn 0 -1 0
vn 0.3591595 -0.9156402 -0.1805754
vn 0 -1 0
vn 1 0 0
vn 1 0 0
vn 1 0 0
vn 0.4019988 -0.9156402 0
vn 0 -1 0
vn 0 -1 0
vn 0 -1 0
vn 0.4019988 -0.9156402 0
vn 0 -1 6.070002E-07
vn 0 -1 6.070002E-07
vn 0 -1 2.739973E-07
vn 0 -1 3.500423E-07
vn 0 -1 -1.63201E-07
vn 0 -1 -1.63201E-07
vn 0.2251869 0 -0.9743156
vn 0.2251869 0 -0.9743156
vn 0.2407639 0 -0.9705837
vn 0.2407639 0 -0.9705837
vn 0.2673211 0 -0.9636075
vn 0.2673211 0 -0.9636075
vn 0 0 -1
vn 0 0 -1
vn 0 -0.9156402 -0.4019988
vn 0 0 -1
vn 0 -1 0
vn 0 -0.9156402 -0.4019988
vn 0 -1 0
vn 0 -1 0
vn 0.8945817 0 -0.4469045
vn 0.8945817 0 -0.4469045
vn 0.8945817 0 -0.4469045
vn 0.3596207 -0.9156402 -0.179655
vn 0 -1 0
vn 0 -1 0
vn 0.3596207 -0.9156402 -0.179655
vn 0 -1 0
vn 0.8945817 0 -0.4469045
vn 0.3596207 -0.9156402 -0.179655
vn 0.8945817 0 -0.4469045
vn 0.8945817 0 -0.4469045
vn 0 -1 0
vn 0 -1 0
vn 0.3596207 -0.9156402 -0.179655
vn 0 -1 0
vn 0.8934343 0 -0.4491939
vn 0.8934343 0 -0.4491939
vn 0.8934343 0 -0.4491939
vn 0.3591595 -0.9156402 -0.1805754
vn 0 -1 0
vn 0 -1 0
vn 0.3591595 -0.9156402 -0.1805754
vn 0 -1 0
vn 1 0 0
vn 1 0 0
vn 1 0 0
vn 0.4019988 -0.9156402 0
vn 0 -1 0
vn 0 -1 0
vn 0 -1 0
vn 0.4019988 -0.9156402 0
vn 0 -1 0
vn 0 -1 0
vn 0 -1 -6.847672E-07
vn 0 -1 -5.294688E-07
vn 0 -1 -1.57761E-06
vn 0 -1 -1.57761E-06
vn 0.2251869 0 -0.9743156
vn 0.2251869 0 -0.9743156
vn 0.2407639 0 -0.9705837
vn 0.2407639 0 -0.9705837
vn 0.2673211 0 -0.9636075
vn 0.2673211 0 -0.9636075
vn 0.5338145 0.8455107 0.01239276
vn 0.5338145 0.8455107 0.01239276
vn 0.5338145 0.8455107 0.01239276
vn 0.5338145 0.8455107 0.01239276
vn 0.5193772 -0.7288439 -0.4461322
vn 0.5193772 -0.7288439 -0.4461322
vn 0.5193772 -0.7288439 -0.4461322
vn 0.5193772 -0.7288439 -0.4461322
vn 0.5338145 0.8455107 -0.01239276
vn 0.5338145 0.8455107 -0.01239276
vn 0.5338145 0.8455107 -0.01239276
vn 0.5338145 0.8455107 -0.01239276
vn 0.5193772 -0.7288439 0.4461322
vn 0.5193772 -0.7288439 0.4461322
vn 0.5193772 -0.7288439 0.4461322
vn 0.5193772 -0.7288439 0.4461322
vn 0.5338145 0.8455107 0.01239276
vn 0.5338145 0.8455107 0.01239276
vn 0.5338145 0.8455107 0.01239276
vn 0.5338145 0.8455107 0.01239276
vn 0.5193772 -0.7288439 -0.4461322
vn 0.5193772 -0.7288439 -0.4461322
vn 0.5193772 -0.7288439 -0.4461322
vn 0.5193772 -0.7288439 -0.4461322
vn 0.5338145 0.8455107 -0.01239276
vn 0.5338145 0.8455107 -0.01239276
vn 0.5338145 0.8455107 -0.01239276
vn 0.5338145 0.8455107 -0.01239276
vn 0.5193772 -0.7288439 0.4461322
vn 0.5193772 -0.7288439 0.4461322
vn 0.5193772 -0.7288439 0.4461322
vn 0.5193772 -0.7288439 0.4461322
vn 0.5338145 0.8455107 0.01239276
vn 0.5338145 0.8455107 0.01239276
vn 0.5338145 0.8455107 0.01239276
vn 0.5338145 0.8455107 0.01239276
vn 0.5193772 -0.7288439 -0.4461322
vn 0.5193772 -0.7288439 -0.4461322
vn 0.5193772 -0.7288439 -0.4461322
vn 0.5193772 -0.7288439 -0.4461322
vn 0.5338145 0.8455107 -0.01239276
vn 0.5338145 0.8455107 -0.01239276
vn 0.5338145 0.8455107 -0.01239276
vn 0.5338145 0.8455107 -0.01239276
vn 0.5193772 -0.7288439 0.4461322
vn 0.5193772 -0.7288439 0.4461322
vn 0.5193772 -0.7288439 0.4461322
vn 0.5193772 -0.7288439 0.4461322
vn 0.5338145 0.8455107 0.01239276
vn 0.5338145 0.8455107 0.01239276
vn 0.5338145 0.8455107 0.01239276
vn 0.5338145 0.8455107 0.01239276
vn 0.5193772 -0.7288439 -0.4461322
vn 0.5193772 -0.7288439 -0.4461322
vn 0.5193772 -0.7288439 -0.4461322
vn 0.5193772 -0.7288439 -0.4461322
vn 0.5338145 0.8455107 -0.01239276
vn 0.5338145 0.8455107 -0.01239276
vn 0.5338145 0.8455107 -0.01239276
vn 0.5338145 0.8455107 -0.01239276
vn 0.5193772 -0.7288439 0.4461322
vn 0.5193772 -0.7288439 0.4461322
vn 0.5193772 -0.7288439 0.4461322
vn 0.5193772 -0.7288439 0.4461322
vn 0.5338145 0.8455107 0.01239276
vn 0.5338145 0.8455107 0.01239276
vn 0.5338145 0.8455107 0.01239276
vn 0.5338145 0.8455107 0.01239276
vn 0.5193772 -0.7288439 -0.4461322
vn 0.5193772 -0.7288439 -0.4461322
vn 0.5193772 -0.7288439 -0.4461322
vn 0.5193772 -0.7288439 -0.4461322
vn 0.5338145 0.8455107 -0.01239276
vn 0.5338145 0.8455107 -0.01239276
vn 0.5338145 0.8455107 -0.01239276
vn 0.5338145 0.8455107 -0.01239276
vn 0.5193772 -0.7288439 0.4461322
vn 0.5193772 -0.7288439 0.4461322
vn 0.5193772 -0.7288439 0.4461322
vn 0.5193772 -0.7288439 0.4461322
vn 0.5338145 0.8455107 0.01239276
vn 0.5338145 0.8455107 0.01239276
vn 0.5338145 0.8455107 0.01239276
vn 0.5338145 0.8455107 0.01239276
vn 0.5193772 -0.7288439 -0.4461322
vn 0.5193772 -0.7288439 -0.4461322
vn 0.5193772 -0.7288439 -0.4461322
vn 0.5193772 -0.7288439 -0.4461322
vn 0.5338145 0.8455107 -0.01239276
vn 0.5338145 0.8455107 -0.01239276
vn 0.5338145 0.8455107 -0.01239276
vn 0.5338145 0.8455107 -0.01239276
vn 0.5193772 -0.7288439 0.4461322
vn 0.5193772 -0.7288439 0.4461322
vn 0.5193772 -0.7288439 0.4461322
vn 0.5193772 -0.7288439 0.4461322
vn 0.5338145 0.8455107 0.01239276
vn 0.5338145 0.8455107 0.01239276
vn 0.5338145 0.8455107 0.01239276
vn 0.5338145 0.8455107 0.01239276
vn 0.5193772 -0.7288439 -0.4461322
vn 0.5193772 -0.7288439 -0.4461322
vn 0.5193772 -0.7288439 -0.4461322
vn 0.5193772 -0.7288439 -0.4461322
vn 0.5338145 0.8455107 -0.01239276
vn 0.5338145 0.8455107 -0.01239276
vn 0.5338145 0.8455107 -0.01239276
vn 0.5338145 0.8455107 -0.01239276
vn 0.5193772 -0.7288439 0.4461322
vn 0.5193772 -0.7288439 0.4461322
vn 0.5193772 -0.7288439 0.4461322
vn 0.5193772 -0.7288439 0.4461322
vn 0.5338145 0.8455107 0.01239276
vn 0.5338145 0.8455107 0.01239276
vn 0.5338145 0.8455107 0.01239276
vn 0.5338145 0.8455107 0.01239276
vn 0.5193772 -0.7288439 -0.4461322
vn 0.5193772 -0.7288439 -0.4461322
vn 0.5193772 -0.7288439 -0.4461322
vn 0.5193772 -0.7288439 -0.4461322
vn 0.5338145 0.8455107 -0.01239276
vn 0.5338145 0.8455107 -0.01239276
vn 0.5338145 0.8455107 -0.01239276
vn 0.5338145 0.8455107 -0.01239276
vn 0.5193772 -0.7288439 0.4461322
vn 0.5193772 -0.7288439 0.4461322
vn 0.5193772 -0.7288439 0.4461322
vn 0.5193772 -0.7288439 0.4461322
vn 0.4945317 0.8455107 -0.2013701
vn 0.4945317 0.8455107 -0.2013701
vn 0.4945317 0.8455107 -0.2013701
vn 0.4945317 0.8455107 -0.2013701
vn 0.2985586 -0.7288439 -0.6161571
vn 0.2985586 -0.7288439 -0.6161571
vn 0.2985586 -0.7288439 -0.6161571
vn 0.2985586 -0.7288439 -0.6161571
vn 0.4846541 0.8455107 -0.2241024
vn 0.4846541 0.8455107 -0.2241024
vn 0.4846541 0.8455107 -0.2241024
vn 0.4846541 0.8455107 -0.2241024
vn 0.6541446 -0.7288438 0.2021916
vn 0.6541446 -0.7288438 0.2021916
vn 0.6541446 -0.7288438 0.2021916
vn 0.6541446 -0.7288438 0.2021916
vn 0.357563 0.8455107 -0.3965604
vn 0.357563 0.8455107 -0.3965604
vn 0.357563 0.8455107 -0.3965604
vn 0.357563 0.8455107 -0.3965604
vn 0.0005743217 -0.7288439 -0.6846797
vn 0.0005743217 -0.7288439 -0.6846797
vn 0.0005743217 -0.7288439 -0.6846797
vn 0.0005743217 -0.7288439 -0.6846797
vn 0.338775 0.8455107 -0.4127263
vn 0.338775 0.8455107 -0.4127263
vn 0.338775 0.8455107 -0.4127263
vn 0.338775 0.8455107 -0.4127263
vn 0.6769309 -0.7288439 -0.1027194
vn 0.6769309 -0.7288439 -0.1027194
vn 0.6769309 -0.7288439 -0.1027194
vn 0.6769309 -0.7288439 -0.1027194
vn 0.01239276 0.8455107 -0.5338145
vn 0.01239276 0.8455107 -0.5338145
vn 0.01239276 0.8455107 -0.5338145
vn 0.01239276 0.8455107 -0.5338145
vn -0.4461322 -0.7288439 -0.5193772
vn -0.4461322 -0.7288439 -0.5193772
vn -0.4461322 -0.7288439 -0.5193772
vn -0.4461322 -0.7288439 -0.5193772
vn -0.01239276 0.8455107 -0.5338145
vn -0.01239276 0.8455107 -0.5338145
vn -0.01239276 0.8455107 -0.5338145
vn -0.01239276 0.8455107 -0.5338145
vn 0.4461322 -0.7288439 -0.5193772
vn 0.4461322 -0.7288439 -0.5193772
vn 0.4461322 -0.7288439 -0.5193772
vn 0.4461322 -0.7288439 -0.5193772
vn 0.01239276 0.8455107 -0.5338145
vn 0.01239276 0.8455107 -0.5338145
vn 0.01239276 0.8455107 -0.5338145
vn 0.01239276 0.8455107 -0.5338145
vn -0.4461322 -0.7288439 -0.5193772
vn -0.4461322 -0.7288439 -0.5193772
vn -0.4461322 -0.7288439 -0.5193772
vn -0.4461322 -0.7288439 -0.5193772
vn -0.01239276 0.8455107 -0.5338145
vn -0.01239276 0.8455107 -0.5338145
vn -0.01239276 0.8455107 -0.5338145
vn -0.01239276 0.8455107 -0.5338145
vn 0.4461322 -0.7288439 -0.5193772
vn 0.4461322 -0.7288439 -0.5193772
vn 0.4461322 -0.7288439 -0.5193772
vn 0.4461322 -0.7288439 -0.5193772
vn 0.01239276 0.8455107 -0.5338145
vn 0.01239276 0.8455107 -0.5338145
vn 0.01239276 0.8455107 -0.5338145
vn 0.01239276 0.8455107 -0.5338145
vn -0.4461322 -0.7288439 -0.5193772
vn -0.4461322 -0.7288439 -0.5193772
vn -0.4461322 -0.7288439 -0.5193772
vn -0.4461322 -0.7288439 -0.5193772
vn -0.01239276 0.8455107 -0.5338145
vn -0.01239276 0.8455107 -0.5338145
vn -0.01239276 0.8455107 -0.5338145
vn -0.01239276 0.8455107 -0.5338145
vn 0.4461322 -0.7288439 -0.5193772
vn 0.4461322 -0.7288439 -0.5193772
vn 0.4461322 -0.7288439 -0.5193772
vn 0.4461322 -0.7288439 -0.5193772
vn 0.01239276 0.8455107 -0.5338145
vn 0.01239276 0.8455107 -0.5338145
vn 0.01239276 0.8455107 -0.5338145
vn 0.01239276 0.8455107 -0.5338145
vn -0.4461322 -0.7288439 -0.5193772
vn -0.4461322 -0.7288439 -0.5193772
vn -0.4461322 -0.7288439 -0.5193772
vn -0.4461322 -0.7288439 -0.5193772
vn -0.01239276 0.8455107 -0.5338145
vn -0.01239276 0.8455107 -0.5338145
vn -0.01239276 0.8455107 -0.5338145
vn -0.01239276 0.8455107 -0.5338145
vn 0.4461322 -0.7288439 -0.5193772
vn 0.4461322 -0.7288439 -0.5193772
vn 0.4461322 -0.7288439 -0.5193772
vn 0.4461322 -0.7288439 -0.5193772
vn 0.01239276 0.8455107 -0.5338145
vn 0.01239276 0.8455107 -0.5338145
vn 0.01239276 0.8455107 -0.5338145
vn 0.01239276 0.8455107 -0.5338145
vn -0.4461322 -0.7288439 -0.5193772
vn -0.4461322 -0.7288439 -0.5193772
vn -0.4461322 -0.7288439 -0.5193772
vn -0.4461322 -0.7288439 -0.5193772
vn -0.01239276 0.8455107 -0.5338145
vn -0.01239276 0.8455107 -0.5338145
vn -0.01239276 0.8455107 -0.5338145
vn -0.01239276 0.8455107 -0.5338145
vn 0.4461322 -0.7288439 -0.5193772
vn 0.4461322 -0.7288439 -0.5193772
vn 0.4461322 -0.7288439 -0.5193772
vn 0.4461322 -0.7288439 -0.5193772
vn 0.01239276 0.8455107 -0.5338145
vn 0.01239276 0.8455107 -0.5338145
vn 0.01239276 0.8455107 -0.5338145
vn 0.01239276 0.8455107 -0.5338145
vn -0.4461322 -0.7288439 -0.5193772
vn -0.4461322 -0.7288439 -0.5193772
vn -0.4461322 -0.7288439 -0.5193772
vn -0.4461322 -0.7288439 -0.5193772
vn -0.01239276 0.8455107 -0.5338145
vn -0.01239276 0.8455107 -0.5338145
vn -0.01239276 0.8455107 -0.5338145
vn -0.01239276 0.8455107 -0.5338145
vn 0.4461322 -0.7288439 -0.5193772
vn 0.4461322 -0.7288439 -0.5193772
vn 0.4461322 -0.7288439 -0.5193772
vn 0.4461322 -0.7288439 -0.5193772
vn 0.01239276 0.8455107 -0.5338145
vn 0.01239276 0.8455107 -0.5338145
vn 0.01239276 0.8455107 -0.5338145
vn 0.01239276 0.8455107 -0.5338145
vn -0.4461322 -0.7288439 -0.5193772
vn -0.4461322 -0.7288439 -0.5193772
vn -0.4461322 -0.7288439 -0.5193772
vn -0.4461322 -0.7288439 -0.5193772
vn 0 0 1
vn 0 0 1
vn 0 0 1
vn 0 0 1
vn 0 0 1
vn 0 0 1
vn 0 0 1
vn 0 0 1
vn 0 0 1
vn 0 0 1
vn 0 0 1
vn 0 0 1
vn 1 0 0
vn 1 0 0
vn 1 0 0
vn 1 0 0
vn 1 0 0
vn 1 0 0
vn 1 0 0
vn 1 0 0
vn 1 0 0
vn 1 0 0
vn 1 0 0
vn 1 0 0
vn 0.2207478 -0.528213 -0.8199155
vn 0.2207478 -0.528213 -0.8199155
vn 0.2207478 -0.528213 -0.8199155
vn 0.2207478 -0.528213 -0.8199155
vn 0.2207478 -0.528213 0.8199155
vn 0.2207478 -0.528213 0.8199155
vn 0.2207478 -0.528213 0.8199155
vn 0.2207478 -0.528213 0.8199155
vn 0 0 1
vn 0 0 1
vn 0 -0.9156402 0.4019988
vn 0 0 1
vn 0 -1 0
vn 0 -1 0
vn 0 -1 0
vn 0 -0.9156402 0.4019988
vn 0.8945817 0 0.4469045
vn 0.3596207 -0.9156402 0.179655
vn 0.8945817 0 0.4469045
vn 0.8945817 0 0.4469045
vn 0 -1 0
vn 0 -1 0
vn 0.3596207 -0.9156402 0.179655
vn 0 -1 0
vn 0.8945817 0 0.4469045
vn 0.8945817 0 0.4469045
vn 0.8945817 0 0.4469045
vn 0.3596207 -0.9156402 0.179655
vn 0 -1 0
vn 0 -1 0
vn 0.3596207 -0.9156402 0.179655
vn 0 -1 0
vn 0.8934343 0 0.4491939
vn 0.3591595 -0.9156402 0.1805754
vn 0.8934343 0 0.4491939
vn 0.8934343 0 0.4491939
vn 0 -1 0
vn 0 -1 0
vn 0.3591595 -0.9156402 0.1805754
vn 0 -1 0
vn 1 0 0
vn 0.4019988 -0.9156402 0
vn 1 0 0
vn 1 0 0
vn 0 -1 0
vn 0.4019988 -0.9156402 0
vn 0 -1 0
vn 0 -1 0
vn -2.787508E-07 -1 1.159863E-06
vn -2.787507E-07 -1 1.159863E-06
vn -2.787508E-07 -1 1.159863E-06
vn -2.787508E-07 -1 1.159863E-06
vn 0.2538284 0 0.9672493
vn 0.2538284 0 0.9672493
vn 0.2538284 0 0.9672493
vn 0.2538284 0 0.9672493
vn 0.2207478 -0.528213 -0.8199155
vn 0.2207478 -0.528213 -0.8199155
vn 0.2207478 -0.528213 -0.8199155
vn 0.2207478 -0.528213 -0.8199155
vn 0.2207478 -0.528213 0.8199155
vn 0.2207478 -0.528213 0.8199155
vn 0.2207478 -0.528213 0.8199155
vn 0.2207478 -0.528213 0.8199155
vn 0.2207478 -0.528213 -0.8199155
vn 0.2207478 -0.528213 -0.8199155
vn 0.2207478 -0.528213 -0.8199155
vn 0.2207478 -0.528213 -0.8199155
vn 0.2207478 -0.528213 0.8199155
vn 0.2207478 -0.528213 0.8199155
vn 0.2207478 -0.528213 0.8199155
vn 0.2207478 -0.528213 0.8199155
vn 0.2207478 -0.528213 -0.8199155
vn 0.2207478 -0.528213 -0.8199155
vn 0.2207478 -0.528213 -0.8199155
vn 0.2207478 -0.528213 -0.8199155
vn 0.2207478 -0.528213 0.8199155
vn 0.2207478 -0.528213 0.8199155
vn 0.2207478 -0.528213 0.8199155
vn 0.2207478 -0.528213 0.8199155
vn 0.3815396 -0.4610157 -0.8011816
vn 0.3815396 -0.4610157 -0.8011816
vn 0.3815396 -0.4610157 -0.8011816
vn 0.3815396 -0.4610157 -0.8011816
vn 0.05995594 -0.5954102 0.8011816
vn 0.05995594 -0.5954102 0.8011816
vn 0.05995594 -0.5954102 0.8011816
vn 0.05995594 -0.5954102 0.8011816
vn 0.8103157 -0.2818241 -0.513774
vn 0.8103157 -0.2818241 -0.513774
vn 0.8103157 -0.2818241 -0.513774
vn 0.8103157 -0.2818241 -0.513774
vn -0.3688202 -0.7746018 0.5137739
vn -0.3688202 -0.7746018 0.5137739
vn -0.3688202 -0.7746018 0.5137739
vn -0.3688202 -0.7746018 0.5137739
vn 0.2207478 -0.528213 -0.8199155
vn 0.2207478 -0.528213 -0.8199155
vn 0.2207478 -0.528213 -0.8199155
vn 0.2207478 -0.528213 -0.8199155
vn 0.2207478 -0.528213 0.8199155
vn 0.2207478 -0.528213 0.8199155
vn 0.2207478 -0.528213 0.8199155
vn 0.2207478 -0.528213 0.8199155
vn 0.8199155 -0.528213 0.2207478
vn 0.8199155 -0.528213 0.2207478
vn 0.8199155 -0.528213 0.2207478
vn 0.8199155 -0.528213 0.2207478
vn -0.8199155 -0.528213 0.2207478
vn -0.8199155 -0.528213 0.2207478
vn -0.8199155 -0.528213 0.2207478
vn -0.8199155 -0.528213 0.2207478
vn 0.8199155 -0.528213 0.2207478
vn 0.8199155 -0.528213 0.2207478
vn 0.8199155 -0.528213 0.2207478
vn 0.8199155 -0.528213 0.2207478
vn -0.8199155 -0.528213 0.2207478
vn -0.8199155 -0.528213 0.2207478
vn -0.8199155 -0.528213 0.2207478
vn -0.8199155 -0.528213 0.2207478
vn 0.8199155 -0.528213 0.2207478
vn 0.8199155 -0.528213 0.2207478
vn 0.8199155 -0.528213 0.2207478
vn 0.8199155 -0.528213 0.2207478
vn -0.8199155 -0.528213 0.2207478
vn -0.8199155 -0.528213 0.2207478
vn -0.8199155 -0.528213 0.2207478
vn -0.8199155 -0.528213 0.2207478
vn 0.845916 -0.5282129 -0.07360153
vn 0.845916 -0.5282129 -0.07360153
vn 0.845916 -0.5282129 -0.07360153
vn 0.845916 -0.5282129 -0.07360153
vn -0.694617 -0.528213 0.4883628
vn -0.694617 -0.528213 0.4883628
vn -0.694617 -0.528213 0.4883628
vn -0.694617 -0.528213 0.4883628
vn 0 0 1
vn 0 0 1
vn 0 -0.9156402 0.4019988
vn 0 0 1
vn 0 -1 0
vn 0 -1 0
vn 0 -1 0
vn 0 -0.9156402 0.4019988
vn 0.8945817 0 0.4469045
vn 0.3596207 -0.9156402 0.179655
vn 0.8945817 0 0.4469045
vn 0.8945817 0 0.4469045
vn 0 -1 0
vn 0 -1 0
vn 0.3596207 -0.9156402 0.179655
vn 0 -1 0
vn 0.8945817 0 0.4469045
vn 0.8945817 0 0.4469045
vn 0.8945817 0 0.4469045
vn 0.3596207 -0.9156402 0.179655
vn 0 -1 0
vn 0 -1 0
vn 0.3596207 -0.9156402 0.179655
vn 0 -1 0
vn 0.8934343 0 0.4491939
vn 0.3591595 -0.9156402 0.1805754
vn 0.8934343 0 0.4491939
vn 0.8934343 0 0.4491939
vn 0 -1 0
vn 0 -1 0
vn 0.3591595 -0.9156402 0.1805754
vn 0 -1 0
vn 1 0 0
vn 0.4019988 -0.9156402 0
vn 1 0 0
vn 1 0 0
vn 0 -1 0
vn 0.4019988 -0.9156402 0
vn 0 -1 0
vn 0 -1 0
vn 0 -1 0
vn 0 -1 0
vn 0 -1 0
vn 0 -1 0
vn 0 -1 0
vn 0 -1 0
vn 0.2251869 0 0.9743156
vn 0.2407639 0 0.9705837
vn 0.2251869 0 0.9743156
vn 0.2407639 0 0.9705837
vn 0.2673211 0 0.9636075
vn 0.2673211 0 0.9636075
vn 0 0 1
vn 0 0 1
vn 0 -0.9156402 0.4019988
vn 0 0 1
vn 0 -1 0
vn 0 -1 0
vn 0 -1 0
vn 0 -0.9156402 0.4019988
vn 0.8945817 0 0.4469045
vn 0.3596207 -0.9156402 0.179655
vn 0.8945817 0 0.4469045
vn 0.8945817 0 0.4469045
vn 0 -1 0
vn 0 -1 0
vn 0.3596207 -0.9156402 0.179655
vn 0 -1 0
vn 0.8945817 0 0.4469045
vn 0.8945817 0 0.4469045
vn 0.8945817 0 0.4469045
vn 0.3596207 -0.9156402 0.179655
vn 0 -1 0
vn 0 -1 0
vn 0.3596207 -0.9156402 0.179655
vn 0 -1 0
vn 0.8934343 0 0.4491939
vn 0.3591595 -0.9156402 0.1805754
vn 0.8934343 0 0.4491939
vn 0.8934343 0 0.4491939
vn 0 -1 0
vn 0 -1 0
vn 0.3591595 -0.9156402 0.1805754
vn 0 -1 0
vn 1 0 0
vn 0.4019988 -0.9156402 0
vn 1 0 0
vn 1 0 0
vn 0 -1 0
vn 0.4019988 -0.9156402 0
vn 0 -1 0
vn 0 -1 0
vn 0 -1 0
vn 0 -1 0
vn 0 -1 0
vn 0 -1 0
vn 0 -1 0
vn 0 -1 0
vn 0.2251869 0 0.9743156
vn 0.2407639 0 0.9705837
vn 0.2251869 0 0.9743156
vn 0.2407639 0 0.9705837
vn 0.2673211 0 0.9636075
vn 0.2673211 0 0.9636075
vn 0.5338145 0.8455107 -0.01239276
vn 0.5338145 0.8455107 -0.01239276
vn 0.5338145 0.8455107 -0.01239276
vn 0.5338145 0.8455107 -0.01239276
vn 0.5193772 -0.7288439 0.4461322
vn 0.5193772 -0.7288439 0.4461322
vn 0.5193772 -0.7288439 0.4461322
vn 0.5193772 -0.7288439 0.4461322
vn 0.5338145 0.8455107 0.01239276
vn 0.5338145 0.8455107 0.01239276
vn 0.5338145 0.8455107 0.01239276
vn 0.5338145 0.8455107 0.01239276
vn 0.5193772 -0.7288439 -0.4461322
vn 0.5193772 -0.7288439 -0.4461322
vn 0.5193772 -0.7288439 -0.4461322
vn 0.5193772 -0.7288439 -0.4461322
vn 0.5338145 0.8455107 -0.01239276
vn 0.5338145 0.8455107 -0.01239276
vn 0.5338145 0.8455107 -0.01239276
vn 0.5338145 0.8455107 -0.01239276
vn 0.5193772 -0.7288439 0.4461322
vn 0.5193772 -0.7288439 0.4461322
vn 0.5193772 -0.7288439 0.4461322
vn 0.5193772 -0.7288439 0.4461322
vn 0.5338145 0.8455107 0.01239276
vn 0.5338145 0.8455107 0.01239276
vn 0.5338145 0.8455107 0.01239276
vn 0.5338145 0.8455107 0.01239276
vn 0.5193772 -0.7288439 -0.4461322
vn 0.5193772 -0.7288439 -0.4461322
vn 0.5193772 -0.7288439 -0.4461322
vn 0.5193772 -0.7288439 -0.4461322
vn 0.5338145 0.8455107 -0.01239276
vn 0.5338145 0.8455107 -0.01239276
vn 0.5338145 0.8455107 -0.01239276
vn 0.5338145 0.8455107 -0.01239276
vn 0.5193772 -0.7288439 0.4461322
vn 0.5193772 -0.7288439 0.4461322
vn 0.5193772 -0.7288439 0.4461322
vn 0.5193772 -0.7288439 0.4461322
vn 0.5338145 0.8455107 0.01239276
vn 0.5338145 0.8455107 0.01239276
vn 0.5338145 0.8455107 0.01239276
vn 0.5338145 0.8455107 0.01239276
vn 0.5193772 -0.7288439 -0.4461322
vn 0.5193772 -0.7288439 -0.4461322
vn 0.5193772 -0.7288439 -0.4461322
vn 0.5193772 -0.7288439 -0.4461322
vn 0.5338145 0.8455107 -0.01239276
vn 0.5338145 0.8455107 -0.01239276
vn 0.5338145 0.8455107 -0.01239276
vn 0.5338145 0.8455107 -0.01239276
vn 0.5193772 -0.7288439 0.4461322
vn 0.5193772 -0.7288439 0.4461322
vn 0.5193772 -0.7288439 0.4461322
vn 0.5193772 -0.7288439 0.4461322
vn 0.5338145 0.8455107 0.01239276
vn 0.5338145 0.8455107 0.01239276
vn 0.5338145 0.8455107 0.01239276
vn 0.5338145 0.8455107 0.01239276
vn 0.5193772 -0.7288439 -0.4461322
vn 0.5193772 -0.7288439 -0.4461322
vn 0.5193772 -0.7288439 -0.4461322
vn 0.5193772 -0.7288439 -0.4461322
vn 0.5338145 0.8455107 -0.01239276
vn 0.5338145 0.8455107 -0.01239276
vn 0.5338145 0.8455107 -0.01239276
vn 0.5338145 0.8455107 -0.01239276
vn 0.5193772 -0.7288439 0.4461322
vn 0.5193772 -0.7288439 0.4461322
vn 0.5193772 -0.7288439 0.4461322
vn 0.5193772 -0.7288439 0.4461322
vn 0.5338145 0.8455107 0.01239276
vn 0.5338145 0.8455107 0.01239276
vn 0.5338145 0.8455107 0.01239276
vn 0.5338145 0.8455107 0.01239276
vn 0.5193772 -0.7288439 -0.4461322
vn 0.5193772 -0.7288439 -0.4461322
vn 0.5193772 -0.7288439 -0.4461322
vn 0.5193772 -0.7288439 -0.4461322
vn 0.5338145 0.8455107 -0.01239276
vn 0.5338145 0.8455107 -0.01239276
vn 0.5338145 0.8455107 -0.01239276
vn 0.5338145 0.8455107 -0.01239276
vn 0.5193772 -0.7288439 0.4461322
vn 0.5193772 -0.7288439 0.4461322
vn 0.5193772 -0.7288439 0.4461322
vn 0.5193772 -0.7288439 0.4461322
vn 0.5338145 0.8455107 0.01239276
vn 0.5338145 0.8455107 0.01239276
vn 0.5338145 0.8455107 0.01239276
vn 0.5338145 0.8455107 0.01239276
vn 0.5193772 -0.7288439 -0.4461322
vn 0.5193772 -0.7288439 -0.4461322
vn 0.5193772 -0.7288439 -0.4461322
vn 0.5193772 -0.7288439 -0.4461322
vn 0.5338145 0.8455107 -0.01239276
vn 0.5338145 0.8455107 -0.01239276
vn 0.5338145 0.8455107 -0.01239276
vn 0.5338145 0.8455107 -0.01239276
vn 0.5193772 -0.7288439 0.4461322
vn 0.5193772 -0.7288439 0.4461322
vn 0.5193772 -0.7288439 0.4461322
vn 0.5193772 -0.7288439 0.4461322
vn 0.5338145 0.8455107 0.01239276
vn 0.5338145 0.8455107 0.01239276
vn 0.5338145 0.8455107 0.01239276
vn 0.5338145 0.8455107 0.01239276
vn 0.5193772 -0.7288439 -0.4461322
vn 0.5193772 -0.7288439 -0.4461322
vn 0.5193772 -0.7288439 -0.4461322
vn 0.5193772 -0.7288439 -0.4461322
vn 0.5338145 0.8455107 -0.01239276
vn 0.5338145 0.8455107 -0.01239276
vn 0.5338145 0.8455107 -0.01239276
vn 0.5338145 0.8455107 -0.01239276
vn 0.5193772 -0.7288439 0.4461322
vn 0.5193772 -0.7288439 0.4461322
vn 0.5193772 -0.7288439 0.4461322
vn 0.5193772 -0.7288439 0.4461322
vn 0.5338145 0.8455107 0.01239276
vn 0.5338145 0.8455107 0.01239276
vn 0.5338145 0.8455107 0.01239276
vn 0.5338145 0.8455107 0.01239276
vn 0.5193772 -0.7288439 -0.4461322
vn 0.5193772 -0.7288439 -0.4461322
vn 0.5193772 -0.7288439 -0.4461322
vn 0.5193772 -0.7288439 -0.4461322
vn 0.4945317 0.8455107 0.2013701
vn 0.4945317 0.8455107 0.2013701
vn 0.4945317 0.8455107 0.2013701
vn 0.4945317 0.8455107 0.2013701
vn 0.2985586 -0.7288439 0.6161571
vn 0.2985586 -0.7288439 0.6161571
vn 0.2985586 -0.7288439 0.6161571
vn 0.2985586 -0.7288439 0.6161571
vn 0.4846541 0.8455107 0.2241024
vn 0.4846541 0.8455107 0.2241024
vn 0.4846541 0.8455107 0.2241024
vn 0.4846541 0.8455107 0.2241024
vn 0.6541446 -0.7288438 -0.2021916
vn 0.6541446 -0.7288438 -0.2021916
vn 0.6541446 -0.7288438 -0.2021916
vn 0.6541446 -0.7288438 -0.2021916
vn 0.357563 0.8455107 0.3965604
vn 0.357563 0.8455107 0.3965604
vn 0.357563 0.8455107 0.3965604
vn 0.357563 0.8455107 0.3965604
vn 0.0005743217 -0.7288439 0.6846797
vn 0.0005743217 -0.7288439 0.6846797
vn 0.0005743217 -0.7288439 0.6846797
vn 0.0005743217 -0.7288439 0.6846797
vn 0.338775 0.8455107 0.4127263
vn 0.338775 0.8455107 0.4127263
vn 0.338775 0.8455107 0.4127263
vn 0.338775 0.8455107 0.4127263
vn 0.6769309 -0.7288439 0.1027194
vn 0.6769309 -0.7288439 0.1027194
vn 0.6769309 -0.7288439 0.1027194
vn 0.6769309 -0.7288439 0.1027194
vn 0.01239276 0.8455107 0.5338145
vn 0.01239276 0.8455107 0.5338145
vn 0.01239276 0.8455107 0.5338145
vn 0.01239276 0.8455107 0.5338145
vn -0.4461322 -0.7288439 0.5193772
vn -0.4461322 -0.7288439 0.5193772
vn -0.4461322 -0.7288439 0.5193772
vn -0.4461322 -0.7288439 0.5193772
vn -0.01239276 0.8455107 0.5338145
vn -0.01239276 0.8455107 0.5338145
vn -0.01239276 0.8455107 0.5338145
vn -0.01239276 0.8455107 0.5338145
vn 0.4461322 -0.7288439 0.5193772
vn 0.4461322 -0.7288439 0.5193772
vn 0.4461322 -0.7288439 0.5193772
vn 0.4461322 -0.7288439 0.5193772
vn 0.01239276 0.8455107 0.5338145
vn 0.01239276 0.8455107 0.5338145
vn 0.01239276 0.8455107 0.5338145
vn 0.01239276 0.8455107 0.5338145
vn -0.4461322 -0.7288439 0.5193772
vn -0.4461322 -0.7288439 0.5193772
vn -0.4461322 -0.7288439 0.5193772
vn -0.4461322 -0.7288439 0.5193772
vn -0.01239276 0.8455107 0.5338145
vn -0.01239276 0.8455107 0.5338145
vn -0.01239276 0.8455107 0.5338145
vn -0.01239276 0.8455107 0.5338145
vn 0.4461322 -0.7288439 0.5193772
vn 0.4461322 -0.7288439 0.5193772
vn 0.4461322 -0.7288439 0.5193772
vn 0.4461322 -0.7288439 0.5193772
vn 0.01239276 0.8455107 0.5338145
vn 0.01239276 0.8455107 0.5338145
vn 0.01239276 0.8455107 0.5338145
vn 0.01239276 0.8455107 0.5338145
vn -0.4461322 -0.7288439 0.5193772
vn -0.4461322 -0.7288439 0.5193772
vn -0.4461322 -0.7288439 0.5193772
vn -0.4461322 -0.7288439 0.5193772
vn -0.01239276 0.8455107 0.5338145
vn -0.01239276 0.8455107 0.5338145
vn -0.01239276 0.8455107 0.5338145
vn -0.01239276 0.8455107 0.5338145
vn 0.4461322 -0.7288439 0.5193772
vn 0.4461322 -0.7288439 0.5193772
vn 0.4461322 -0.7288439 0.5193772
vn 0.4461322 -0.7288439 0.5193772
vn 0.01239276 0.8455107 0.5338145
vn 0.01239276 0.8455107 0.5338145
vn 0.01239276 0.8455107 0.5338145
vn 0.01239276 0.8455107 0.5338145
vn -0.4461322 -0.7288439 0.5193772
vn -0.4461322 -0.7288439 0.5193772
vn -0.4461322 -0.7288439 0.5193772
vn -0.4461322 -0.7288439 0.5193772
vn -0.01239276 0.8455107 0.5338145
vn -0.01239276 0.8455107 0.5338145
vn -0.01239276 0.8455107 0.5338145
vn -0.01239276 0.8455107 0.5338145
vn 0.4461322 -0.7288439 0.5193772
vn 0.4461322 -0.7288439 0.5193772
vn 0.4461322 -0.7288439 0.5193772
vn 0.4461322 -0.7288439 0.5193772
vn 0.01239276 0.8455107 0.5338145
vn 0.01239276 0.8455107 0.5338145
vn 0.01239276 0.8455107 0.5338145
vn 0.01239276 0.8455107 0.5338145
vn -0.4461322 -0.7288439 0.5193772
vn -0.4461322 -0.7288439 0.5193772
vn -0.4461322 -0.7288439 0.5193772
vn -0.4461322 -0.7288439 0.5193772
vn -0.01239276 0.8455107 0.5338145
vn -0.01239276 0.8455107 0.5338145
vn -0.01239276 0.8455107 0.5338145
vn -0.01239276 0.8455107 0.5338145
vn 0.4461322 -0.7288439 0.5193772
vn 0.4461322 -0.7288439 0.5193772
vn 0.4461322 -0.7288439 0.5193772
vn 0.4461322 -0.7288439 0.5193772
vn 0.01239276 0.8455107 0.5338145
vn 0.01239276 0.8455107 0.5338145
vn 0.01239276 0.8455107 0.5338145
vn 0.01239276 0.8455107 0.5338145
vn -0.4461322 -0.7288439 0.5193772
vn -0.4461322 -0.7288439 0.5193772
vn -0.4461322 -0.7288439 0.5193772
vn -0.4461322 -0.7288439 0.5193772
vn -0.01239276 0.8455107 0.5338145
vn -0.01239276 0.8455107 0.5338145
vn -0.01239276 0.8455107 0.5338145
vn -0.01239276 0.8455107 0.5338145
vn 0.4461322 -0.7288439 0.5193772
vn 0.4461322 -0.7288439 0.5193772
vn 0.4461322 -0.7288439 0.5193772
vn 0.4461322 -0.7288439 0.5193772
vn 0.01239276 0.8455107 0.5338145
vn 0.01239276 0.8455107 0.5338145
vn 0.01239276 0.8455107 0.5338145
vn 0.01239276 0.8455107 0.5338145
vn -0.4461322 -0.7288439 0.5193772
vn -0.4461322 -0.7288439 0.5193772
vn -0.4461322 -0.7288439 0.5193772
vn -0.4461322 -0.7288439 0.5193772
vn -1 0 0
vn -1 0 0
vn -1 0 0
vn -1 0 0
vn -1 0 0
vn -1 0 0
vn -1 0 0
vn -1 0 0
vn -1 0 0
vn -1 0 0
vn -1 0 0
vn -1 0 0
vn -0.2207478 -0.528213 0.8199155
vn -0.2207478 -0.528213 0.8199155
vn -0.2207478 -0.528213 0.8199155
vn -0.2207478 -0.528213 0.8199155
vn -0.2207478 -0.528213 -0.8199155
vn -0.2207478 -0.528213 -0.8199155
vn -0.2207478 -0.528213 -0.8199155
vn -0.2207478 -0.528213 -0.8199155
vn 0 0 -1
vn 0 0 -1
vn 0 -0.9156402 -0.4019988
vn 0 0 -1
vn 0 -1 0
vn 0 -1 0
vn 0 -1 0
vn 0 -0.9156402 -0.4019988
vn -0.8945817 0 -0.4469045
vn -0.3596207 -0.9156402 -0.179655
vn -0.8945817 0 -0.4469045
vn -0.8945817 0 -0.4469045
vn 0 -1 0
vn 0 -1 0
vn -0.3596207 -0.9156402 -0.179655
vn 0 -1 0
vn -0.8945817 0 -0.4469045
vn -0.8945817 0 -0.4469045
vn -0.8945817 0 -0.4469045
vn -0.3596207 -0.9156402 -0.179655
vn 0 -1 0
vn 0 -1 0
vn -0.3596207 -0.9156402 -0.179655
vn 0 -1 0
vn -0.8934343 0 -0.4491939
vn -0.3591595 -0.9156402 -0.1805754
vn -0.8934343 0 -0.4491939
vn -0.8934343 0 -0.4491939
vn 0 -1 0
vn 0 -1 0
vn -0.3591595 -0.9156402 -0.1805754
vn 0 -1 0
vn -1 0 0
vn -0.4019988 -0.9156402 0
vn -1 0 0
vn -1 0 0
vn 0 -1 0
vn -0.4019988 -0.9156402 0
vn 0 -1 0
vn 0 -1 0
vn 2.787508E-07 -1 -1.159863E-06
vn 2.787507E-07 -1 -1.159863E-06
vn 2.787508E-07 -1 -1.159863E-06
vn 2.787508E-07 -1 -1.159863E-06
vn -0.2538284 0 -0.9672493
vn -0.2538284 0 -0.9672493
vn -0.2538284 0 -0.9672493
vn -0.2538284 0 -0.9672493
vn -0.2207478 -0.528213 0.8199155
vn -0.2207478 -0.528213 0.8199155
vn -0.2207478 -0.528213 0.8199155
vn -0.2207478 -0.528213 0.8199155
vn -0.2207478 -0.528213 -0.8199155
vn -0.2207478 -0.528213 -0.8199155
vn -0.2207478 -0.528213 -0.8199155
vn -0.2207478 -0.528213 -0.8199155
vn -0.2207478 -0.528213 0.8199155
vn -0.2207478 -0.528213 0.8199155
vn -0.2207478 -0.528213 0.8199155
vn -0.2207478 -0.528213 0.8199155
vn -0.2207478 -0.528213 -0.8199155
vn -0.2207478 -0.528213 -0.8199155
vn -0.2207478 -0.528213 -0.8199155
vn -0.2207478 -0.528213 -0.8199155
vn -0.2207478 -0.528213 0.8199155
vn -0.2207478 -0.528213 0.8199155
vn -0.2207478 -0.528213 0.8199155
vn -0.2207478 -0.528213 0.8199155
vn -0.2207478 -0.528213 -0.8199155
vn -0.2207478 -0.528213 -0.8199155
vn -0.2207478 -0.528213 -0.8199155
vn -0.2207478 -0.528213 -0.8199155
vn -0.3815396 -0.4610157 0.8011816
vn -0.3815396 -0.4610157 0.8011816
vn -0.3815396 -0.4610157 0.8011816
vn -0.3815396 -0.4610157 0.8011816
vn -0.05995594 -0.5954102 -0.8011816
vn -0.05995594 -0.5954102 -0.8011816
vn -0.05995594 -0.5954102 -0.8011816
vn -0.05995594 -0.5954102 -0.8011816
vn -0.8103157 -0.2818241 0.513774
vn -0.8103157 -0.2818241 0.513774
vn -0.8103157 -0.2818241 0.513774
vn -0.8103157 -0.2818241 0.513774
vn 0.3688202 -0.7746018 -0.5137739
vn 0.3688202 -0.7746018 -0.5137739
vn 0.3688202 -0.7746018 -0.5137739
vn 0.3688202 -0.7746018 -0.5137739
vn -0.2207478 -0.528213 0.8199155
vn -0.2207478 -0.528213 0.8199155
vn -0.2207478 -0.528213 0.8199155
vn -0.2207478 -0.528213 0.8199155
vn -0.2207478 -0.528213 -0.8199155
vn -0.2207478 -0.528213 -0.8199155
vn -0.2207478 -0.528213 -0.8199155
vn -0.2207478 -0.528213 -0.8199155
vn -0.8199155 -0.528213 -0.2207478
vn -0.8199155 -0.528213 -0.2207478
vn -0.8199155 -0.528213 -0.2207478
vn -0.8199155 -0.528213 -0.2207478
vn 0.8199155 -0.528213 -0.2207478
vn 0.8199155 -0.528213 -0.2207478
vn 0.8199155 -0.528213 -0.2207478
vn 0.8199155 -0.528213 -0.2207478
vn -0.8199155 -0.528213 -0.2207478
vn -0.8199155 -0.528213 -0.2207478
vn -0.8199155 -0.528213 -0.2207478
vn -0.8199155 -0.528213 -0.2207478
vn 0.8199155 -0.528213 -0.2207478
vn 0.8199155 -0.528213 -0.2207478
vn 0.8199155 -0.528213 -0.2207478
vn 0.8199155 -0.528213 -0.2207478
vn -0.8199155 -0.528213 -0.2207478
vn -0.8199155 -0.528213 -0.2207478
vn -0.8199155 -0.528213 -0.2207478
vn -0.8199155 -0.528213 -0.2207478
vn 0.8199155 -0.528213 -0.2207478
vn 0.8199155 -0.528213 -0.2207478
vn 0.8199155 -0.528213 -0.2207478
vn 0.8199155 -0.528213 -0.2207478
vn -0.845916 -0.5282129 0.07360153
vn -0.845916 -0.5282129 0.07360153
vn -0.845916 -0.5282129 0.07360153
vn -0.845916 -0.5282129 0.07360153
vn 0.694617 -0.528213 -0.4883628
vn 0.694617 -0.528213 -0.4883628
vn 0.694617 -0.528213 -0.4883628
vn 0.694617 -0.528213 -0.4883628
vn 0 0 -1
vn 0 0 -1
vn 0 -0.9156402 -0.4019988
vn 0 0 -1
vn 0 -1 0
vn 0 -1 0
vn 0 -1 0
vn 0 -0.9156402 -0.4019988
vn -0.8945817 0 -0.4469045
vn -0.3596207 -0.9156402 -0.179655
vn -0.8945817 0 -0.4469045
vn -0.8945817 0 -0.4469045
vn 0 -1 0
vn 0 -1 0
vn -0.3596207 -0.9156402 -0.179655
vn 0 -1 0
vn -0.8945817 0 -0.4469045
vn -0.8945817 0 -0.4469045
vn -0.8945817 0 -0.4469045
vn -0.3596207 -0.9156402 -0.179655
vn 0 -1 0
vn 0 -1 0
vn -0.3596207 -0.9156402 -0.179655
vn 0 -1 0
vn -0.8934343 0 -0.4491939
vn -0.3591595 -0.9156402 -0.1805754
vn -0.8934343 0 -0.4491939
vn -0.8934343 0 -0.4491939
vn 0 -1 0
vn 0 -1 0
vn -0.3591595 -0.9156402 -0.1805754
vn 0 -1 0
vn -1 0 0
vn -0.4019988 -0.9156402 0
vn -1 0 0
vn -1 0 0
vn 0 -1 0
vn -0.4019988 -0.9156402 0
vn 0 -1 0
vn 0 -1 0
vn 0 -1 0
vn 0 -1 0
vn 0 -1 0
vn 0 -1 0
vn 0 -1 0
vn 0 -1 0
vn -0.2251869 0 -0.9743156
vn -0.2407639 0 -0.9705837
vn -0.2251869 0 -0.9743156
vn -0.2407639 0 -0.9705837
vn -0.2673211 0 -0.9636075
vn -0.2673211 0 -0.9636075
vn 0 0 -1
vn 0 0 -1
vn 0 -0.9156402 -0.4019988
vn 0 0 -1
vn 0 -1 0
vn 0 -1 0
vn 0 -1 0
vn 0 -0.9156402 -0.4019988
vn -0.8945817 0 -0.4469045
vn -0.3596207 -0.9156402 -0.179655
vn -0.8945817 0 -0.4469045
vn -0.8945817 0 -0.4469045
vn 0 -1 0
vn 0 -1 0
vn -0.3596207 -0.9156402 -0.179655
vn 0 -1 0
vn -0.8945817 0 -0.4469045
vn -0.8945817 0 -0.4469045
vn -0.8945817 0 -0.4469045
vn -0.3596207 -0.9156402 -0.179655
vn 0 -1 0
vn 0 -1 0
vn -0.3596207 -0.9156402 -0.179655
vn 0 -1 0
vn -0.8934343 0 -0.4491939
vn -0.3591595 -0.9156402 -0.1805754
vn -0.8934343 0 -0.4491939
vn -0.8934343 0 -0.4491939
vn 0 -1 0
vn 0 -1 0
vn -0.3591595 -0.9156402 -0.1805754
vn 0 -1 0
vn -1 0 0
vn -0.4019988 -0.9156402 0
vn -1 0 0
vn -1 0 0
vn 0 -1 0
vn -0.4019988 -0.9156402 0
vn 0 -1 0
vn 0 -1 0
vn 0 -1 0
vn 0 -1 0
vn 0 -1 0
vn 0 -1 0
vn 0 -1 0
vn 0 -1 0
vn -0.2251869 0 -0.9743156
vn -0.2407639 0 -0.9705837
vn -0.2251869 0 -0.9743156
vn -0.2407639 0 -0.9705837
vn -0.2673211 0 -0.9636075
vn -0.2673211 0 -0.9636075
vn -0.5338145 0.8455107 0.01239276
vn -0.5338145 0.8455107 0.01239276
vn -0.5338145 0.8455107 0.01239276
vn -0.5338145 0.8455107 0.01239276
vn -0.5193772 -0.7288439 -0.4461322
vn -0.5193772 -0.7288439 -0.4461322
vn -0.5193772 -0.7288439 -0.4461322
vn -0.5193772 -0.7288439 -0.4461322
vn -0.5338145 0.8455107 -0.01239276
vn -0.5338145 0.8455107 -0.01239276
vn -0.5338145 0.8455107 -0.01239276
vn -0.5338145 0.8455107 -0.01239276
vn -0.5193772 -0.7288439 0.4461322
vn -0.5193772 -0.7288439 0.4461322
vn -0.5193772 -0.7288439 0.4461322
vn -0.5193772 -0.7288439 0.4461322
vn -0.5338145 0.8455107 0.01239276
vn -0.5338145 0.8455107 0.01239276
vn -0.5338145 0.8455107 0.01239276
vn -0.5338145 0.8455107 0.01239276
vn -0.5193772 -0.7288439 -0.4461322
vn -0.5193772 -0.7288439 -0.4461322
vn -0.5193772 -0.7288439 -0.4461322
vn -0.5193772 -0.7288439 -0.4461322
vn -0.5338145 0.8455107 -0.01239276
vn -0.5338145 0.8455107 -0.01239276
vn -0.5338145 0.8455107 -0.01239276
vn -0.5338145 0.8455107 -0.01239276
vn -0.5193772 -0.7288439 0.4461322
vn -0.5193772 -0.7288439 0.4461322
vn -0.5193772 -0.7288439 0.4461322
vn -0.5193772 -0.7288439 0.4461322
vn -0.5338145 0.8455107 0.01239276
vn -0.5338145 0.8455107 0.01239276
vn -0.5338145 0.8455107 0.01239276
vn -0.5338145 0.8455107 0.01239276
vn -0.5193772 -0.7288439 -0.4461322
vn -0.5193772 -0.7288439 -0.4461322
vn -0.5193772 -0.7288439 -0.4461322
vn -0.5193772 -0.7288439 -0.4461322
vn -0.5338145 0.8455107 -0.01239276
vn -0.5338145 0.8455107 -0.01239276
vn -0.5338145 0.8455107 -0.01239276
vn -0.5338145 0.8455107 -0.01239276
vn -0.5193772 -0.7288439 0.4461322
vn -0.5193772 -0.7288439 0.4461322
vn -0.5193772 -0.7288439 0.4461322
vn -0.5193772 -0.7288439 0.4461322
vn -0.5338145 0.8455107 0.01239276
vn -0.5338145 0.8455107 0.01239276
vn -0.5338145 0.8455107 0.01239276
vn -0.5338145 0.8455107 0.01239276
vn -0.5193772 -0.7288439 -0.4461322
vn -0.5193772 -0.7288439 -0.4461322
vn -0.5193772 -0.7288439 -0.4461322
vn -0.5193772 -0.7288439 -0.4461322
vn -0.5338145 0.8455107 -0.01239276
vn -0.5338145 0.8455107 -0.01239276
vn -0.5338145 0.8455107 -0.01239276
vn -0.5338145 0.8455107 -0.01239276
vn -0.5193772 -0.7288439 0.4461322
vn -0.5193772 -0.7288439 0.4461322
vn -0.5193772 -0.7288439 0.4461322
vn -0.5193772 -0.7288439 0.4461322
vn -0.5338145 0.8455107 0.01239276
vn -0.5338145 0.8455107 0.01239276
vn -0.5338145 0.8455107 0.01239276
vn -0.5338145 0.8455107 0.01239276
vn -0.5193772 -0.7288439 -0.4461322
vn -0.5193772 -0.7288439 -0.4461322
vn -0.5193772 -0.7288439 -0.4461322
vn -0.5193772 -0.7288439 -0.4461322
vn -0.5338145 0.8455107 -0.01239276
vn -0.5338145 0.8455107 -0.01239276
vn -0.5338145 0.8455107 -0.01239276
vn -0.5338145 0.8455107 -0.01239276
vn -0.5193772 -0.7288439 0.4461322
vn -0.5193772 -0.7288439 0.4461322
vn -0.5193772 -0.7288439 0.4461322
vn -0.5193772 -0.7288439 0.4461322
vn -0.5338145 0.8455107 0.01239276
vn -0.5338145 0.8455107 0.01239276
vn -0.5338145 0.8455107 0.01239276
vn -0.5338145 0.8455107 0.01239276
vn -0.5193772 -0.7288439 -0.4461322
vn -0.5193772 -0.7288439 -0.4461322
vn -0.5193772 -0.7288439 -0.4461322
vn -0.5193772 -0.7288439 -0.4461322
vn -0.5338145 0.8455107 -0.01239276
vn -0.5338145 0.8455107 -0.01239276
vn -0.5338145 0.8455107 -0.01239276
vn -0.5338145 0.8455107 -0.01239276
vn -0.5193772 -0.7288439 0.4461322
vn -0.5193772 -0.7288439 0.4461322
vn -0.5193772 -0.7288439 0.4461322
vn -0.5193772 -0.7288439 0.4461322
vn -0.5338145 0.8455107 0.01239276
vn -0.5338145 0.8455107 0.01239276
vn -0.5338145 0.8455107 0.01239276
vn -0.5338145 0.8455107 0.01239276
vn -0.5193772 -0.7288439 -0.4461322
vn -0.5193772 -0.7288439 -0.4461322
vn -0.5193772 -0.7288439 -0.4461322
vn -0.5193772 -0.7288439 -0.4461322
vn -0.5338145 0.8455107 -0.01239276
vn -0.5338145 0.8455107 -0.01239276
vn -0.5338145 0.8455107 -0.01239276
vn -0.5338145 0.8455107 -0.01239276
vn -0.5193772 -0.7288439 0.4461322
vn -0.5193772 -0.7288439 0.4461322
vn -0.5193772 -0.7288439 0.4461322
vn -0.5193772 -0.7288439 0.4461322
vn -0.5338145 0.8455107 0.01239276
vn -0.5338145 0.8455107 0.01239276
vn -0.5338145 0.8455107 0.01239276
vn -0.5338145 0.8455107 0.01239276
vn -0.5193772 -0.7288439 -0.4461322
vn -0.5193772 -0.7288439 -0.4461322
vn -0.5193772 -0.7288439 -0.4461322
vn -0.5193772 -0.7288439 -0.4461322
vn -0.5338145 0.8455107 -0.01239276
vn -0.5338145 0.8455107 -0.01239276
vn -0.5338145 0.8455107 -0.01239276
vn -0.5338145 0.8455107 -0.01239276
vn -0.5193772 -0.7288439 0.4461322
vn -0.5193772 -0.7288439 0.4461322
vn -0.5193772 -0.7288439 0.4461322
vn -0.5193772 -0.7288439 0.4461322
vn -0.4945317 0.8455107 -0.2013701
vn -0.4945317 0.8455107 -0.2013701
vn -0.4945317 0.8455107 -0.2013701
vn -0.4945317 0.8455107 -0.2013701
vn -0.2985586 -0.7288439 -0.6161571
vn -0.2985586 -0.7288439 -0.6161571
vn -0.2985586 -0.7288439 -0.6161571
vn -0.2985586 -0.7288439 -0.6161571
vn -0.4846541 0.8455107 -0.2241024
vn -0.4846541 0.8455107 -0.2241024
vn -0.4846541 0.8455107 -0.2241024
vn -0.4846541 0.8455107 -0.2241024
vn -0.6541446 -0.7288438 0.2021916
vn -0.6541446 -0.7288438 0.2021916
vn -0.6541446 -0.7288438 0.2021916
vn -0.6541446 -0.7288438 0.2021916
vn -0.357563 0.8455107 -0.3965604
vn -0.357563 0.8455107 -0.3965604
vn -0.357563 0.8455107 -0.3965604
vn -0.357563 0.8455107 -0.3965604
vn -0.0005743217 -0.7288439 -0.6846797
vn -0.0005743217 -0.7288439 -0.6846797
vn -0.0005743217 -0.7288439 -0.6846797
vn -0.0005743217 -0.7288439 -0.6846797
vn -0.338775 0.8455107 -0.4127263
vn -0.338775 0.8455107 -0.4127263
vn -0.338775 0.8455107 -0.4127263
vn -0.338775 0.8455107 -0.4127263
vn -0.6769309 -0.7288439 -0.1027194
vn -0.6769309 -0.7288439 -0.1027194
vn -0.6769309 -0.7288439 -0.1027194
vn -0.6769309 -0.7288439 -0.1027194
vn -0.01239276 0.8455107 -0.5338145
vn -0.01239276 0.8455107 -0.5338145
vn -0.01239276 0.8455107 -0.5338145
vn -0.01239276 0.8455107 -0.5338145
vn 0.4461322 -0.7288439 -0.5193772
vn 0.4461322 -0.7288439 -0.5193772
vn 0.4461322 -0.7288439 -0.5193772
vn 0.4461322 -0.7288439 -0.5193772
vn 0.01239276 0.8455107 -0.5338145
vn 0.01239276 0.8455107 -0.5338145
vn 0.01239276 0.8455107 -0.5338145
vn 0.01239276 0.8455107 -0.5338145
vn -0.4461322 -0.7288439 -0.5193772
vn -0.4461322 -0.7288439 -0.5193772
vn -0.4461322 -0.7288439 -0.5193772
vn -0.4461322 -0.7288439 -0.5193772
vn -0.01239276 0.8455107 -0.5338145
vn -0.01239276 0.8455107 -0.5338145
vn -0.01239276 0.8455107 -0.5338145
vn -0.01239276 0.8455107 -0.5338145
vn 0.4461322 -0.7288439 -0.5193772
vn 0.4461322 -0.7288439 -0.5193772
vn 0.4461322 -0.7288439 -0.5193772
vn 0.4461322 -0.7288439 -0.5193772
vn 0.01239276 0.8455107 -0.5338145
vn 0.01239276 0.8455107 -0.5338145
vn 0.01239276 0.8455107 -0.5338145
vn 0.01239276 0.8455107 -0.5338145
vn -0.4461322 -0.7288439 -0.5193772
vn -0.4461322 -0.7288439 -0.5193772
vn -0.4461322 -0.7288439 -0.5193772
vn -0.4461322 -0.7288439 -0.5193772
vn -0.01239276 0.8455107 -0.5338145
vn -0.01239276 0.8455107 -0.5338145
vn -0.01239276 0.8455107 -0.5338145
vn -0.01239276 0.8455107 -0.5338145
vn 0.4461322 -0.7288439 -0.5193772
vn 0.4461322 -0.7288439 -0.5193772
vn 0.4461322 -0.7288439 -0.5193772
vn 0.4461322 -0.7288439 -0.5193772
vn 0.01239276 0.8455107 -0.5338145
vn 0.01239276 0.8455107 -0.5338145
vn 0.01239276 0.8455107 -0.5338145
vn 0.01239276 0.8455107 -0.5338145
vn -0.4461322 -0.7288439 -0.5193772
vn -0.4461322 -0.7288439 -0.5193772
vn -0.4461322 -0.7288439 -0.5193772
vn -0.4461322 -0.7288439 -0.5193772
vn -0.01239276 0.8455107 -0.5338145
vn -0.01239276 0.8455107 -0.5338145
vn -0.01239276 0.8455107 -0.5338145
vn -0.01239276 0.8455107 -0.5338145
vn 0.4461322 -0.7288439 -0.5193772
vn 0.4461322 -0.7288439 -0.5193772
vn 0.4461322 -0.7288439 -0.5193772
vn 0.4461322 -0.7288439 -0.5193772
vn 0.01239276 0.8455107 -0.5338145
vn 0.01239276 0.8455107 -0.5338145
vn 0.01239276 0.8455107 -0.5338145
vn 0.01239276 0.8455107 -0.5338145
vn -0.4461322 -0.7288439 -0.5193772
vn -0.4461322 -0.7288439 -0.5193772
vn -0.4461322 -0.7288439 -0.5193772
vn -0.4461322 -0.7288439 -0.5193772
vn -0.01239276 0.8455107 -0.5338145
vn -0.01239276 0.8455107 -0.5338145
vn -0.01239276 0.8455107 -0.5338145
vn -0.01239276 0.8455107 -0.5338145
vn 0.4461322 -0.7288439 -0.5193772
vn 0.4461322 -0.7288439 -0.5193772
vn 0.4461322 -0.7288439 -0.5193772
vn 0.4461322 -0.7288439 -0.5193772
vn 0.01239276 0.8455107 -0.5338145
vn 0.01239276 0.8455107 -0.5338145
vn 0.01239276 0.8455107 -0.5338145
vn 0.01239276 0.8455107 -0.5338145
vn -0.4461322 -0.7288439 -0.5193772
vn -0.4461322 -0.7288439 -0.5193772
vn -0.4461322 -0.7288439 -0.5193772
vn -0.4461322 -0.7288439 -0.5193772
vn -0.01239276 0.8455107 -0.5338145
vn -0.01239276 0.8455107 -0.5338145
vn -0.01239276 0.8455107 -0.5338145
vn -0.01239276 0.8455107 -0.5338145
vn 0.4461322 -0.7288439 -0.5193772
vn 0.4461322 -0.7288439 -0.5193772
vn 0.4461322 -0.7288439 -0.5193772
vn 0.4461322 -0.7288439 -0.5193772
vn 0.01239276 0.8455107 -0.5338145
vn 0.01239276 0.8455107 -0.5338145
vn 0.01239276 0.8455107 -0.5338145
vn 0.01239276 0.8455107 -0.5338145
vn -0.4461322 -0.7288439 -0.5193772
vn -0.4461322 -0.7288439 -0.5193772
vn -0.4461322 -0.7288439 -0.5193772
vn -0.4461322 -0.7288439 -0.5193772
vn -0.01239276 0.8455107 -0.5338145
vn -0.01239276 0.8455107 -0.5338145
vn -0.01239276 0.8455107 -0.5338145
vn -0.01239276 0.8455107 -0.5338145
vn 0.4461322 -0.7288439 -0.5193772
vn 0.4461322 -0.7288439 -0.5193772
vn 0.4461322 -0.7288439 -0.5193772
vn 0.4461322 -0.7288439 -0.5193772
vn -1 0 0
vn -1 0 0
vn -1 0 0
vn -1 0 0
vn -1 0 0
vn -1 0 0
vn -1 0 0
vn -1 0 0
vn -1 0 0
vn -1 0 0
vn -1 0 0
vn -1 0 0
vn -0.2207478 -0.528213 -0.8199155
vn -0.2207478 -0.528213 -0.8199155
vn -0.2207478 -0.528213 -0.8199155
vn -0.2207478 -0.528213 -0.8199155
vn -0.2207478 -0.528213 0.8199155
vn -0.2207478 -0.528213 0.8199155
vn -0.2207478 -0.528213 0.8199155
vn -0.2207478 -0.528213 0.8199155
vn 0 0 1
vn 0 0 1
vn 0 -0.9156402 0.4019988
vn 0 0 1
vn 0 -1 0
vn 0 -0.9156402 0.4019988
vn 0 -1 0
vn 0 -1 0
vn -0.8945817 0 0.4469045
vn -0.8945817 0 0.4469045
vn -0.8945817 0 0.4469045
vn -0.3596207 -0.9156402 0.179655
vn 0 -1 0
vn 0 -1 0
vn -0.3596207 -0.9156402 0.179655
vn 0 -1 0
vn -0.8945817 0 0.4469045
vn -0.3596207 -0.9156402 0.179655
vn -0.8945817 0 0.4469045
vn -0.8945817 0 0.4469045
vn 0 -1 0
vn 0 -1 0
vn -0.3596207 -0.9156402 0.179655
vn 0 -1 0
vn -0.8934343 0 0.4491939
vn -0.8934343 0 0.4491939
vn -0.8934343 0 0.4491939
vn -0.3591595 -0.9156402 0.1805754
vn 0 -1 0
vn 0 -1 0
vn -0.3591595 -0.9156402 0.1805754
vn 0 -1 0
vn -1 0 0
vn -1 0 0
vn -1 0 0
vn -0.4019988 -0.9156402 0
vn 0 -1 0
vn 0 -1 0
vn 0 -1 0
vn -0.4019988 -0.9156402 0
vn 2.787509E-07 -1 8.994033E-07
vn 2.787509E-07 -1 8.994033E-07
vn 2.787509E-07 -1 8.994033E-07
vn 2.787509E-07 -1 8.994033E-07
vn -0.2538285 0 0.9672492
vn -0.2538285 0 0.9672492
vn -0.2538285 0 0.9672492
vn -0.2538285 0 0.9672492
vn -0.2207478 -0.528213 -0.8199155
vn -0.2207478 -0.528213 -0.8199155
vn -0.2207478 -0.528213 -0.8199155
vn -0.2207478 -0.528213 -0.8199155
vn -0.2207478 -0.528213 0.8199155
vn -0.2207478 -0.528213 0.8199155
vn -0.2207478 -0.528213 0.8199155
vn -0.2207478 -0.528213 0.8199155
vn -0.2207478 -0.528213 -0.8199155
vn -0.2207478 -0.528213 -0.8199155
vn -0.2207478 -0.528213 -0.8199155
vn -0.2207478 -0.528213 -0.8199155
vn -0.2207478 -0.528213 0.8199155
vn -0.2207478 -0.528213 0.8199155
vn -0.2207478 -0.528213 0.8199155
vn -0.2207478 -0.528213 0.8199155
vn -0.2207478 -0.528213 -0.8199155
vn -0.2207478 -0.528213 -0.8199155
vn -0.2207478 -0.528213 -0.8199155
vn -0.2207478 -0.528213 -0.8199155
vn -0.2207478 -0.528213 0.8199155
vn -0.2207478 -0.528213 0.8199155
vn -0.2207478 -0.528213 0.8199155
vn -0.2207478 -0.528213 0.8199155
vn -0.3815396 -0.4610157 -0.8011816
vn -0.3815396 -0.4610157 -0.8011816
vn -0.3815396 -0.4610157 -0.8011816
vn -0.3815396 -0.4610157 -0.8011816
vn -0.05995594 -0.5954102 0.8011816
vn -0.05995594 -0.5954102 0.8011816
vn -0.05995594 -0.5954102 0.8011816
vn -0.05995594 -0.5954102 0.8011816
vn -0.8103157 -0.2818241 -0.513774
vn -0.8103157 -0.2818241 -0.513774
vn -0.8103157 -0.2818241 -0.513774
vn -0.8103157 -0.2818241 -0.513774
vn 0.3688202 -0.7746018 0.5137739
vn 0.3688202 -0.7746018 0.5137739
vn 0.3688202 -0.7746018 0.5137739
vn 0.3688202 -0.7746018 0.5137739
vn -0.2207478 -0.528213 -0.8199155
vn -0.2207478 -0.528213 -0.8199155
vn -0.2207478 -0.528213 -0.8199155
vn -0.2207478 -0.528213 -0.8199155
vn -0.2207478 -0.528213 0.8199155
vn -0.2207478 -0.528213 0.8199155
vn -0.2207478 -0.528213 0.8199155
vn -0.2207478 -0.528213 0.8199155
vn -0.8199155 -0.528213 0.2207478
vn -0.8199155 -0.528213 0.2207478
vn -0.8199155 -0.528213 0.2207478
vn -0.8199155 -0.528213 0.2207478
vn 0.8199155 -0.528213 0.2207478
vn 0.8199155 -0.528213 0.2207478
vn 0.8199155 -0.528213 0.2207478
vn 0.8199155 -0.528213 0.2207478
vn -0.8199155 -0.528213 0.2207478
vn -0.8199155 -0.528213 0.2207478
vn -0.8199155 -0.528213 0.2207478
vn -0.8199155 -0.528213 0.2207478
vn 0.8199155 -0.528213 0.2207478
vn 0.8199155 -0.528213 0.2207478
vn 0.8199155 -0.528213 0.2207478
vn 0.8199155 -0.528213 0.2207478
vn -0.8199155 -0.528213 0.2207478
vn -0.8199155 -0.528213 0.2207478
vn -0.8199155 -0.528213 0.2207478
vn -0.8199155 -0.528213 0.2207478
vn 0.8199155 -0.528213 0.2207478
vn 0.8199155 -0.528213 0.2207478
vn 0.8199155 -0.528213 0.2207478
vn 0.8199155 -0.528213 0.2207478
vn -0.845916 -0.5282129 -0.07360153
vn -0.845916 -0.5282129 -0.07360153
vn -0.845916 -0.5282129 -0.07360153
vn -0.845916 -0.5282129 -0.07360153
vn 0.694617 -0.528213 0.4883628
vn 0.694617 -0.528213 0.4883628
vn 0.694617 -0.528213 0.4883628
vn 0.694617 -0.528213 0.4883628
vn 0 0 1
vn 0 0 1
vn 0 -0.9156402 0.4019988
vn 0 0 1
vn 0 -1 0
vn 0 -0.9156402 0.4019988
vn 0 -1 0
vn 0 -1 0
vn -0.8945817 0 0.4469045
vn -0.8945817 0 0.4469045
vn -0.8945817 0 0.4469045
vn -0.3596207 -0.9156402 0.179655
vn 0 -1 0
vn 0 -1 0
vn -0.3596207 -0.9156402 0.179655
vn 0 -1 0
vn -0.8945817 0 0.4469045
vn -0.3596207 -0.9156402 0.179655
vn -0.8945817 0 0.4469045
vn -0.8945817 0 0.4469045
vn 0 -1 0
vn 0 -1 0
vn -0.3596207 -0.9156402 0.179655
vn 0 -1 0
vn -0.8934343 0 0.4491939
vn -0.8934343 0 0.4491939
vn -0.8934343 0 0.4491939
vn -0.3591595 -0.9156402 0.1805754
vn 0 -1 0
vn 0 -1 0
vn -0.3591595 -0.9156402 0.1805754
vn 0 -1 0
vn -1 0 0
vn -1 0 0
vn -1 0 0
vn -0.4019988 -0.9156402 0
vn 0 -1 0
vn 0 -1 0
vn 0 -1 0
vn -0.4019988 -0.9156402 0
vn 0 -1 -6.070002E-07
vn 0 -1 -6.070002E-07
vn 0 -1 -2.739973E-07
vn 0 -1 -3.500423E-07
vn 0 -1 1.63201E-07
vn 0 -1 1.63201E-07
vn -0.2251869 0 0.9743156
vn -0.2251869 0 0.9743156
vn -0.2407639 0 0.9705837
vn -0.2407639 0 0.9705837
vn -0.2673211 0 0.9636075
vn -0.2673211 0 0.9636075
vn 0 0 1
vn 0 0 1
vn 0 -0.9156402 0.4019988
vn 0 0 1
vn 0 -1 0
vn 0 -0.9156402 0.4019988
vn 0 -1 0
vn 0 -1 0
vn -0.8945817 0 0.4469045
vn -0.8945817 0 0.4469045
vn -0.8945817 0 0.4469045
vn -0.3596207 -0.9156402 0.179655
vn 0 -1 0
vn 0 -1 0
vn -0.3596207 -0.9156402 0.179655
vn 0 -1 0
vn -0.8945817 0 0.4469045
vn -0.3596207 -0.9156402 0.179655
vn -0.8945817 0 0.4469045
vn -0.8945817 0 0.4469045
vn 0 -1 0
vn 0 -1 0
vn -0.3596207 -0.9156402 0.179655
vn 0 -1 0
vn -0.8934343 0 0.4491939
vn -0.8934343 0 0.4491939
vn -0.8934343 0 0.4491939
vn -0.3591595 -0.9156402 0.1805754
vn 0 -1 0
vn 0 -1 0
vn -0.3591595 -0.9156402 0.1805754
vn 0 -1 0
vn -1 0 0
vn -1 0 0
vn -1 0 0
vn -0.4019988 -0.9156402 0
vn 0 -1 0
vn 0 -1 0
vn 0 -1 0
vn -0.4019988 -0.9156402 0
vn 0 -1 0
vn 0 -1 0
vn 0 -1 6.847672E-07
vn 0 -1 5.294688E-07
vn 0 -1 1.57761E-06
vn 0 -1 1.57761E-06
vn -0.2251869 0 0.9743156
vn -0.2251869 0 0.9743156
vn -0.2407639 0 0.9705837
vn -0.2407639 0 0.9705837
vn -0.2673211 0 0.9636075
vn -0.2673211 0 0.9636075
vn -0.5338145 0.8455107 -0.01239276
vn -0.5338145 0.8455107 -0.01239276
vn -0.5338145 0.8455107 -0.01239276
vn -0.5338145 0.8455107 -0.01239276
vn -0.5193772 -0.7288439 0.4461322
vn -0.5193772 -0.7288439 0.4461322
vn -0.5193772 -0.7288439 0.4461322
vn -0.5193772 -0.7288439 0.4461322
vn -0.5338145 0.8455107 0.01239276
vn -0.5338145 0.8455107 0.01239276
vn -0.5338145 0.8455107 0.01239276
vn -0.5338145 0.8455107 0.01239276
vn -0.5193772 -0.7288439 -0.4461322
vn -0.5193772 -0.7288439 -0.4461322
vn -0.5193772 -0.7288439 -0.4461322
vn -0.5193772 -0.7288439 -0.4461322
vn -0.5338145 0.8455107 -0.01239276
vn -0.5338145 0.8455107 -0.01239276
vn -0.5338145 0.8455107 -0.01239276
vn -0.5338145 0.8455107 -0.01239276
vn -0.5193772 -0.7288439 0.4461322
vn -0.5193772 -0.7288439 0.4461322
vn -0.5193772 -0.7288439 0.4461322
vn -0.5193772 -0.7288439 0.4461322
vn -0.5338145 0.8455107 0.01239276
vn -0.5338145 0.8455107 0.01239276
vn -0.5338145 0.8455107 0.01239276
vn -0.5338145 0.8455107 0.01239276
vn -0.5193772 -0.7288439 -0.4461322
vn -0.5193772 -0.7288439 -0.4461322
vn -0.5193772 -0.7288439 -0.4461322
vn -0.5193772 -0.7288439 -0.4461322
vn -0.5338145 0.8455107 -0.01239276
vn -0.5338145 0.8455107 -0.01239276
vn -0.5338145 0.8455107 -0.01239276
vn -0.5338145 0.8455107 -0.01239276
vn -0.5193772 -0.7288439 0.4461322
vn -0.5193772 -0.7288439 0.4461322
vn -0.5193772 -0.7288439 0.4461322
vn -0.5193772 -0.7288439 0.4461322
vn -0.5338145 0.8455107 0.01239276
vn -0.5338145 0.8455107 0.01239276
vn -0.5338145 0.8455107 0.01239276
vn -0.5338145 0.8455107 0.01239276
vn -0.5193772 -0.7288439 -0.4461322
vn -0.5193772 -0.7288439 -0.4461322
vn -0.5193772 -0.7288439 -0.4461322
vn -0.5193772 -0.7288439 -0.4461322
vn -0.5338145 0.8455107 -0.01239276
vn -0.5338145 0.8455107 -0.01239276
vn -0.5338145 0.8455107 -0.01239276
vn -0.5338145 0.8455107 -0.01239276
vn -0.5193772 -0.7288439 0.4461322
vn -0.5193772 -0.7288439 0.4461322
vn -0.5193772 -0.7288439 0.4461322
vn -0.5193772 -0.7288439 0.4461322
vn -0.5338145 0.8455107 0.01239276
vn -0.5338145 0.8455107 0.01239276
vn -0.5338145 0.8455107 0.01239276
vn -0.5338145 0.8455107 0.01239276
vn -0.5193772 -0.7288439 -0.4461322
vn -0.5193772 -0.7288439 -0.4461322
vn -0.5193772 -0.7288439 -0.4461322
vn -0.5193772 -0.7288439 -0.4461322
vn -0.5338145 0.8455107 -0.01239276
vn -0.5338145 0.8455107 -0.01239276
vn -0.5338145 0.8455107 -0.01239276
vn -0.5338145 0.8455107 -0.01239276
vn -0.5193772 -0.7288439 0.4461322
vn -0.5193772 -0.7288439 0.4461322
vn -0.5193772 -0.7288439 0.4461322
vn -0.5193772 -0.7288439 0.4461322
vn -0.5338145 0.8455107 0.01239276
vn -0.5338145 0.8455107 0.01239276
vn -0.5338145 0.8455107 0.01239276
vn -0.5338145 0.8455107 0.01239276
vn -0.5193772 -0.7288439 -0.4461322
vn -0.5193772 -0.7288439 -0.4461322
vn -0.5193772 -0.7288439 -0.4461322
vn -0.5193772 -0.7288439 -0.4461322
vn -0.5338145 0.8455107 -0.01239276
vn -0.5338145 0.8455107 -0.01239276
vn -0.5338145 0.8455107 -0.01239276
vn -0.5338145 0.8455107 -0.01239276
vn -0.5193772 -0.7288439 0.4461322
vn -0.5193772 -0.7288439 0.4461322
vn -0.5193772 -0.7288439 0.4461322
vn -0.5193772 -0.7288439 0.4461322
vn -0.5338145 0.8455107 0.01239276
vn -0.5338145 0.8455107 0.01239276
vn -0.5338145 0.8455107 0.01239276
vn -0.5338145 0.8455107 0.01239276
vn -0.5193772 -0.7288439 -0.4461322
vn -0.5193772 -0.7288439 -0.4461322
vn -0.5193772 -0.7288439 -0.4461322
vn -0.5193772 -0.7288439 -0.4461322
vn -0.5338145 0.8455107 -0.01239276
vn -0.5338145 0.8455107 -0.01239276
vn -0.5338145 0.8455107 -0.01239276
vn -0.5338145 0.8455107 -0.01239276
vn -0.5193772 -0.7288439 0.4461322
vn -0.5193772 -0.7288439 0.4461322
vn -0.5193772 -0.7288439 0.4461322
vn -0.5193772 -0.7288439 0.4461322
vn -0.5338145 0.8455107 0.01239276
vn -0.5338145 0.8455107 0.01239276
vn -0.5338145 0.8455107 0.01239276
vn -0.5338145 0.8455107 0.01239276
vn -0.5193772 -0.7288439 -0.4461322
vn -0.5193772 -0.7288439 -0.4461322
vn -0.5193772 -0.7288439 -0.4461322
vn -0.5193772 -0.7288439 -0.4461322
vn -0.5338145 0.8455107 -0.01239276
vn -0.5338145 0.8455107 -0.01239276
vn -0.5338145 0.8455107 -0.01239276
vn -0.5338145 0.8455107 -0.01239276
vn -0.5193772 -0.7288439 0.4461322
vn -0.5193772 -0.7288439 0.4461322
vn -0.5193772 -0.7288439 0.4461322
vn -0.5193772 -0.7288439 0.4461322
vn -0.5338145 0.8455107 0.01239276
vn -0.5338145 0.8455107 0.01239276
vn -0.5338145 0.8455107 0.01239276
vn -0.5338145 0.8455107 0.01239276
vn -0.5193772 -0.7288439 -0.4461322
vn -0.5193772 -0.7288439 -0.4461322
vn -0.5193772 -0.7288439 -0.4461322
vn -0.5193772 -0.7288439 -0.4461322
vn -0.4945317 0.8455107 0.2013701
vn -0.4945317 0.8455107 0.2013701
vn -0.4945317 0.8455107 0.2013701
vn -0.4945317 0.8455107 0.2013701
vn -0.2985586 -0.7288439 0.6161571
vn -0.2985586 -0.7288439 0.6161571
vn -0.2985586 -0.7288439 0.6161571
vn -0.2985586 -0.7288439 0.6161571
vn -0.4846541 0.8455107 0.2241024
vn -0.4846541 0.8455107 0.2241024
vn -0.4846541 0.8455107 0.2241024
vn -0.4846541 0.8455107 0.2241024
vn -0.6541446 -0.7288438 -0.2021916
vn -0.6541446 -0.7288438 -0.2021916
vn -0.6541446 -0.7288438 -0.2021916
vn -0.6541446 -0.7288438 -0.2021916
vn -0.357563 0.8455107 0.3965604
vn -0.357563 0.8455107 0.3965604
vn -0.357563 0.8455107 0.3965604
vn -0.357563 0.8455107 0.3965604
vn -0.0005743217 -0.7288439 0.6846797
vn -0.0005743217 -0.7288439 0.6846797
vn -0.0005743217 -0.7288439 0.6846797
vn -0.0005743217 -0.7288439 0.6846797
vn -0.338775 0.8455107 0.4127263
vn -0.338775 0.8455107 0.4127263
vn -0.338775 0.8455107 0.4127263
vn -0.338775 0.8455107 0.4127263
vn -0.6769309 -0.7288439 0.1027194
vn -0.6769309 -0.7288439 0.1027194
vn -0.6769309 -0.7288439 0.1027194
vn -0.6769309 -0.7288439 0.1027194
vn -0.01239276 0.8455107 0.5338145
vn -0.01239276 0.8455107 0.5338145
vn -0.01239276 0.8455107 0.5338145
vn -0.01239276 0.8455107 0.5338145
vn 0.4461322 -0.7288439 0.5193772
vn 0.4461322 -0.7288439 0.5193772
vn 0.4461322 -0.7288439 0.5193772
vn 0.4461322 -0.7288439 0.5193772
vn 0.01239276 0.8455107 0.5338145
vn 0.01239276 0.8455107 0.5338145
vn 0.01239276 0.8455107 0.5338145
vn 0.01239276 0.8455107 0.5338145
vn -0.4461322 -0.7288439 0.5193772
vn -0.4461322 -0.7288439 0.5193772
vn -0.4461322 -0.7288439 0.5193772
vn -0.4461322 -0.7288439 0.5193772
vn -0.01239276 0.8455107 0.5338145
vn -0.01239276 0.8455107 0.5338145
vn -0.01239276 0.8455107 0.5338145
vn -0.01239276 0.8455107 0.5338145
vn 0.4461322 -0.7288439 0.5193772
vn 0.4461322 -0.7288439 0.5193772
vn 0.4461322 -0.7288439 0.5193772
vn 0.4461322 -0.7288439 0.5193772
vn 0.01239276 0.8455107 0.5338145
vn 0.01239276 0.8455107 0.5338145
vn 0.01239276 0.8455107 0.5338145
vn 0.01239276 0.8455107 0.5338145
vn -0.4461322 -0.7288439 0.5193772
vn -0.4461322 -0.7288439 0.5193772
vn -0.4461322 -0.7288439 0.5193772
vn -0.4461322 -0.7288439 0.5193772
vn -0.01239276 0.8455107 0.5338145
vn -0.01239276 0.8455107 0.5338145
vn -0.01239276 0.8455107 0.5338145
vn -0.01239276 0.8455107 0.5338145
vn 0.4461322 -0.7288439 0.5193772
vn 0.4461322 -0.7288439 0.5193772
vn 0.4461322 -0.7288439 0.5193772
vn 0.4461322 -0.7288439 0.5193772
vn 0.01239276 0.8455107 0.5338145
vn 0.01239276 0.8455107 0.5338145
vn 0.01239276 0.8455107 0.5338145
vn 0.01239276 0.8455107 0.5338145
vn -0.4461322 -0.7288439 0.5193772
vn -0.4461322 -0.7288439 0.5193772
vn -0.4461322 -0.7288439 0.5193772
vn -0.4461322 -0.7288439 0.5193772
vn -0.01239276 0.8455107 0.5338145
vn -0.01239276 0.8455107 0.5338145
vn -0.01239276 0.8455107 0.5338145
vn -0.01239276 0.8455107 0.5338145
vn 0.4461322 -0.7288439 0.5193772
vn 0.4461322 -0.7288439 0.5193772
vn 0.4461322 -0.7288439 0.5193772
vn 0.4461322 -0.7288439 0.5193772
vn 0.01239276 0.8455107 0.5338145
vn 0.01239276 0.8455107 0.5338145
vn 0.01239276 0.8455107 0.5338145
vn 0.01239276 0.8455107 0.5338145
vn -0.4461322 -0.7288439 0.5193772
vn -0.4461322 -0.7288439 0.5193772
vn -0.4461322 -0.7288439 0.5193772
vn -0.4461322 -0.7288439 0.5193772
vn -0.01239276 0.8455107 0.5338145
vn -0.01239276 0.8455107 0.5338145
vn -0.01239276 0.8455107 0.5338145
vn -0.01239276 0.8455107 0.5338145
vn 0.4461322 -0.7288439 0.5193772
vn 0.4461322 -0.7288439 0.5193772
vn 0.4461322 -0.7288439 0.5193772
vn 0.4461322 -0.7288439 0.5193772
vn 0.01239276 0.8455107 0.5338145
vn 0.01239276 0.8455107 0.5338145
vn 0.01239276 0.8455107 0.5338145
vn 0.01239276 0.8455107 0.5338145
vn -0.4461322 -0.7288439 0.5193772
vn -0.4461322 -0.7288439 0.5193772
vn -0.4461322 -0.7288439 0.5193772
vn -0.4461322 -0.7288439 0.5193772
vn -0.01239276 0.8455107 0.5338145
vn -0.01239276 0.8455107 0.5338145
vn -0.01239276 0.8455107 0.5338145
vn -0.01239276 0.8455107 0.5338145
vn 0.4461322 -0.7288439 0.5193772
vn 0.4461322 -0.7288439 0.5193772
vn 0.4461322 -0.7288439 0.5193772
vn 0.4461322 -0.7288439 0.5193772
vn 0.01239276 0.8455107 0.5338145
vn 0.01239276 0.8455107 0.5338145
vn 0.01239276 0.8455107 0.5338145
vn 0.01239276 0.8455107 0.5338145
vn -0.4461322 -0.7288439 0.5193772
vn -0.4461322 -0.7288439 0.5193772
vn -0.4461322 -0.7288439 0.5193772
vn -0.4461322 -0.7288439 0.5193772
vn -0.01239276 0.8455107 0.5338145
vn -0.01239276 0.8455107 0.5338145
vn -0.01239276 0.8455107 0.5338145
vn -0.01239276 0.8455107 0.5338145
vn 0.4461322 -0.7288439 0.5193772
vn 0.4461322 -0.7288439 0.5193772
vn 0.4461322 -0.7288439 0.5193772
vn 0.4461322 -0.7288439 0.5193772
vn -0.1535167 0.9881224 0.006830262
vn 0.07678458 0.9970412 -0.003609992
vn -0.3033585 0.9527809 0.01349702
vn 0.07678458 0.9970412 -0.003609992
vn 0.04590388 6.192374E-07 0.9989459
vn 0.8707281 0.4902364 -0.03874042
vn 0.04590388 6.192374E-07 0.9989459
vn -0.3033585 0.9527809 0.01349702
vn 0.07699873 0.9970236 -0.003861786
vn 0.07699873 0.9970236 -0.003861786
vn -0.1535167 0.9881224 0.006830262
vn -0.04590278 0 -0.9989459
vn 0.8707281 0.4902364 -0.03874042
vn -0.04590278 0 -0.9989459
vn -0.04589879 0 -0.9989461
vn -0.03059915 0 -0.9995317
vn -0.04589879 0 -0.9989461
vn -0.04444801 0 -0.9990116
vn -0.04444801 0 -0.9990116
vn 0.04591545 0 0.9989454
vn 0.04591545 0 0.9989454
vn 0.05634198 0.01056002 0.9983557
vn 0.05990194 0.03170241 0.9977008
vn 0.05990194 0.03170241 0.9977008
vn 0.04590388 6.192374E-07 0.9989459
vn 0.04590388 6.192374E-07 0.9989459
vn 0.04590388 6.192374E-07 0.9989459
vn 0.04590388 6.192374E-07 0.9989459
vn 0.9987791 1.994502E-06 -0.04939858
vn 0.9987791 1.994502E-06 -0.04939858
vn 0.9987791 1.994502E-06 -0.04939858
vn 0.9987791 1.994502E-06 -0.04939858
vn 0.9925473 0.1209283 -0.01503519
vn 0.9932228 0.1074966 -0.04419045
vn 0.9932228 0.1074966 -0.04419045
vn 0.9909164 0.122174 -0.05619729
vn 0.9909164 0.122174 -0.05619729
vn 0.9932228 0.1074966 -0.04419045
vn 0.9876053 0.1232115 -0.09723521
vn 0.9876053 0.1232115 -0.09723521
vn 0.04526902 0.001725287 0.9989734
vn 0.04526902 0.001725287 0.9989734
vn 0.04444801 0 0.9990116
vn 0.04444801 0 0.9990116
vn 0.9987798 -1.994473E-06 -0.04938396
vn 0.9987798 -1.994473E-06 -0.04938396
vn 0.9987798 -1.994473E-06 -0.04938396
vn 0.9987798 -1.994473E-06 -0.04938396
vn -0.04444801 0 -0.9990116
vn -0.04444801 0 -0.9990116
vn -0.04509237 0.001544236 -0.9989815
vn -0.04509237 0.001544236 -0.9989815
vn -0.04444801 0 -0.9990116
vn -0.04590278 0 -0.9989459
vn -0.04590278 0 -0.9989459
vn -0.04590278 0 -0.9989459
vn 0.4728518 0.8810547 -0.01239994
vn 0.4728518 0.8810547 -0.01239994
vn 0.4728518 0.8810547 -0.01239994
vn 0.4728518 0.8810547 -0.01239994
vn 0.4728469 0.8810574 -0.01239617
vn 0.4728469 0.8810574 -0.01239617
vn 0.4728469 0.8810574 -0.01239617
vn 0.4728469 0.8810574 -0.01239617
vn 0.3963031 0.9148392 0.07754438
vn 0.3963031 0.9148392 0.07754438
vn 0.3963031 0.9148392 0.07754438
vn 0.3963031 0.9148392 0.07754438
vn 0 1 0
vn 0 1 0
vn -2.408831E-07 1 4.965339E-07
vn -2.408831E-07 1 4.965339E-07
vn 0.3873818 0.9156034 -0.1077308
vn 0.3873818 0.9156034 -0.1077308
vn 0.3873818 0.9156034 -0.1077308
vn 0.3873818 0.9156034 -0.1077308
vn 0 1 0
vn 0 1 0
vn 0 1 0
vn 0 1 0
vn -0.9287849 0.363437 0.07260939
vn -0.9287849 0.363437 0.07260939
vn -0.9300861 0.3638266 0.05069301
vn -0.9300861 0.3638266 0.05069301
vn -0.9300861 0.3638266 0.05069301
vn -0.9300861 0.3638266 0.05069301
vn -0.9990116 0 0.044448
vn -0.9990116 0 0.044448
vn -0.1536686 0.9881224 0
vn 0.07686915 0.9970412 -0.0001935029
vn -0.3036586 0.9527809 0
vn 0.07686915 0.9970412 -0.0001935029
vn 0.001457349 6.192373E-07 0.9999989
vn 0.8715895 0.4902365 0
vn 0.001457349 6.192373E-07 0.9999989
vn -0.3036586 0.9527809 0
vn 0.07709426 0.9970236 -0.0004355302
vn 0.07709426 0.9970236 -0.0004355302
vn -0.1536686 0.9881224 0
vn -0.001456248 0 -0.9999989
vn 0.8715895 0.4902365 0
vn -0.001456248 0 -0.9999989
vn -0.001452257 0 -0.9999989
vn 0.0138583 0 -0.999904
vn -0.001452257 0 -0.9999989
vn 0 0 -1
vn 0 0 -1
vn 0.001468932 0 0.9999989
vn 0.001468932 0 0.9999989
vn 0.01191137 0.01056002 0.9998733
vn 0.01549692 0.03170241 0.9993773
vn 0.01549692 0.03170241 0.9993773
vn 0.001457349 6.192373E-07 0.9999989
vn 0.001457349 6.192373E-07 0.9999989
vn 0.001457349 6.192373E-07 0.9999989
vn 0.001457349 6.192373E-07 0.9999989
vn 0.9999877 1.994502E-06 -0.004956016
vn 0.9999877 1.994502E-06 -0.004956016
vn 0.9999877 1.994502E-06 -0.004956016
vn 0.9999877 1.994502E-06 -0.004956016
vn 0.9922347 0.1209283 0.02909643
vn 0.9942054 0.1074966 0
vn 0.9942054 0.1074966 0
vn 0.9924349 0.122174 -0.01209749
vn 0.9924349 0.122174 -0.01209749
vn 0.9942054 0.1074966 0
vn 0.9909512 0.1232115 -0.05324203
vn 0.9909512 0.1232115 -0.05324203
vn 0.0008218943 0.001725287 0.9999982
vn 0.0008218943 0.001725287 0.9999982
vn 0 0 1
vn 0 0 1
vn 0.9999878 -1.994473E-06 -0.00494138
vn 0.9999878 -1.994473E-06 -0.00494138
vn 0.9999878 -1.994473E-06 -0.00494138
vn 0.9999878 -1.994473E-06 -0.00494138
vn 0 0 -1
vn 0 0 -1
vn -0.0006450498 0.001544236 -0.9999987
vn -0.0006450498 0.001544236 -0.9999987
vn 0 0 -1
vn -0.001456248 0 -0.9999989
vn -0.001456248 0 -0.9999989
vn -0.001456248 0 -0.9999989
vn 0.4729356 0.8810548 0.008629638
vn 0.4729356 0.8810548 0.008629638
vn 0.4729356 0.8810548 0.008629638
vn 0.4729356 0.8810548 0.008629638
vn 0.4729305 0.8810574 0.008633184
vn 0.4729305 0.8810574 0.008633184
vn 0.4729305 0.8810574 0.008633184
vn 0.4729305 0.8810574 0.008633184
vn 0.3924647 0.9148391 0.09508263
vn 0.3924647 0.9148391 0.09508263
vn 0.3924647 0.9148391 0.09508263
vn 0.3924647 0.9148391 0.09508263
vn 0 1 0
vn 0 1 0
vn -2.62715E-07 1 4.853364E-07
vn -2.62715E-07 1 4.853364E-07
vn 0.3917874 0.9156034 -0.09040596
vn 0.3917874 0.9156034 -0.09040596
vn 0.3917874 0.9156034 -0.09040596
vn 0.3917874 0.9156034 -0.09040596
vn 0 1 0
vn 0 1 0
vn 0 1 0
vn 0 1 0
vn -0.9310943 0.363437 0.03125501
vn -0.9310943 0.363437 0.03125501
vn -0.9314202 0.3638267 0.009302438
vn -0.9314202 0.3638267 0.009302438
vn -0.9314202 0.3638267 0.009302438
vn -0.9314202 0.3638267 0.009302438
vn -1 0 0
vn -1 0 0
vn 0 0.9881224 0.1536686
vn -0.0001935029 0.9970412 -0.07686915
vn 0 0.9527809 0.3036586
vn -0.0001935029 0.9970412 -0.07686915
vn 0.9999989 6.192373E-07 -0.001457349
vn 0 0.4902365 -0.8715895
vn 0.9999989 6.192373E-07 -0.001457349
vn 0 0.9527809 0.3036586
vn -0.0004355302 0.9970236 -0.07709426
vn -0.0004355302 0.9970236 -0.07709426
vn 0 0.9881224 0.1536686
vn -0.9999989 0 0.001456248
vn 0 0.4902365 -0.8715895
vn -0.9999989 0 0.001456248
vn -0.9999989 0 0.001452257
vn -0.999904 0 -0.0138583
vn -0.9999989 0 0.001452257
vn -1 0 0
vn -1 0 0
vn 0.9999989 0 -0.001468932
vn 0.9999989 0 -0.001468932
vn 0.9998733 0.01056002 -0.01191137
vn 0.9993773 0.03170241 -0.01549692
vn 0.9993773 0.03170241 -0.01549692
vn 0.9999989 6.192373E-07 -0.001457349
vn 0.9999989 6.192373E-07 -0.001457349
vn 0.9999989 6.192373E-07 -0.001457349
vn 0.9999989 6.192373E-07 -0.001457349
vn -0.004956016 1.994502E-06 -0.9999877
vn -0.004956016 1.994502E-06 -0.9999877
vn -0.004956016 1.994502E-06 -0.9999877
vn -0.004956016 1.994502E-06 -0.9999877
vn 0.02909643 0.1209283 -0.9922347
vn 0 0.1074966 -0.9942054
vn 0 0.1074966 -0.9942054
vn -0.01209749 0.122174 -0.9924349
vn -0.01209749 0.122174 -0.9924349
vn 0 0.1074966 -0.9942054
vn -0.05324203 0.1232115 -0.9909512
vn -0.05324203 0.1232115 -0.9909512
vn 0.9999982 0.001725287 -0.0008218943
vn 0.9999982 0.001725287 -0.0008218943
vn 1 0 0
vn 1 0 0
vn -0.00494138 -1.994473E-06 -0.9999878
vn -0.00494138 -1.994473E-06 -0.9999878
vn -0.00494138 -1.994473E-06 -0.9999878
vn -0.00494138 -1.994473E-06 -0.9999878
vn -1 0 0
vn -1 0 0
vn -0.9999987 0.001544236 0.0006450498
vn -0.9999987 0.001544236 0.0006450498
vn -1 0 0
vn -0.9999989 0 0.001456248
vn -0.9999989 0 0.001456248
vn -0.9999989 0 0.001456248
vn 0.008629638 0.8810548 -0.4729356
vn 0.008629638 0.8810548 -0.4729356
vn 0.008629638 0.8810548 -0.4729356
vn 0.008629638 0.8810548 -0.4729356
vn 0.008633184 0.8810574 -0.4729305
vn 0.008633184 0.8810574 -0.4729305
vn 0.008633184 0.8810574 -0.4729305
vn 0.008633184 0.8810574 -0.4729305
vn 0.09508263 0.9148391 -0.3924647
vn 0.09508263 0.9148391 -0.3924647
vn 0.09508263 0.9148391 -0.3924647
vn 0.09508263 0.9148391 -0.3924647
vn 0 1 0
vn 0 1 0
vn 4.853364E-07 1 2.62715E-07
vn 4.853364E-07 1 2.62715E-07
vn -0.09040596 0.9156034 -0.3917874
vn -0.09040596 0.9156034 -0.3917874
vn -0.09040596 0.9156034 -0.3917874
vn -0.09040596 0.9156034 -0.3917874
vn 0 1 0
vn 0 1 0
vn 0 1 0
vn 0 1 0
vn 0.03125501 0.363437 0.9310943
vn 0.03125501 0.363437 0.9310943
vn 0.009302438 0.3638267 0.9314202
vn 0.009302438 0.3638267 0.9314202
vn 0.009302438 0.3638267 0.9314202
vn 0.009302438 0.3638267 0.9314202
vn 0 0 1
vn 0 0 1
vn 0 0.9881224 0.1536686
vn -0.0001935029 0.9970412 -0.07686915
vn 0 0.9527809 0.3036586
vn -0.0001935029 0.9970412 -0.07686915
vn 0.9999989 6.192373E-07 -0.001457349
vn 0 0.4902365 -0.8715895
vn 0.9999989 6.192373E-07 -0.001457349
vn 0 0.9527809 0.3036586
vn -0.0004355302 0.9970236 -0.07709426
vn -0.0004355302 0.9970236 -0.07709426
vn 0 0.9881224 0.1536686
vn -0.9999989 0 0.001456248
vn 0 0.4902365 -0.8715895
vn -0.9999989 0 0.001456248
vn -0.9999989 0 0.001452257
vn -0.999904 0 -0.0138583
vn -0.9999989 0 0.001452257
vn -1 0 0
vn -1 0 0
vn 0.9999989 0 -0.001468932
vn 0.9999989 0 -0.001468932
vn 0.9998733 0.01056002 -0.01191137
vn 0.9993773 0.03170241 -0.01549692
vn 0.9993773 0.03170241 -0.01549692
vn 0.9999989 6.192373E-07 -0.001457349
vn 0.9999989 6.192373E-07 -0.001457349
vn 0.9999989 6.192373E-07 -0.001457349
vn 0.9999989 6.192373E-07 -0.001457349
vn -0.004956016 1.994502E-06 -0.9999877
vn -0.004956016 1.994502E-06 -0.9999877
vn -0.004956016 1.994502E-06 -0.9999877
vn -0.004956016 1.994502E-06 -0.9999877
vn 0.02909643 0.1209283 -0.9922347
vn 0 0.1074966 -0.9942054
vn 0 0.1074966 -0.9942054
vn -0.01209749 0.122174 -0.9924349
vn -0.01209749 0.122174 -0.9924349
vn 0 0.1074966 -0.9942054
vn -0.05324203 0.1232115 -0.9909512
vn -0.05324203 0.1232115 -0.9909512
vn 0.9999982 0.001725287 -0.0008218943
vn 0.9999982 0.001725287 -0.0008218943
vn 1 0 0
vn 1 0 0
vn -0.00494138 -1.994473E-06 -0.9999878
vn -0.00494138 -1.994473E-06 -0.9999878
vn -0.00494138 -1.994473E-06 -0.9999878
vn -0.00494138 -1.994473E-06 -0.9999878
vn -1 0 0
vn -1 0 0
vn -0.9999987 0.001544236 0.0006450498
vn -0.9999987 0.001544236 0.0006450498
vn -1 0 0
vn -0.9999989 0 0.001456248
vn -0.9999989 0 0.001456248
vn -0.9999989 0 0.001456248
vn 0.008629638 0.8810548 -0.4729356
vn 0.008629638 0.8810548 -0.4729356
vn 0.008629638 0.8810548 -0.4729356
vn 0.008629638 0.8810548 -0.4729356
vn 0.008633184 0.8810574 -0.4729305
vn 0.008633184 0.8810574 -0.4729305
vn 0.008633184 0.8810574 -0.4729305
vn 0.008633184 0.8810574 -0.4729305
vn 0.09508263 0.9148391 -0.3924647
vn 0.09508263 0.9148391 -0.3924647
vn 0.09508263 0.9148391 -0.3924647
vn 0.09508263 0.9148391 -0.3924647
vn 0 1 0
vn 0 1 0
vn 4.853364E-07 1 2.62715E-07
vn 4.853364E-07 1 2.62715E-07
vn -0.09040596 0.9156034 -0.3917874
vn -0.09040596 0.9156034 -0.3917874
vn -0.09040596 0.9156034 -0.3917874
vn -0.09040596 0.9156034 -0.3917874
vn 0 1 0
vn 0 1 0
vn 0 1 0
vn 0 1 0
vn 0.03125501 0.363437 0.9310943
vn 0.03125501 0.363437 0.9310943
vn 0.009302438 0.3638267 0.9314202
vn 0.009302438 0.3638267 0.9314202
vn 0.009302438 0.3638267 0.9314202
vn 0.009302438 0.3638267 0.9314202
vn 0 0 1
vn 0 0 1
vn 0.1535167 0.9881224 0.006830262
vn 0.3033585 0.9527809 0.01349702
vn -0.07678458 0.9970412 -0.003609992
vn -0.07678458 0.9970412 -0.003609992
vn -0.04590388 6.192374E-07 0.9989459
vn -0.04590388 6.192374E-07 0.9989459
vn -0.8707281 0.4902364 -0.03874042
vn 0.3033585 0.9527809 0.01349702
vn 0.1535167 0.9881224 0.006830262
vn -0.07699873 0.9970236 -0.003861786
vn -0.07699873 0.9970236 -0.003861786
vn 0.04590278 0 -0.9989459
vn -0.8707281 0.4902364 -0.03874042
vn 0.04590278 0 -0.9989459
vn 0.04589879 0 -0.9989461
vn 0.04589879 0 -0.9989461
vn 0.03059915 0 -0.9995317
vn 0.04444801 0 -0.9990116
vn 0.04444801 0 -0.9990116
vn -0.04591545 0 0.9989454
vn -0.05634198 0.01056002 0.9983557
vn -0.04591545 0 0.9989454
vn -0.05990194 0.03170241 0.9977008
vn -0.05990194 0.03170241 0.9977008
vn -0.04590388 6.192374E-07 0.9989459
vn -0.04590388 6.192374E-07 0.9989459
vn -0.04590388 6.192374E-07 0.9989459
vn -0.04590388 6.192374E-07 0.9989459
vn -0.9987791 1.994502E-06 -0.04939858
vn -0.9987791 1.994502E-06 -0.04939858
vn -0.9987791 1.994502E-06 -0.04939858
vn -0.9987791 1.994502E-06 -0.04939858
vn -0.9925473 0.1209283 -0.01503519
vn -0.9909164 0.122174 -0.05619729
vn -0.9932228 0.1074966 -0.04419045
vn -0.9932228 0.1074966 -0.04419045
vn -0.9909164 0.122174 -0.05619729
vn -0.9876053 0.1232115 -0.09723521
vn -0.9876053 0.1232115 -0.09723521
vn -0.9932228 0.1074966 -0.04419045
vn -0.04526902 0.001725287 0.9989734
vn -0.04444801 0 0.9990116
vn -0.04444801 0 0.9990116
vn -0.04526902 0.001725287 0.9989734
vn -0.9987798 -1.994473E-06 -0.04938396
vn -0.9987798 -1.994473E-06 -0.04938396
vn -0.9987798 -1.994473E-06 -0.04938396
vn -0.9987798 -1.994473E-06 -0.04938396
vn 0.04444801 0 -0.9990116
vn 0.04509237 0.001544236 -0.9989815
vn 0.04509237 0.001544236 -0.9989815
vn 0.04444801 0 -0.9990116
vn 0.04444801 0 -0.9990116
vn 0.04590278 0 -0.9989459
vn 0.04590278 0 -0.9989459
vn 0.04590278 0 -0.9989459
vn -0.4728518 0.8810547 -0.01239994
vn -0.4728518 0.8810547 -0.01239994
vn -0.4728518 0.8810547 -0.01239994
vn -0.4728518 0.8810547 -0.01239994
vn -0.4728469 0.8810574 -0.01239617
vn -0.4728469 0.8810574 -0.01239617
vn -0.4728469 0.8810574 -0.01239617
vn -0.4728469 0.8810574 -0.01239617
vn -0.3963031 0.9148392 0.07754438
vn -0.3963031 0.9148392 0.07754438
vn -0.3963031 0.9148392 0.07754438
vn -0.3963031 0.9148392 0.07754438
vn 0 1 0
vn 2.408831E-07 1 4.965339E-07
vn 2.408831E-07 1 4.965339E-07
vn 0 1 0
vn -0.3873818 0.9156034 -0.1077308
vn -0.3873818 0.9156034 -0.1077308
vn -0.3873818 0.9156034 -0.1077308
vn -0.3873818 0.9156034 -0.1077308
vn 0 1 0
vn 0 1 0
vn 0 1 0
vn 0 1 0
vn 0.9287849 0.363437 0.07260939
vn 0.9300861 0.3638266 0.05069301
vn 0.9300861 0.3638266 0.05069301
vn 0.9287849 0.363437 0.07260939
vn 0.9300861 0.3638266 0.05069301
vn 0.9990116 0 0.044448
vn 0.9990116 0 0.044448
vn 0.9300861 0.3638266 0.05069301
vn 0.1536686 0.9881224 0
vn 0.3036586 0.9527809 0
vn -0.07686915 0.9970412 -0.0001935029
vn -0.07686915 0.9970412 -0.0001935029
vn -0.001457349 6.192373E-07 0.9999989
vn -0.001457349 6.192373E-07 0.9999989
vn -0.8715895 0.4902365 0
vn 0.3036586 0.9527809 0
vn 0.1536686 0.9881224 0
vn -0.07709426 0.9970236 -0.0004355302
vn -0.07709426 0.9970236 -0.0004355302
vn 0.001456248 0 -0.9999989
vn -0.8715895 0.4902365 0
vn 0.001456248 0 -0.9999989
vn 0.001452257 0 -0.9999989
vn 0.001452257 0 -0.9999989
vn -0.0138583 0 -0.999904
vn 0 0 -1
vn 0 0 -1
vn -0.001468932 0 0.9999989
vn -0.01191137 0.01056002 0.9998733
vn -0.001468932 0 0.9999989
vn -0.01549692 0.03170241 0.9993773
vn -0.01549692 0.03170241 0.9993773
vn -0.001457349 6.192373E-07 0.9999989
vn -0.001457349 6.192373E-07 0.9999989
vn -0.001457349 6.192373E-07 0.9999989
vn -0.001457349 6.192373E-07 0.9999989
vn -0.9999877 1.994502E-06 -0.004956016
vn -0.9999877 1.994502E-06 -0.004956016
vn -0.9999877 1.994502E-06 -0.004956016
vn -0.9999877 1.994502E-06 -0.004956016
vn -0.9922347 0.1209283 0.02909643
vn -0.9924349 0.122174 -0.01209749
vn -0.9942054 0.1074966 0
vn -0.9942054 0.1074966 0
vn -0.9924349 0.122174 -0.01209749
vn -0.9909512 0.1232115 -0.05324203
vn -0.9909512 0.1232115 -0.05324203
vn -0.9942054 0.1074966 0
vn -0.0008218943 0.001725287 0.9999982
vn 0 0 1
vn 0 0 1
vn -0.0008218943 0.001725287 0.9999982
vn -0.9999878 -1.994473E-06 -0.00494138
vn -0.9999878 -1.994473E-06 -0.00494138
vn -0.9999878 -1.994473E-06 -0.00494138
vn -0.9999878 -1.994473E-06 -0.00494138
vn 0 0 -1
vn 0.0006450498 0.001544236 -0.9999987
vn 0.0006450498 0.001544236 -0.9999987
vn 0 0 -1
vn 0 0 -1
vn 0.001456248 0 -0.9999989
vn 0.001456248 0 -0.9999989
vn 0.001456248 0 -0.9999989
vn -0.4729356 0.8810548 0.008629638
vn -0.4729356 0.8810548 0.008629638
vn -0.4729356 0.8810548 0.008629638
vn -0.4729356 0.8810548 0.008629638
vn -0.4729305 0.8810574 0.008633184
vn -0.4729305 0.8810574 0.008633184
vn -0.4729305 0.8810574 0.008633184
vn -0.4729305 0.8810574 0.008633184
vn -0.3924647 0.9148391 0.09508263
vn -0.3924647 0.9148391 0.09508263
vn -0.3924647 0.9148391 0.09508263
vn -0.3924647 0.9148391 0.09508263
vn 0 1 0
vn 2.62715E-07 1 4.853364E-07
vn 2.62715E-07 1 4.853364E-07
vn 0 1 0
vn -0.3917874 0.9156034 -0.09040596
vn -0.3917874 0.9156034 -0.09040596
vn -0.3917874 0.9156034 -0.09040596
vn -0.3917874 0.9156034 -0.09040596
vn 0 1 0
vn 0 1 0
vn 0 1 0
vn 0 1 0
vn 0.9310943 0.363437 0.03125501
vn 0.9314202 0.3638267 0.009302438
vn 0.9314202 0.3638267 0.009302438
vn 0.9310943 0.363437 0.03125501
vn 0.9314202 0.3638267 0.009302438
vn 1 0 0
vn 1 0 0
vn 0.9314202 0.3638267 0.009302438
vn 0 0.9881224 0.1536686
vn 0 0.9527809 0.3036586
vn 0.0001935029 0.9970412 -0.07686915
vn 0.0001935029 0.9970412 -0.07686915
vn -0.9999989 6.192373E-07 -0.001457349
vn -0.9999989 6.192373E-07 -0.001457349
vn 0 0.4902365 -0.8715895
vn 0 0.9527809 0.3036586
vn 0 0.9881224 0.1536686
vn 0.0004355302 0.9970236 -0.07709426
vn 0.0004355302 0.9970236 -0.07709426
vn 0.9999989 0 0.001456248
vn 0 0.4902365 -0.8715895
vn 0.9999989 0 0.001456248
vn 0.9999989 0 0.001452257
vn 0.9999989 0 0.001452257
vn 0.999904 0 -0.0138583
vn 1 0 0
vn 1 0 0
vn -0.9999989 0 -0.001468932
vn -0.9998733 0.01056002 -0.01191137
vn -0.9999989 0 -0.001468932
vn -0.9993773 0.03170241 -0.01549692
vn -0.9993773 0.03170241 -0.01549692
vn -0.9999989 6.192373E-07 -0.001457349
vn -0.9999989 6.192373E-07 -0.001457349
vn -0.9999989 6.192373E-07 -0.001457349
vn -0.9999989 6.192373E-07 -0.001457349
vn 0.004956016 1.994502E-06 -0.9999877
vn 0.004956016 1.994502E-06 -0.9999877
vn 0.004956016 1.994502E-06 -0.9999877
vn 0.004956016 1.994502E-06 -0.9999877
vn -0.02909643 0.1209283 -0.9922347
vn 0.01209749 0.122174 -0.9924349
vn 0 0.1074966 -0.9942054
vn 0 0.1074966 -0.9942054
vn 0.01209749 0.122174 -0.9924349
vn 0.05324203 0.1232115 -0.9909512
vn 0.05324203 0.1232115 -0.9909512
vn 0 0.1074966 -0.9942054
vn -0.9999982 0.001725287 -0.0008218943
vn -1 0 0
vn -1 0 0
vn -0.9999982 0.001725287 -0.0008218943
vn 0.00494138 -1.994473E-06 -0.9999878
vn 0.00494138 -1.994473E-06 -0.9999878
vn 0.00494138 -1.994473E-06 -0.9999878
vn 0.00494138 -1.994473E-06 -0.9999878
vn 1 0 0
vn 0.9999987 0.001544236 0.0006450498
vn 0.9999987 0.001544236 0.0006450498
vn 1 0 0
vn 1 0 0
vn 0.9999989 0 0.001456248
vn 0.9999989 0 0.001456248
vn 0.9999989 0 0.001456248
vn -0.008629638 0.8810548 -0.4729356
vn -0.008629638 0.8810548 -0.4729356
vn -0.008629638 0.8810548 -0.4729356
vn -0.008629638 0.8810548 -0.4729356
vn -0.008633184 0.8810574 -0.4729305
vn -0.008633184 0.8810574 -0.4729305
vn -0.008633184 0.8810574 -0.4729305
vn -0.008633184 0.8810574 -0.4729305
vn -0.09508263 0.9148391 -0.3924647
vn -0.09508263 0.9148391 -0.3924647
vn -0.09508263 0.9148391 -0.3924647
vn -0.09508263 0.9148391 -0.3924647
vn 0 1 0
vn -4.853364E-07 1 2.62715E-07
vn -4.853364E-07 1 2.62715E-07
vn 0 1 0
vn 0.09040596 0.9156034 -0.3917874
vn 0.09040596 0.9156034 -0.3917874
vn 0.09040596 0.9156034 -0.3917874
vn 0.09040596 0.9156034 -0.3917874
vn 0 1 0
vn 0 1 0
vn 0 1 0
vn 0 1 0
vn -0.03125501 0.363437 0.9310943
vn -0.009302438 0.3638267 0.9314202
vn -0.009302438 0.3638267 0.9314202
vn -0.03125501 0.363437 0.9310943
vn -0.009302438 0.3638267 0.9314202
vn 0 0 1
vn 0 0 1
vn -0.009302438 0.3638267 0.9314202
vn 0 0.9881224 0.1536686
vn 0 0.9527809 0.3036586
vn 0.0001935029 0.9970412 -0.07686915
vn 0.0001935029 0.9970412 -0.07686915
vn -0.9999989 6.192373E-07 -0.001457349
vn -0.9999989 6.192373E-07 -0.001457349
vn 0 0.4902365 -0.8715895
vn 0 0.9527809 0.3036586
vn 0 0.9881224 0.1536686
vn 0.0004355302 0.9970236 -0.07709426
vn 0.0004355302 0.9970236 -0.07709426
vn 0.9999989 0 0.001456248
vn 0 0.4902365 -0.8715895
vn 0.9999989 0 0.001456248
vn 0.9999989 0 0.001452257
vn 0.9999989 0 0.001452257
vn 0.999904 0 -0.0138583
vn 1 0 0
vn 1 0 0
vn -0.9999989 0 -0.001468932
vn -0.9998733 0.01056002 -0.01191137
vn -0.9999989 0 -0.001468932
vn -0.9993773 0.03170241 -0.01549692
vn -0.9993773 0.03170241 -0.01549692
vn -0.9999989 6.192373E-07 -0.001457349
vn -0.9999989 6.192373E-07 -0.001457349
vn -0.9999989 6.192373E-07 -0.001457349
vn -0.9999989 6.192373E-07 -0.001457349
vn 0.004956016 1.994502E-06 -0.9999877
vn 0.004956016 1.994502E-06 -0.9999877
vn 0.004956016 1.994502E-06 -0.9999877
vn 0.004956016 1.994502E-06 -0.9999877
vn -0.02909643 0.1209283 -0.9922347
vn 0.01209749 0.122174 -0.9924349
vn 0 0.1074966 -0.9942054
vn 0 0.1074966 -0.9942054
vn 0.01209749 0.122174 -0.9924349
vn 0.05324203 0.1232115 -0.9909512
vn 0.05324203 0.1232115 -0.9909512
vn 0 0.1074966 -0.9942054
vn -0.9999982 0.001725287 -0.0008218943
vn -1 0 0
vn -1 0 0
vn -0.9999982 0.001725287 -0.0008218943
vn 0.00494138 -1.994473E-06 -0.9999878
vn 0.00494138 -1.994473E-06 -0.9999878
vn 0.00494138 -1.994473E-06 -0.9999878
vn 0.00494138 -1.994473E-06 -0.9999878
vn 1 0 0
vn 0.9999987 0.001544236 0.0006450498
vn 0.9999987 0.001544236 0.0006450498
vn 1 0 0
vn 1 0 0
vn 0.9999989 0 0.001456248
vn 0.9999989 0 0.001456248
vn 0.9999989 0 0.001456248
vn -0.008629638 0.8810548 -0.4729356
vn -0.008629638 0.8810548 -0.4729356
vn -0.008629638 0.8810548 -0.4729356
vn -0.008629638 0.8810548 -0.4729356
vn -0.008633184 0.8810574 -0.4729305
vn -0.008633184 0.8810574 -0.4729305
vn -0.008633184 0.8810574 -0.4729305
vn -0.008633184 0.8810574 -0.4729305
vn -0.09508263 0.9148391 -0.3924647
vn -0.09508263 0.9148391 -0.3924647
vn -0.09508263 0.9148391 -0.3924647
vn -0.09508263 0.9148391 -0.3924647
vn 0 1 0
vn -4.853364E-07 1 2.62715E-07
vn -4.853364E-07 1 2.62715E-07
vn 0 1 0
vn 0.09040596 0.9156034 -0.3917874
vn 0.09040596 0.9156034 -0.3917874
vn 0.09040596 0.9156034 -0.3917874
vn 0.09040596 0.9156034 -0.3917874
vn 0 1 0
vn 0 1 0
vn 0 1 0
vn 0 1 0
vn -0.03125501 0.363437 0.9310943
vn -0.009302438 0.3638267 0.9314202
vn -0.009302438 0.3638267 0.9314202
vn -0.03125501 0.363437 0.9310943
vn -0.009302438 0.3638267 0.9314202
vn 0 0 1
vn 0 0 1
vn -0.009302438 0.3638267 0.9314202
vn -0.1535167 0.9881224 -0.006830262
vn -0.3033585 0.9527809 -0.01349702
vn 0.07678458 0.9970412 0.003609992
vn 0.07678458 0.9970412 0.003609992
vn 0.04590388 6.192374E-07 -0.9989459
vn 0.04590388 6.192374E-07 -0.9989459
vn 0.8707281 0.4902364 0.03874042
vn -0.3033585 0.9527809 -0.01349702
vn -0.1535167 0.9881224 -0.006830262
vn 0.07699873 0.9970236 0.003861786
vn 0.07699873 0.9970236 0.003861786
vn -0.04590278 0 0.9989459
vn 0.8707281 0.4902364 0.03874042
vn -0.04590278 0 0.9989459
vn -0.04589879 0 0.9989461
vn -0.04589879 0 0.9989461
vn -0.03059915 0 0.9995317
vn -0.04444801 0 0.9990116
vn -0.04444801 0 0.9990116
vn 0.04591545 0 -0.9989454
vn 0.05634198 0.01056002 -0.9983557
vn 0.04591545 0 -0.9989454
vn 0.05990194 0.03170241 -0.9977008
vn 0.05990194 0.03170241 -0.9977008
vn 0.04590388 6.192374E-07 -0.9989459
vn 0.04590388 6.192374E-07 -0.9989459
vn 0.04590388 6.192374E-07 -0.9989459
vn 0.04590388 6.192374E-07 -0.9989459
vn 0.9987791 1.994502E-06 0.04939858
vn 0.9987791 1.994502E-06 0.04939858
vn 0.9987791 1.994502E-06 0.04939858
vn 0.9987791 1.994502E-06 0.04939858
vn 0.9925473 0.1209283 0.01503519
vn 0.9909164 0.122174 0.05619729
vn 0.9932228 0.1074966 0.04419045
vn 0.9932228 0.1074966 0.04419045
vn 0.9909164 0.122174 0.05619729
vn 0.9876053 0.1232115 0.09723521
vn 0.9876053 0.1232115 0.09723521
vn 0.9932228 0.1074966 0.04419045
vn 0.04526902 0.001725287 -0.9989734
vn 0.04444801 0 -0.9990116
vn 0.04444801 0 -0.9990116
vn 0.04526902 0.001725287 -0.9989734
vn 0.9987798 -1.994473E-06 0.04938396
vn 0.9987798 -1.994473E-06 0.04938396
vn 0.9987798 -1.994473E-06 0.04938396
vn 0.9987798 -1.994473E-06 0.04938396
vn -0.04444801 0 0.9990116
vn -0.04509237 0.001544236 0.9989815
vn -0.04509237 0.001544236 0.9989815
vn -0.04444801 0 0.9990116
vn -0.04444801 0 0.9990116
vn -0.04590278 0 0.9989459
vn -0.04590278 0 0.9989459
vn -0.04590278 0 0.9989459
vn 0.4728518 0.8810547 0.01239994
vn 0.4728518 0.8810547 0.01239994
vn 0.4728518 0.8810547 0.01239994
vn 0.4728518 0.8810547 0.01239994
vn 0.4728469 0.8810574 0.01239617
vn 0.4728469 0.8810574 0.01239617
vn 0.4728469 0.8810574 0.01239617
vn 0.4728469 0.8810574 0.01239617
vn 0.3963031 0.9148392 -0.07754438
vn 0.3963031 0.9148392 -0.07754438
vn 0.3963031 0.9148392 -0.07754438
vn 0.3963031 0.9148392 -0.07754438
vn 0 1 0
vn -2.408831E-07 1 -4.965339E-07
vn -2.408831E-07 1 -4.965339E-07
vn 0 1 0
vn 0.3873818 0.9156034 0.1077308
vn 0.3873818 0.9156034 0.1077308
vn 0.3873818 0.9156034 0.1077308
vn 0.3873818 0.9156034 0.1077308
vn 0 1 0
vn 0 1 0
vn 0 1 0
vn 0 1 0
vn -0.9287849 0.363437 -0.07260939
vn -0.9300861 0.3638266 -0.05069301
vn -0.9300861 0.3638266 -0.05069301
vn -0.9287849 0.363437 -0.07260939
vn -0.9300861 0.3638266 -0.05069301
vn -0.9990116 0 -0.044448
vn -0.9990116 0 -0.044448
vn -0.9300861 0.3638266 -0.05069301
vn -0.1536686 0.9881224 0
vn -0.3036586 0.9527809 0
vn 0.07686915 0.9970412 0.0001935029
vn 0.07686915 0.9970412 0.0001935029
vn 0.001457349 6.192373E-07 -0.9999989
vn 0.001457349 6.192373E-07 -0.9999989
vn 0.8715895 0.4902365 0
vn -0.3036586 0.9527809 0
vn -0.1536686 0.9881224 0
vn 0.07709426 0.9970236 0.0004355302
vn 0.07709426 0.9970236 0.0004355302
vn -0.001456248 0 0.9999989
vn 0.8715895 0.4902365 0
vn -0.001456248 0 0.9999989
vn -0.001452257 0 0.9999989
vn -0.001452257 0 0.9999989
vn 0.0138583 0 0.999904
vn 0 0 1
vn 0 0 1
vn 0.001468932 0 -0.9999989
vn 0.01191137 0.01056002 -0.9998733
vn 0.001468932 0 -0.9999989
vn 0.01549692 0.03170241 -0.9993773
vn 0.01549692 0.03170241 -0.9993773
vn 0.001457349 6.192373E-07 -0.9999989
vn 0.001457349 6.192373E-07 -0.9999989
vn 0.001457349 6.192373E-07 -0.9999989
vn 0.001457349 6.192373E-07 -0.9999989
vn 0.9999877 1.994502E-06 0.004956016
vn 0.9999877 1.994502E-06 0.004956016
vn 0.9999877 1.994502E-06 0.004956016
vn 0.9999877 1.994502E-06 0.004956016
vn 0.9922347 0.1209283 -0.02909643
vn 0.9924349 0.122174 0.01209749
vn 0.9942054 0.1074966 0
vn 0.9942054 0.1074966 0
vn 0.9924349 0.122174 0.01209749
vn 0.9909512 0.1232115 0.05324203
vn 0.9909512 0.1232115 0.05324203
vn 0.9942054 0.1074966 0
vn 0.0008218943 0.001725287 -0.9999982
vn 0 0 -1
vn 0 0 -1
vn 0.0008218943 0.001725287 -0.9999982
vn 0.9999878 -1.994473E-06 0.00494138
vn 0.9999878 -1.994473E-06 0.00494138
vn 0.9999878 -1.994473E-06 0.00494138
vn 0.9999878 -1.994473E-06 0.00494138
vn 0 0 1
vn -0.0006450498 0.001544236 0.9999987
vn -0.0006450498 0.001544236 0.9999987
vn 0 0 1
vn 0 0 1
vn -0.001456248 0 0.9999989
vn -0.001456248 0 0.9999989
vn -0.001456248 0 0.9999989
vn 0.4729356 0.8810548 -0.008629638
vn 0.4729356 0.8810548 -0.008629638
vn 0.4729356 0.8810548 -0.008629638
vn 0.4729356 0.8810548 -0.008629638
vn 0.4729305 0.8810574 -0.008633184
vn 0.4729305 0.8810574 -0.008633184
vn 0.4729305 0.8810574 -0.008633184
vn 0.4729305 0.8810574 -0.008633184
vn 0.3924647 0.9148391 -0.09508263
vn 0.3924647 0.9148391 -0.09508263
vn 0.3924647 0.9148391 -0.09508263
vn 0.3924647 0.9148391 -0.09508263
vn 0 1 0
vn -2.62715E-07 1 -4.853364E-07
vn -2.62715E-07 1 -4.853364E-07
vn 0 1 0
vn 0.3917874 0.9156034 0.09040596
vn 0.3917874 0.9156034 0.09040596
vn 0.3917874 0.9156034 0.09040596
vn 0.3917874 0.9156034 0.09040596
vn 0 1 0
vn 0 1 0
vn 0 1 0
vn 0 1 0
vn -0.9310943 0.363437 -0.03125501
vn -0.9314202 0.3638267 -0.009302438
vn -0.9314202 0.3638267 -0.009302438
vn -0.9310943 0.363437 -0.03125501
vn -0.9314202 0.3638267 -0.009302438
vn -1 0 0
vn -1 0 0
vn -0.9314202 0.3638267 -0.009302438
vn 0 0.9881224 -0.1536686
vn 0 0.9527809 -0.3036586
vn -0.0001935029 0.9970412 0.07686915
vn -0.0001935029 0.9970412 0.07686915
vn 0.9999989 6.192373E-07 0.001457349
vn 0.9999989 6.192373E-07 0.001457349
vn 0 0.4902365 0.8715895
vn 0 0.9527809 -0.3036586
vn 0 0.9881224 -0.1536686
vn -0.0004355302 0.9970236 0.07709426
vn -0.0004355302 0.9970236 0.07709426
vn -0.9999989 0 -0.001456248
vn 0 0.4902365 0.8715895
vn -0.9999989 0 -0.001456248
vn -0.9999989 0 -0.001452257
vn -0.9999989 0 -0.001452257
vn -0.999904 0 0.0138583
vn -1 0 0
vn -1 0 0
vn 0.9999989 0 0.001468932
vn 0.9998733 0.01056002 0.01191137
vn 0.9999989 0 0.001468932
vn 0.9993773 0.03170241 0.01549692
vn 0.9993773 0.03170241 0.01549692
vn 0.9999989 6.192373E-07 0.001457349
vn 0.9999989 6.192373E-07 0.001457349
vn 0.9999989 6.192373E-07 0.001457349
vn 0.9999989 6.192373E-07 0.001457349
vn -0.004956016 1.994502E-06 0.9999877
vn -0.004956016 1.994502E-06 0.9999877
vn -0.004956016 1.994502E-06 0.9999877
vn -0.004956016 1.994502E-06 0.9999877
vn 0.02909643 0.1209283 0.9922347
vn -0.01209749 0.122174 0.9924349
vn 0 0.1074966 0.9942054
vn 0 0.1074966 0.9942054
vn -0.01209749 0.122174 0.9924349
vn -0.05324203 0.1232115 0.9909512
vn -0.05324203 0.1232115 0.9909512
vn 0 0.1074966 0.9942054
vn 0.9999982 0.001725287 0.0008218943
vn 1 0 0
vn 1 0 0
vn 0.9999982 0.001725287 0.0008218943
vn -0.00494138 -1.994473E-06 0.9999878
vn -0.00494138 -1.994473E-06 0.9999878
vn -0.00494138 -1.994473E-06 0.9999878
vn -0.00494138 -1.994473E-06 0.9999878
vn -1 0 0
vn -0.9999987 0.001544236 -0.0006450498
vn -0.9999987 0.001544236 -0.0006450498
vn -1 0 0
vn -1 0 0
vn -0.9999989 0 -0.001456248
vn -0.9999989 0 -0.001456248
vn -0.9999989 0 -0.001456248
vn 0.008629638 0.8810548 0.4729356
vn 0.008629638 0.8810548 0.4729356
vn 0.008629638 0.8810548 0.4729356
vn 0.008629638 0.8810548 0.4729356
vn 0.008633184 0.8810574 0.4729305
vn 0.008633184 0.8810574 0.4729305
vn 0.008633184 0.8810574 0.4729305
vn 0.008633184 0.8810574 0.4729305
vn 0.09508263 0.9148391 0.3924647
vn 0.09508263 0.9148391 0.3924647
vn 0.09508263 0.9148391 0.3924647
vn 0.09508263 0.9148391 0.3924647
vn 0 1 0
vn 4.853364E-07 1 -2.62715E-07
vn 4.853364E-07 1 -2.62715E-07
vn 0 1 0
vn -0.09040596 0.9156034 0.3917874
vn -0.09040596 0.9156034 0.3917874
vn -0.09040596 0.9156034 0.3917874
vn -0.09040596 0.9156034 0.3917874
vn 0 1 0
vn 0 1 0
vn 0 1 0
vn 0 1 0
vn 0.03125501 0.363437 -0.9310943
vn 0.009302438 0.3638267 -0.9314202
vn 0.009302438 0.3638267 -0.9314202
vn 0.03125501 0.363437 -0.9310943
vn 0.009302438 0.3638267 -0.9314202
vn 0 0 -1
vn 0 0 -1
vn 0.009302438 0.3638267 -0.9314202
vn 0 0.9881224 -0.1536686
vn 0 0.9527809 -0.3036586
vn -0.0001935029 0.9970412 0.07686915
vn -0.0001935029 0.9970412 0.07686915
vn 0.9999989 6.192373E-07 0.001457349
vn 0.9999989 6.192373E-07 0.001457349
vn 0 0.4902365 0.8715895
vn 0 0.9527809 -0.3036586
vn 0 0.9881224 -0.1536686
vn -0.0004355302 0.9970236 0.07709426
vn -0.0004355302 0.9970236 0.07709426
vn -0.9999989 0 -0.001456248
vn 0 0.4902365 0.8715895
vn -0.9999989 0 -0.001456248
vn -0.9999989 0 -0.001452257
vn -0.9999989 0 -0.001452257
vn -0.999904 0 0.0138583
vn -1 0 0
vn -1 0 0
vn 0.9999989 0 0.001468932
vn 0.9998733 0.01056002 0.01191137
vn 0.9999989 0 0.001468932
vn 0.9993773 0.03170241 0.01549692
vn 0.9993773 0.03170241 0.01549692
vn 0.9999989 6.192373E-07 0.001457349
vn 0.9999989 6.192373E-07 0.001457349
vn 0.9999989 6.192373E-07 0.001457349
vn 0.9999989 6.192373E-07 0.001457349
vn -0.004956016 1.994502E-06 0.9999877
vn -0.004956016 1.994502E-06 0.9999877
vn -0.004956016 1.994502E-06 0.9999877
vn -0.004956016 1.994502E-06 0.9999877
vn 0.02909643 0.1209283 0.9922347
vn -0.01209749 0.122174 0.9924349
vn 0 0.1074966 0.9942054
vn 0 0.1074966 0.9942054
vn -0.01209749 0.122174 0.9924349
vn -0.05324203 0.1232115 0.9909512
vn -0.05324203 0.1232115 0.9909512
vn 0 0.1074966 0.9942054
vn 0.9999982 0.001725287 0.0008218943
vn 1 0 0
vn 1 0 0
vn 0.9999982 0.001725287 0.0008218943
vn -0.00494138 -1.994473E-06 0.9999878
vn -0.00494138 -1.994473E-06 0.9999878
vn -0.00494138 -1.994473E-06 0.9999878
vn -0.00494138 -1.994473E-06 0.9999878
vn -1 0 0
vn -0.9999987 0.001544236 -0.0006450498
vn -0.9999987 0.001544236 -0.0006450498
vn -1 0 0
vn -1 0 0
vn -0.9999989 0 -0.001456248
vn -0.9999989 0 -0.001456248
vn -0.9999989 0 -0.001456248
vn 0.008629638 0.8810548 0.4729356
vn 0.008629638 0.8810548 0.4729356
vn 0.008629638 0.8810548 0.4729356
vn 0.008629638 0.8810548 0.4729356
vn 0.008633184 0.8810574 0.4729305
vn 0.008633184 0.8810574 0.4729305
vn 0.008633184 0.8810574 0.4729305
vn 0.008633184 0.8810574 0.4729305
vn 0.09508263 0.9148391 0.3924647
vn 0.09508263 0.9148391 0.3924647
vn 0.09508263 0.9148391 0.3924647
vn 0.09508263 0.9148391 0.3924647
vn 0 1 0
vn 4.853364E-07 1 -2.62715E-07
vn 4.853364E-07 1 -2.62715E-07
vn 0 1 0
vn -0.09040596 0.9156034 0.3917874
vn -0.09040596 0.9156034 0.3917874
vn -0.09040596 0.9156034 0.3917874
vn -0.09040596 0.9156034 0.3917874
vn 0 1 0
vn 0 1 0
vn 0 1 0
vn 0 1 0
vn 0.03125501 0.363437 -0.9310943
vn 0.009302438 0.3638267 -0.9314202
vn 0.009302438 0.3638267 -0.9314202
vn 0.03125501 0.363437 -0.9310943
vn 0.009302438 0.3638267 -0.9314202
vn 0 0 -1
vn 0 0 -1
vn 0.009302438 0.3638267 -0.9314202
vn 0.1535167 0.9881224 -0.006830262
vn -0.07678458 0.9970412 0.003609992
vn 0.3033585 0.9527809 -0.01349702
vn -0.07678458 0.9970412 0.003609992
vn -0.04590388 6.192374E-07 -0.9989459
vn -0.8707281 0.4902364 0.03874042
vn -0.04590388 6.192374E-07 -0.9989459
vn 0.3033585 0.9527809 -0.01349702
vn -0.07699873 0.9970236 0.003861786
vn -0.07699873 0.9970236 0.003861786
vn 0.1535167 0.9881224 -0.006830262
vn 0.04590278 0 0.9989459
vn -0.8707281 0.4902364 0.03874042
vn 0.04590278 0 0.9989459
vn 0.04589879 0 0.9989461
vn 0.03059915 0 0.9995317
vn 0.04589879 0 0.9989461
vn 0.04444801 0 0.9990116
vn 0.04444801 0 0.9990116
vn -0.04591545 0 -0.9989454
vn -0.04591545 0 -0.9989454
vn -0.05634198 0.01056002 -0.9983557
vn -0.05990194 0.03170241 -0.9977008
vn -0.05990194 0.03170241 -0.9977008
vn -0.04590388 6.192374E-07 -0.9989459
vn -0.04590388 6.192374E-07 -0.9989459
vn -0.04590388 6.192374E-07 -0.9989459
vn -0.04590388 6.192374E-07 -0.9989459
vn -0.9987791 1.994502E-06 0.04939858
vn -0.9987791 1.994502E-06 0.04939858
vn -0.9987791 1.994502E-06 0.04939858
vn -0.9987791 1.994502E-06 0.04939858
vn -0.9925473 0.1209283 0.01503519
vn -0.9932228 0.1074966 0.04419045
vn -0.9932228 0.1074966 0.04419045
vn -0.9909164 0.122174 0.05619729
vn -0.9909164 0.122174 0.05619729
vn -0.9932228 0.1074966 0.04419045
vn -0.9876053 0.1232115 0.09723521
vn -0.9876053 0.1232115 0.09723521
vn -0.04526902 0.001725287 -0.9989734
vn -0.04526902 0.001725287 -0.9989734
vn -0.04444801 0 -0.9990116
vn -0.04444801 0 -0.9990116
vn -0.9987798 -1.994473E-06 0.04938396
vn -0.9987798 -1.994473E-06 0.04938396
vn -0.9987798 -1.994473E-06 0.04938396
vn -0.9987798 -1.994473E-06 0.04938396
vn 0.04444801 0 0.9990116
vn 0.04444801 0 0.9990116
vn 0.04509237 0.001544236 0.9989815
vn 0.04509237 0.001544236 0.9989815
vn 0.04444801 0 0.9990116
vn 0.04590278 0 0.9989459
vn 0.04590278 0 0.9989459
vn 0.04590278 0 0.9989459
vn -0.4728518 0.8810547 0.01239994
vn -0.4728518 0.8810547 0.01239994
vn -0.4728518 0.8810547 0.01239994
vn -0.4728518 0.8810547 0.01239994
vn -0.4728469 0.8810574 0.01239617
vn -0.4728469 0.8810574 0.01239617
vn -0.4728469 0.8810574 0.01239617
vn -0.4728469 0.8810574 0.01239617
vn -0.3963031 0.9148392 -0.07754438
vn -0.3963031 0.9148392 -0.07754438
vn -0.3963031 0.9148392 -0.07754438
vn -0.3963031 0.9148392 -0.07754438
vn 0 1 0
vn 0 1 0
vn 2.408831E-07 1 -4.965339E-07
vn 2.408831E-07 1 -4.965339E-07
vn -0.3873818 0.9156034 0.1077308
vn -0.3873818 0.9156034 0.1077308
vn -0.3873818 0.9156034 0.1077308
vn -0.3873818 0.9156034 0.1077308
vn 0 1 0
vn 0 1 0
vn 0 1 0
vn 0 1 0
vn 0.9287849 0.363437 -0.07260939
vn 0.9287849 0.363437 -0.07260939
vn 0.9300861 0.3638266 -0.05069301
vn 0.9300861 0.3638266 -0.05069301
vn 0.9300861 0.3638266 -0.05069301
vn 0.9300861 0.3638266 -0.05069301
vn 0.9990116 0 -0.044448
vn 0.9990116 0 -0.044448
vn 0.1536686 0.9881224 0
vn -0.07686915 0.9970412 0.0001935029
vn 0.3036586 0.9527809 0
vn -0.07686915 0.9970412 0.0001935029
vn -0.001457349 6.192373E-07 -0.9999989
vn -0.8715895 0.4902365 0
vn -0.001457349 6.192373E-07 -0.9999989
vn 0.3036586 0.9527809 0
vn -0.07709426 0.9970236 0.0004355302
vn -0.07709426 0.9970236 0.0004355302
vn 0.1536686 0.9881224 0
vn 0.001456248 0 0.9999989
vn -0.8715895 0.4902365 0
vn 0.001456248 0 0.9999989
vn 0.001452257 0 0.9999989
vn -0.0138583 0 0.999904
vn 0.001452257 0 0.9999989
vn 0 0 1
vn 0 0 1
vn -0.001468932 0 -0.9999989
vn -0.001468932 0 -0.9999989
vn -0.01191137 0.01056002 -0.9998733
vn -0.01549692 0.03170241 -0.9993773
vn -0.01549692 0.03170241 -0.9993773
vn -0.001457349 6.192373E-07 -0.9999989
vn -0.001457349 6.192373E-07 -0.9999989
vn -0.001457349 6.192373E-07 -0.9999989
vn -0.001457349 6.192373E-07 -0.9999989
vn -0.9999877 1.994502E-06 0.004956016
vn -0.9999877 1.994502E-06 0.004956016
vn -0.9999877 1.994502E-06 0.004956016
vn -0.9999877 1.994502E-06 0.004956016
vn -0.9922347 0.1209283 -0.02909643
vn -0.9942054 0.1074966 0
vn -0.9942054 0.1074966 0
vn -0.9924349 0.122174 0.01209749
vn -0.9924349 0.122174 0.01209749
vn -0.9942054 0.1074966 0
vn -0.9909512 0.1232115 0.05324203
vn -0.9909512 0.1232115 0.05324203
vn -0.0008218943 0.001725287 -0.9999982
vn -0.0008218943 0.001725287 -0.9999982
vn 0 0 -1
vn 0 0 -1
vn -0.9999878 -1.994473E-06 0.00494138
vn -0.9999878 -1.994473E-06 0.00494138
vn -0.9999878 -1.994473E-06 0.00494138
vn -0.9999878 -1.994473E-06 0.00494138
vn 0 0 1
vn 0 0 1
vn 0.0006450498 0.001544236 0.9999987
vn 0.0006450498 0.001544236 0.9999987
vn 0 0 1
vn 0.001456248 0 0.9999989
vn 0.001456248 0 0.9999989
vn 0.001456248 0 0.9999989
vn -0.4729356 0.8810548 -0.008629638
vn -0.4729356 0.8810548 -0.008629638
vn -0.4729356 0.8810548 -0.008629638
vn -0.4729356 0.8810548 -0.008629638
vn -0.4729305 0.8810574 -0.008633184
vn -0.4729305 0.8810574 -0.008633184
vn -0.4729305 0.8810574 -0.008633184
vn -0.4729305 0.8810574 -0.008633184
vn -0.3924647 0.9148391 -0.09508263
vn -0.3924647 0.9148391 -0.09508263
vn -0.3924647 0.9148391 -0.09508263
vn -0.3924647 0.9148391 -0.09508263
vn 0 1 0
vn 0 1 0
vn 2.62715E-07 1 -4.853364E-07
vn 2.62715E-07 1 -4.853364E-07
vn -0.3917874 0.9156034 0.09040596
vn -0.3917874 0.9156034 0.09040596
vn -0.3917874 0.9156034 0.09040596
vn -0.3917874 0.9156034 0.09040596
vn 0 1 0
vn 0 1 0
vn 0 1 0
vn 0 1 0
vn 0.9310943 0.363437 -0.03125501
vn 0.9310943 0.363437 -0.03125501
vn 0.9314202 0.3638267 -0.009302438
vn 0.9314202 0.3638267 -0.009302438
vn 0.9314202 0.3638267 -0.009302438
vn 0.9314202 0.3638267 -0.009302438
vn 1 0 0
vn 1 0 0
vn 0 0.9881224 -0.1536686
vn 0.0001935029 0.9970412 0.07686915
vn 0 0.9527809 -0.3036586
vn 0.0001935029 0.9970412 0.07686915
vn -0.9999989 6.192373E-07 0.001457349
vn 0 0.4902365 0.8715895
vn -0.9999989 6.192373E-07 0.001457349
vn 0 0.9527809 -0.3036586
vn 0.0004355302 0.9970236 0.07709426
vn 0.0004355302 0.9970236 0.07709426
vn 0 0.9881224 -0.1536686
vn 0.9999989 0 -0.001456248
vn 0 0.4902365 0.8715895
vn 0.9999989 0 -0.001456248
vn 0.9999989 0 -0.001452257
vn 0.999904 0 0.0138583
vn 0.9999989 0 -0.001452257
vn 1 0 0
vn 1 0 0
vn -0.9999989 0 0.001468932
vn -0.9999989 0 0.001468932
vn -0.9998733 0.01056002 0.01191137
vn -0.9993773 0.03170241 0.01549692
vn -0.9993773 0.03170241 0.01549692
vn -0.9999989 6.192373E-07 0.001457349
vn -0.9999989 6.192373E-07 0.001457349
vn -0.9999989 6.192373E-07 0.001457349
vn -0.9999989 6.192373E-07 0.001457349
vn 0.004956016 1.994502E-06 0.9999877
vn 0.004956016 1.994502E-06 0.9999877
vn 0.004956016 1.994502E-06 0.9999877
vn 0.004956016 1.994502E-06 0.9999877
vn -0.02909643 0.1209283 0.9922347
vn 0 0.1074966 0.9942054
vn 0 0.1074966 0.9942054
vn 0.01209749 0.122174 0.9924349
vn 0.01209749 0.122174 0.9924349
vn 0 0.1074966 0.9942054
vn 0.05324203 0.1232115 0.9909512
vn 0.05324203 0.1232115 0.9909512
vn -0.9999982 0.001725287 0.0008218943
vn -0.9999982 0.001725287 0.0008218943
vn -1 0 0
vn -1 0 0
vn 0.00494138 -1.994473E-06 0.9999878
vn 0.00494138 -1.994473E-06 0.9999878
vn 0.00494138 -1.994473E-06 0.9999878
vn 0.00494138 -1.994473E-06 0.9999878
vn 1 0 0
vn 1 0 0
vn 0.9999987 0.001544236 -0.0006450498
vn 0.9999987 0.001544236 -0.0006450498
vn 1 0 0
vn 0.9999989 0 -0.001456248
vn 0.9999989 0 -0.001456248
vn 0.9999989 0 -0.001456248
vn -0.008629638 0.8810548 0.4729356
vn -0.008629638 0.8810548 0.4729356
vn -0.008629638 0.8810548 0.4729356
vn -0.008629638 0.8810548 0.4729356
vn -0.008633184 0.8810574 0.4729305
vn -0.008633184 0.8810574 0.4729305
vn -0.008633184 0.8810574 0.4729305
vn -0.008633184 0.8810574 0.4729305
vn -0.09508263 0.9148391 0.3924647
vn -0.09508263 0.9148391 0.3924647
vn -0.09508263 0.9148391 0.3924647
vn -0.09508263 0.9148391 0.3924647
vn 0 1 0
vn 0 1 0
vn -4.853364E-07 1 -2.62715E-07
vn -4.853364E-07 1 -2.62715E-07
vn 0.09040596 0.9156034 0.3917874
vn 0.09040596 0.9156034 0.3917874
vn 0.09040596 0.9156034 0.3917874
vn 0.09040596 0.9156034 0.3917874
vn 0 1 0
vn 0 1 0
vn 0 1 0
vn 0 1 0
vn -0.03125501 0.363437 -0.9310943
vn -0.03125501 0.363437 -0.9310943
vn -0.009302438 0.3638267 -0.9314202
vn -0.009302438 0.3638267 -0.9314202
vn -0.009302438 0.3638267 -0.9314202
vn -0.009302438 0.3638267 -0.9314202
vn 0 0 -1
vn 0 0 -1
vn 0 0.9881224 -0.1536686
vn 0.0001935029 0.9970412 0.07686915
vn 0 0.9527809 -0.3036586
vn 0.0001935029 0.9970412 0.07686915
vn -0.9999989 6.192373E-07 0.001457349
vn 0 0.4902365 0.8715895
vn -0.9999989 6.192373E-07 0.001457349
vn 0 0.9527809 -0.3036586
vn 0.0004355302 0.9970236 0.07709426
vn 0.0004355302 0.9970236 0.07709426
vn 0 0.9881224 -0.1536686
vn 0.9999989 0 -0.001456248
vn 0 0.4902365 0.8715895
vn 0.9999989 0 -0.001456248
vn 0.9999989 0 -0.001452257
vn 0.999904 0 0.0138583
vn 0.9999989 0 -0.001452257
vn 1 0 0
vn 1 0 0
vn -0.9999989 0 0.001468932
vn -0.9999989 0 0.001468932
vn -0.9998733 0.01056002 0.01191137
vn -0.9993773 0.03170241 0.01549692
vn -0.9993773 0.03170241 0.01549692
vn -0.9999989 6.192373E-07 0.001457349
vn -0.9999989 6.192373E-07 0.001457349
vn -0.9999989 6.192373E-07 0.001457349
vn -0.9999989 6.192373E-07 0.001457349
vn 0.004956016 1.994502E-06 0.9999877
vn 0.004956016 1.994502E-06 0.9999877
vn 0.004956016 1.994502E-06 0.9999877
vn 0.004956016 1.994502E-06 0.9999877
vn -0.02909643 0.1209283 0.9922347
vn 0 0.1074966 0.9942054
vn 0 0.1074966 0.9942054
vn 0.01209749 0.122174 0.9924349
vn 0.01209749 0.122174 0.9924349
vn 0 0.1074966 0.9942054
vn 0.05324203 0.1232115 0.9909512
vn 0.05324203 0.1232115 0.9909512
vn -0.9999982 0.001725287 0.0008218943
vn -0.9999982 0.001725287 0.0008218943
vn -1 0 0
vn -1 0 0
vn 0.00494138 -1.994473E-06 0.9999878
vn 0.00494138 -1.994473E-06 0.9999878
vn 0.00494138 -1.994473E-06 0.9999878
vn 0.00494138 -1.994473E-06 0.9999878
vn 1 0 0
vn 1 0 0
vn 0.9999987 0.001544236 -0.0006450498
vn 0.9999987 0.001544236 -0.0006450498
vn 1 0 0
vn 0.9999989 0 -0.001456248
vn 0.9999989 0 -0.001456248
vn 0.9999989 0 -0.001456248
vn -0.008629638 0.8810548 0.4729356
vn -0.008629638 0.8810548 0.4729356
vn -0.008629638 0.8810548 0.4729356
vn -0.008629638 0.8810548 0.4729356
vn -0.008633184 0.8810574 0.4729305
vn -0.008633184 0.8810574 0.4729305
vn -0.008633184 0.8810574 0.4729305
vn -0.008633184 0.8810574 0.4729305
vn -0.09508263 0.9148391 0.3924647
vn -0.09508263 0.9148391 0.3924647
vn -0.09508263 0.9148391 0.3924647
vn -0.09508263 0.9148391 0.3924647
vn 0 1 0
vn 0 1 0
vn -4.853364E-07 1 -2.62715E-07
vn -4.853364E-07 1 -2.62715E-07
vn 0.09040596 0.9156034 0.3917874
vn 0.09040596 0.9156034 0.3917874
vn 0.09040596 0.9156034 0.3917874
vn 0.09040596 0.9156034 0.3917874
vn 0 1 0
vn 0 1 0
vn 0 1 0
vn 0 1 0
vn -0.03125501 0.363437 -0.9310943
vn -0.03125501 0.363437 -0.9310943
vn -0.009302438 0.3638267 -0.9314202
vn -0.009302438 0.3638267 -0.9314202
vn -0.009302438 0.3638267 -0.9314202
vn -0.009302438 0.3638267 -0.9314202
vn 0 0 -1
vn 0 0 -1
vn 0 0 1
vn 0 0 1
vn 0 0 1
vn 0 0 1
vn -3.04301E-07 0 1
vn -7.100002E-07 0 1
vn 3.165338E-07 0 1
vn 6.99828E-07 0 1
vn 0.5258874 0.8505542 0
vn 0.9766141 0.215 0
vn 0.9766141 0.215 0
vn 0.5258874 0.8505542 0
vn -0.9664581 0.2568245 0
vn -0.9036152 0.428345 -3.981366E-05
vn -0.9664581 0.2568245 0
vn -0.9036152 0.428345 -3.981366E-05
vn -0.9664582 0.2568238 0
vn -0.7305099 0.682902 -6.959182E-05
vn -0.9035525 0.4284775 -1.410557E-05
vn -0.7305092 0.6829029 -6.959182E-05
vn -0.7305101 0.6829019 -2.539358E-05
vn 0.9766141 0.215 0
vn 0.5504897 -0.834842 0
vn 0.5504897 -0.834842 0
vn 0.9766141 0.215 0
vn -0.7305092 0.6829029 -6.959182E-05
vn -0.4348429 0.9005063 -3.135539E-05
vn -0.7305099 0.682902 -6.959182E-05
vn -0.4348427 0.9005064 -3.135535E-05
vn -0.7305101 0.6829019 -2.539358E-05
vn -0.4349723 0.9004439 -1.179613E-05
vn -0.1754113 0.9844952 0
vn -0.1754118 0.9844951 0
vn -0.1754118 0.9844951 0
vn -0.07096238 0.997479 0
vn -0.07096238 0.997479 0
vn -0.07096204 0.997479 0
vn 0.9784455 -0.2058526 -0.01639804
vn 0.999752 0.003786674 -0.02194636
vn 0.999752 0.003786674 -0.02194636
vn 0.9786268 -0.2049874 -0.01642298
vn 0.956875 -0.2901682 -0.01388234
vn 0.956875 -0.2901682 -0.01388234
vn 0.9590249 -0.2833219 0
vn 0.9590249 -0.2833219 0
vn 0.9590249 -0.2833219 0
vn 0.9590274 -0.2833135 0
vn 0.9590274 -0.2833135 0
vn 0 0 -1
vn 0 0 -1
vn 0 0 -1
vn 0 0 -1
vn 0 0 -1
vn 0 0 -1
vn 0.3989275 -0.9169825 0
vn 0.5504897 -0.834842 0
vn 0.5504897 -0.834842 0
vn 0.3989275 -0.9169825 0
vn 0 0 -1
vn 0 0 -1
vn 0 0 -1
vn 0 0 -1
vn 0 0 -1
vn -1.775001E-07 0 -1
vn 0 0 -1
vn 0 0 -1
vn -0.9664561 0.256832 0
vn -0.9664561 0.256832 0
vn -0.9035545 0.4284722 0.0009707791
vn -0.9035545 0.4284722 0.0009707791
vn -0.7304738 0.6829386 0.00174528
vn -0.7305443 0.6828631 0.001745255
vn -0.1754113 0.9844952 -1.367643E-06
vn -0.07096218 0.997479 0
vn -0.07096218 0.997479 0
vn -0.1754113 0.9844952 -1.367643E-06
vn -0.4349659 0.9004466 0.0008096097
vn -0.4349656 0.9004468 0.0008096072
vn -0.7305443 0.6828631 0.001745255
vn -0.7304738 0.6829386 0.00174528
vn 0.9784453 -0.2058542 0.01639795
vn 0.999752 0.003786665 0.02194631
vn 0.999752 0.003786666 0.02194632
vn 0.9786265 -0.204989 0.01642289
vn 0.9568745 -0.2901698 0.01388224
vn 0.9568745 -0.2901698 0.01388224
vn 0 0 1
vn -2.714578E-07 -2.180908E-07 1
vn -2.714579E-07 -2.180908E-07 1
vn 0 0 1
vn 0 1.204649E-07 1
vn 0 1.204649E-07 1
vn 0 0 1
vn 0 0 1
vn 0 0 1
vn 0 0 1
vn 0 0 1
vn -1.775001E-07 0 1
vn 0 0 1
vn 0 0 1
vn 0.5258874 0.8505542 0
vn 0.9766141 0.215 0
vn 0.9766141 0.215 0
vn 0.5258874 0.8505542 0
vn -0.9664581 0.2568245 0
vn -0.9036158 0.4283437 -3.981353E-05
vn -0.9664581 0.2568245 0
vn -0.9036158 0.4283437 -3.981353E-05
vn -0.9664582 0.2568238 0
vn -0.7305099 0.6829022 -6.959146E-05
vn -0.903551 0.4284804 -1.410555E-05
vn -0.7305092 0.6829029 -6.959146E-05
vn -0.73051 0.6829019 -2.539357E-05
vn 0.9766141 0.215 0
vn 0.5504895 -0.834842 0
vn 0.5504897 -0.834842 0
vn 0.9766141 0.215 0
vn -0.7305092 0.6829029 -6.959146E-05
vn -0.4348425 0.9005065 -3.135528E-05
vn -0.7305099 0.6829022 -6.959146E-05
vn -0.4348423 0.9005066 -3.135524E-05
vn -0.73051 0.6829019 -2.539357E-05
vn -0.4349723 0.9004439 -1.179613E-05
vn -0.1754109 0.9844953 0
vn -0.1754112 0.9844952 0
vn -0.1754112 0.9844952 0
vn -0.07096203 0.997479 0
vn -0.07096203 0.997479 0
vn -0.07096204 0.997479 0
vn 0.9784452 -0.2058546 -0.01639798
vn 0.999752 0.003786674 -0.02194636
vn 0.999752 0.003786674 -0.02194636
vn 0.9786265 -0.2049894 -0.01642292
vn 0.9568743 -0.2901703 -0.01388227
vn 0.9568743 -0.2901703 -0.01388227
vn 0.9590421 -0.2832633 0
vn 0.9590421 -0.2832633 0
vn 0.9590421 -0.2832633 0
vn 0.9590274 -0.2833135 0
vn 0.9590274 -0.2833135 0
vn 0 0 -1
vn 0 0 -1
vn 0 0 -1
vn 1.02051E-07 0 -1
vn 1.364818E-07 0 -1
vn 1.364818E-07 0 -1
vn 0.3989274 -0.9169826 0
vn 0.5504897 -0.834842 0
vn 0.5504895 -0.834842 0
vn 0.3989274 -0.9169826 0
vn 0 0 -1
vn 0 0 -1
vn 0 0 -1
vn 0 0 -1
vn -3.04301E-07 0 -1
vn -7.100002E-07 0 -1
vn 0 0 -1
vn 0 0 -1
vn -0.9664586 0.2568224 0
vn -0.9664586 0.2568224 0
vn -0.9035555 0.4284699 0.000970774
vn -0.9035555 0.4284699 0.000970774
vn -0.7304715 0.682941 0.001745268
vn -0.730542 0.6828654 0.001745243
vn -0.1754122 0.9844951 -1.367643E-06
vn -0.07096203 0.997479 0
vn -0.07096203 0.997479 0
vn -0.1754122 0.9844951 -1.367643E-06
vn -0.4349658 0.9004466 0.0008096072
vn -0.4349654 0.9004468 0.0008096046
vn -0.730542 0.6828654 0.001745243
vn -0.7304715 0.682941 0.001745268
vn 0.9784448 -0.2058566 0.01639793
vn 0.999752 0.00378664 0.02194617
vn 0.999752 0.00378664 0.02194617
vn 0.978626 -0.2049914 0.01642287
vn 0.9568733 -0.2901736 0.01388225
vn 0.9568733 -0.2901736 0.01388225
vn -3.238033E-07 0 1
vn -1.085831E-06 -8.723632E-07 1
vn -1.085832E-06 -8.723633E-07 1
vn -2.739267E-07 1.402249E-07 1
vn 0 4.818597E-07 1
vn 0 4.818597E-07 1
vn 0.0979699 0.9750131 0.1993773
vn 1.319997E-07 0.09761199 0.9952246
vn 0 0.9782293 0.2075265
vn 0.08571048 0.09395565 0.9918801
vn 0.09589151 -1.257867E-07 0.9953917
vn 1.369548E-07 -1.346336E-07 1
vn 0.5505602 -0.06062509 -0.8325911
vn 0.5243974 -0.3568111 -0.7731063
vn 0.8267642 -0.5625486 0
vn 0.9939918 -0.1094543 0
vn 0.08571048 0.09395565 0.9918801
vn 0.8433378 0 0.5373837
vn 0.09589151 -1.257867E-07 0.9953917
vn 0.9096217 0.1871923 0.3708739
vn 0.0979699 0.9750131 0.1993773
vn 0.8840416 0.4674083 0
vn 0.1153909 0.9933202 0
vn 0.3567224 -0.6126729 0.7052525
vn 0.5223315 -0.3554065 0.7751491
vn 0.8267642 -0.5625486 0
vn 0.503166 -0.8641897 0
vn 0.3578893 -0.6146758 -0.7029146
vn 0.5243974 -0.3568111 -0.7731063
vn 0.5505602 -0.06062509 -0.8325911
vn 0 0 -1
vn 0 0.978003 -0.2085911
vn 0.08571037 0.0939555 -0.9918801
vn 0.09787346 0.9748104 -0.2004136
vn 0 0.09761187 -0.9952246
vn 0.09589139 0 -0.9953918
vn 0 0 -1
vn 0.08571037 0.0939555 -0.9918801
vn 0.09589139 0 -0.9953918
vn 0.8433379 0 -0.5373836
vn 0.9094448 0.186466 -0.3716726
vn 0.09787346 0.9748104 -0.2004136
vn 0.8840416 0.4674083 0
vn 0.1153909 0.9933202 0
vn 0.3567224 -0.6126729 0.7052525
vn 0 0 1
vn 0.5480471 -0.0603491 0.8342676
vn 0.5223315 -0.3554065 0.7751491
vn 0 0.978003 -0.2085911
vn 0.09787346 0.9748104 -0.2004136
vn 0.1153909 0.9933202 0
vn 0 1 0
vn 0.8267642 -0.5625486 0
vn 0.5223315 -0.3554065 0.7751491
vn 0.5480471 -0.0603491 0.8342676
vn 0.9939918 -0.1094543 0
vn 0.8267642 -0.5625486 0
vn 0.5243974 -0.3568111 -0.7731063
vn 0.3578893 -0.6146758 -0.7029146
vn 0.503166 -0.8641897 0
vn 0.1153909 0.9933202 0
vn 0.0979699 0.9750131 0.1993773
vn 0 0.9782293 0.2075265
vn 0 1 0
vn 0 1 0
vn 0 1 0
vn 0 1 0
vn 0 1 0
vn 0 1 0
vn 0 1 0
vn 0 1 0
vn 0 1 0
vn 0 1 0
vn 0 1 0
vn 0 1 0
vn 0 1 0
vn 0 1 0
vn 0 1 0
vn 0 1 0
vn 0 1 0
vn 0 1 0
vn 0 1 0
vn 0 1 0
vn 0 1 0
vn 0 1 0
vn 0 1 0
vn 0 1 0
vn 0 1 0
vn 0 1 0
vn 0 1 0
vn 0 1 0
vn 0 1 0
vn 0 1 0
vn 0 1 0
vn 0 1 0
vn 0 1 0
vn 0 1 0
vn 0 1 0
vn 0 1 0
vn 0 1 0
vn 0 1 0
vn 0 1 0
vn 0 1 0
vn 0 1 0
vn 0 1 0
vn 0 1 0
vn 0 1 0
vn 0 1 0
vn 0 1 0
vn 0 1 0
vn 0 1 0
vn 0 1 0
vn 0 1 0
vn 0 1 0
vn 0 1 0
vn 0 1 0
vn 0 1 0
vn 0 1 0
vn 0 1 0
vn 0 1 0
vn 0 1 0
vn 0 1 0
vn 0 1 0
vn 0 1 0
vn 0 1 0
vn 0 1 0
vn 0 1 0
vn 0 1 0
vn 0 1 0
vn 0 1 0
vn 0 1 0
vn 0 1 0
vn 0 1 0
vn 0 1 0
vn 0 1 0
vn 0 1 0
vn 0 1 0
vn 0 1 0
vn 0 1 0
vn 0 1 0
vn 0 1 0
vn 0 1 0
vn 0 1 0
vn 0 1 0
vn 0 1 0
vn 0 1 0
vn 0 1 0
vn 0 1 0
vn 0 1 0
vn 0 1 0
vn 0 1 0
vn 0 1 0
vn 0 1 0
vn 0 1 0
vn 0 1 0
vn 0 1 0
vn 0 1 0
vn 0 1 0
vn 0 1 0
vn 0 1 0
vn 0 1 0
vn 0 1 0
vn 0 1 0
vn 0 1 0
vn 0 1 0
vn 0 1 0
vn 0 1 0
vn 0 1 0
vn 0 1 0
vn 0 1 0
vn 0 1 0
vn 0 1 0
vn 0 1 0
vn 0 1 0
vn 0 1 0
vn 0 1 0
vn 0 1 0
vn 0 1 0
vn 0 1 0
vn 0 1 0
vn 0 1 0
vn 0 1 0
vn 0 1 0
vn 0 1 0
vn 0 1 0
vn 0 1 0
vn 0 1 0
vn 0 1 0
vn 0 1 0
vn 0 1 0
vn 0 1 0
vn 0 1 0
vn 0 1 0
vn 0 1 0
vn 0 1 0
vn 0 1 0
vn 0 1 0
vn 0 1 0
vn 0 1 0
vn 0 1 0
vn 0 1 0
vn 0 1 0
vn 0 1 0
vn 0 1 0
vn 0 1 0
vn 0 1 0
vn 0 1 0
vn 0 1 0
vn 0 1 0
vn 0 1 0
vn 0 1 0
vn 0 1 0
vn 0 1 0
vn 0 1 0
vn 0 1 0
vn 0 1 0
vn 0 1 0
vn 0 1 0
vn 0 1 0
vn 0 1 0
vn 0 1 0
vn 0 1 0
vn 0 1 0
vn 0 1 0
vn 0 1 0
vn 0 1 0
vn 0 1 0
vn 0 1 0
vn 0 1 0
vn 0 1 0
vn 0 1 0
vn 0 1 0
vn 0 1 0
vn 0 1 0
vn 0 1 0
vn 0 1 0
vn 0 1 0
vn 0 1 0
vn 0 1 0
vn 0 1 0
vn 0 1 0
vn 0 1 0
vn 0 1 0
vn 0 1 0
vn 0 1 0
vn 0 1 0
vn 0 1 0
vn 0 1 0
vn 0 1 0
vn 0 1 0
vn 0 1 0
vn 0 1 0
vn 0 1 0
vn 0 1 0
vn 0 1 0
vn 0 1 0
vn 0 1 0
vn 0 1 0
vn 0 1 0
vn 0 1 0
vn 0 1 0
vn 0 1 0
vn 0 1 0
vn 0 1 0
vn 0 1 0
vn 0 1 0
vn 0 1 0
vn 0 1 0
vn 0 1 0
vn 0 1 0
vn 0 1 0
vn 0 1 0
vn 0 1 0
vn 0 1 0
vn 0 1 0
vn 0 1 0
vn 0 1 0
vn 0 1 0
vn 0 1 0
vn 0 1 0
vn 0 1 0
vn 0 1 0
vn 0 1 0
vn 0 1 0
vn 0 1 0
vn 0 1 0
vn 0 1 0
vn 0 1 0
vn 0 1 0
vn 0 1 0
vn 0 1 0
vn 0 1 0
vn 0 1 0
vn 0 1 0
vn 0 1 0
vn 0 1 0
vn 0 1 0
vn 0 1 0
vn 0 1 0
vn 0 1 0
vn 0 1 0
vn 0 1 0
vn 0 1 0
vn 0 1 0
vn 0 1 0
vn 0 1 0
vn 0 1 0
vn 0 1 0
vn 0 1 0
vn 0 1 0
vn 0 1 0
vn 0 1 0
vn 0 1 0
vn 0 1 0
vn 0 1 0
vn 0 1 0
vn 0 1 0
vn 0 1 0
vn 0 1 0
vn 0 1 0
vn 0 1 0
vn 0 1 0
vn 0 1 0
vn 0 1 0
vn 0 1 0
vn 0 1 0
vn 0 1 0
vn 0 1 0
vn 0 1 0
vn 0 1 0
vn 0 1 0
vn 0 1 0
vn 0 1 0
vn 0 1 0
vn 0 1 0
vn 0 1 0
vn 0 1 0
vn 0 1 0
vn 0 1 0
vn 0 1 0
vn 0 1 0
vn 0 1 0
vn 0 1 0
vn 0 1 0
vn 0 1 0
vn 0 1 0
vn 0 1 0
vn 0 1 0
vn 0 1 0
vn 0 1 0
vn 0 1 0
vn 0 1 0
vn 0 1 0
vn 0 1 0
vn 0 1 0
vn 0 1 0
vn 0 1 0
vn 0 1 0
vn 0 1 0
vn 0 1 0
vn 0 1 0
vn 0 1 0
vn 0 1 0
vn 0 1 0
vn 0 1 0
vn 0 1 0
vn 0 1 0
vn 0 1 0
vn 0 1 0
vn 0 1 0
vn 0 1 0
vn 0 1 0
vn 0 1 0
vn 0 1 0
vn 0 1 0
vn 0 1 0
vn 0 1 0
vn 0 1 0
vn 0 1 0
vn 0 1 0
vn 0 1 0
vn 0 1 0
vn 0 1 0
vn 0 1 0
vn 0 1 0
vn 0 1 0
vn 0 1 0
vn 0 1 0
vn 0 1 0
vn 0 1 0
vn 0 1 0
vn 0 1 0
vn 0 1 0
vn 0 1 0
vn 0 1 0
vn 0 1 0
vn 0 1 0
vn 0 1 0
vn 0 1 0
vn 0 1 0
vn 0 1 0
vn 0 1 0
vn 0 1 0
vn 0 1 0
vn 0 1 0
vn 0 1 0
vn 0 1 0
vn 0 1 0
vn 0 1 0
vn 0 1 0
vn 0 1 0
vn 0 1 0
vn 0 1 0
vn 0 1 0
vn 0 1 0
vn 0 1 0
vn 0 1 0
vn 0 1 0
vn 0 1 0
vn 0 1 0
vn 0 1 0
vn 0 1 0
vn 0 1 0
vn 0 1 0
vn 0 1 0
vn 0 1 0
vn 0 1 0
vn 0 1 0
vn 0 1 0
vn 0 1 0
vn 0 1 0
vn 0 1 0
vn 0 1 0
vn -0.9999413 -0.01079184 0.0009597125
vn -0.9999938 -0.003384254 0.0009605243
vn -0.9999939 0.003347167 0.0009685498
vn -0.9999431 -0.01064817 0.0007110321
vn -0.9999462 0.010331 0.0009581398
vn -0.9999487 0.01010209 0.000702239
vn -0.9999833 -0.005780218 0.0001547296
vn -0.9999846 0.005554075 0.0001526398
vn -0.9999983 -0.00169833 0.0007095246
vn -0.9999983 0.00166983 0.0007027222
vn -0.9999847 -0.005529766 0.0001547985
vn -0.9999859 0.005302976 0.0001527799
vn -0.9999995 -3.331284E-05 0.0009467448
vn -0.9999996 -2.968041E-06 0.0008577669
vn -0.9999995 3.107275E-05 0.0009458828
vn -0.9999996 -3.007154E-06 0.0008537422
vn -0.9999995 -4.848537E-06 0.0009588561
vn -0.9999995 6.01985E-06 0.0009552956
vn -0.9999995 2.970778E-06 0.0009593241
vn -0.9999982 0.001781468 0.0007018965
vn -0.9999995 6.284382E-07 0.0009567614
vn -0.9999982 -0.001750162 0.0006927616
vn -0.9999841 0.005626579 0.0001485232
vn -0.9999579 -0.008885594 -0.00227299
vn -0.9999856 -0.00537491 0.0001464907
vn -0.9999627 0.008342316 -0.002253337
vn -0.9999857 0.005355204 6.807878E-05
vn -0.999987 -0.005102181 6.192632E-05
vn -0.999927 0.01180654 -0.002560481
vn -0.999994 0.003369749 0.0008577834
vn -0.999921 -0.01231725 -0.002548421
vn -0.9999938 -0.003417972 0.0008537309
vn -0.9999883 0.001069166 -0.004719855
vn -0.9999995 -0.0003622615 0.0009461294
vn -0.9999995 5.941553E-06 0.0009541735
vn -0.9999787 -0.004646651 -0.00460401
vn -0.9999864 -0.002189466 -0.004746996
vn -0.9999837 0.00347098 -0.004551589
vn -0.9998312 -0.01828918 -0.001732031
vn -0.9998564 0.01686505 -0.001659646
vn -0.9999861 -0.005289481 0.000174674
vn -0.9999874 0.005022183 0.0001794259
vn -0.999831 -0.01831725 -0.001601559
vn -0.9998556 0.01691992 -0.001522393
vn -0.9999996 -1.230187E-05 0.0008967199
vn -0.9999996 -2.968036E-06 0.0008670025
vn -0.9999996 1.992909E-05 0.0008956174
vn -0.9999996 0 0.0008589557
vn -0.9979967 -0.0240048 0.05853388
vn -0.9973087 -0.03140422 0.06625
vn -1 -0.0001457707 0
vn -1 0 0
vn -0.9970095 0.02103971 0.07436006
vn -0.998033 0.0219276 0.05872995
vn -0.997373 0.02905946 0.06635334
vn -0.9970126 -0.02071956 0.07440849
vn -0.9975014 -0.02536849 0.06593487
vn -1 0 0
vn -0.9975054 0.0257335 0.06573319
vn -1 -0.000371812 0
vn -0.9680033 -0.0984735 0.2308088
vn -0.9594085 -0.1217081 0.2544061
vn -1 9.067599E-05 0
vn -1 0 0
vn -0.9560755 0.08649176 0.2800689
vn -0.9686807 0.08942658 0.2316478
vn -0.9603842 0.1117931 0.2552734
vn -0.9562111 -0.08435085 0.2802591
vn -0.9622317 -0.09775238 0.2540762
vn -1 8.727301E-07 0
vn -0.9622509 0.09988599 0.2531719
vn -1 -0.0001462658 0
vn -0.7537702 0.009571115 0.6570683
vn -0.7210382 -0.003598789 0.6928859
vn -0.7210317 4.456094E-06 0.6929021
vn -0.7584549 0.006447373 0.6516936
vn -0.753791 -0.01872599 0.6568474
vn -0.7583642 -0.01792719 0.6515844
vn -0.7502585 -0.001482589 0.6611429
vn -0.750439 -0.009401816 0.6608729
vn -0.7605751 -0.02352846 0.6488236
vn -0.7606584 0.009767605 0.649079
vn -0.7503742 -0.002981194 0.6610066
vn -0.7505705 -0.007909547 0.660743
vn -0.7570052 0.02056968 0.6530849
vn -0.7213275 3.321665E-05 0.6925942
vn -0.7564889 -0.03175894 0.6532348
vn -0.721324 -0.003837807 0.6925872
vn -0.2867742 -0.002935143 0.9579937
vn -0.2903354 -0.003291038 0.9569193
vn -0.3116237 -0.004617303 0.9501944
vn -0.2847424 -0.01220987 0.9585263
vn -0.2918368 -0.008845262 0.9564272
vn -0.2884557 -0.01206072 0.9574173
vn -0.3109903 -0.0008169898 0.9504128
vn -0.3109872 4.882364E-05 0.9504141
vn -0.2883496 0.009351349 0.9574795
vn -0.2850872 0.006999284 0.958476
vn -0.3116452 9.271887E-05 0.9501985
vn -0.288753 -0.01208106 0.9573274
vn -0.1554305 0.06296661 0.985838
vn 0.0009390739 -0.0003104549 0.9999995
vn 0.0009506474 1.573871E-06 0.9999995
vn -0.1727735 0.06022923 0.9831184
vn -0.155847 -0.06027392 0.9859406
vn -0.1729412 -0.05746888 0.9832541
vn -0.1616274 -0.01493644 0.9867388
vn -0.1649778 -0.02148088 0.9860633
vn -0.1293945 -0.0004811336 0.9915931
vn -0.1619081 0.01258467 0.9867256
vn -0.1652387 0.01881322 0.9860742
vn -0.1294103 4.683599E-05 0.9915911
vn -0.0008623147 0.0007305586 0.9999994
vn 0.0009390961 4.785975E-06 0.9999996
vn 0.0009447068 1.574596E-06 0.9999996
vn -0.003620501 0.01883537 0.9998161
vn -0.0008699602 -0.0007088365 0.9999994
vn -0.003716283 -0.01862639 0.9998197
vn -0.009312754 0.06147592 0.9980652
vn -0.009412766 -0.05929758 0.9981959
vn -0.02098873 0.01205701 0.9997069
vn -0.02089714 -0.01299862 0.9996971
vn -0.009811843 0.06119988 0.9980773
vn -0.009937541 -0.05904232 0.998206
vn -0.02165155 0.008656971 0.999728
vn 0.0008607381 -3.149264E-06 0.9999996
vn -0.02154452 -0.009871444 0.9997191
vn 0.000866057 -0.000313241 0.9999996
vn 0.0009565823 -7.04387E-06 0.9999995
vn 0.0009390927 3.190644E-06 0.9999996
vn 0.0009565862 4.723391E-06 0.9999995
vn 0.0009578201 -5.911843E-06 0.9999995
vn 0.0009547343 -1.813944E-06 0.9999995
vn 0.0009557757 -2.810252E-06 0.9999995
vn 0.0009559256 1.891726E-06 0.9999995
vn 0.0009568083 -2.064894E-06 0.9999995
vn 0.0009618663 3.771615E-05 0.9999995
vn 0.0009611356 -3.153435E-05 0.9999995
vn 0.0009560783 3.139158E-06 0.9999995
vn 0.0009570291 -2.939586E-06 0.9999995
vn 0.0009491924 -3.771463E-05 0.9999995
vn 0.0008666711 -3.148912E-06 0.9999996
vn 0.0009497799 4.400411E-05 0.9999995
vn 0.000860049 0 0.9999996
vn 0.288452 -0.01091237 0.9574322
vn 0.3109867 4.881766E-05 0.9504142
vn 0.3110012 -0.000429705 0.9504094
vn 0.2849226 -0.009840387 0.9585
vn 0.2883496 0.009351349 0.9574796
vn 0.2850871 0.006999359 0.958476
vn 0.2896406 0.003049137 0.9571307
vn 0.2873911 0.00506278 0.9578
vn 0.3031625 -0.001602982 0.9529375
vn 0.2905845 -0.009116505 0.9568059
vn 0.288577 -0.0121746 0.9573793
vn 0.3047851 -0.001531934 0.9524199
vn 0.1553919 0.0629605 0.9858445
vn -0.0009506474 1.573599E-06 0.9999995
vn -0.0009511429 -0.0001526045 0.9999995
vn 0.1727879 0.0603547 0.9831081
vn 0.1558473 -0.06027391 0.9859406
vn 0.1729415 -0.05746882 0.9832541
vn 0.1617046 -0.01417515 0.9867374
vn 0.1650814 -0.02060066 0.9860648
vn 0.1293853 -0.0002553066 0.9915944
vn 0.161908 0.01258483 0.9867256
vn 0.1652387 0.01881341 0.9860742
vn 0.1294096 4.679104E-05 0.9915912
vn 0.0008623149 0.0007305589 0.9999994
vn -0.000944706 1.57437E-06 0.9999996
vn -0.000939096 4.785813E-06 0.9999996
vn 0.003631487 0.01891173 0.9998146
vn 0.0008699623 -0.0007088382 0.9999994
vn 0.003716288 -0.01862639 0.9998197
vn 0.00934841 0.06172309 0.9980496
vn 0.009412777 -0.05929762 0.9981959
vn 0.02099103 0.0125198 0.9997012
vn 0.02089716 -0.0129986 0.9996971
vn 0.009847139 0.06145775 0.9980611
vn 0.009937553 -0.05904236 0.998206
vn 0.02165158 0.008656988 0.999728
vn -0.0008607381 -3.149218E-06 0.9999996
vn 0.02155091 -0.009450588 0.999723
vn -0.0008540506 -0.00015685 0.9999996
vn -0.9999413 -0.01079252 -0.0009597125
vn -0.9999939 0.003347167 -0.0009685418
vn -0.9999938 -0.003384441 -0.0009605243
vn -0.999943 -0.01065014 -0.0007110321
vn -0.9999462 0.010331 -0.0009581387
vn -0.9999487 0.01010347 -0.0007022386
vn -0.9999833 -0.005784708 -0.0001547298
vn -0.9999846 0.005558554 -0.0001526402
vn -0.9999983 -0.001696997 -0.0007095246
vn -0.9999983 0.001673319 -0.0007027222
vn -0.9999847 -0.005534161 -0.0001547988
vn -0.9999859 0.00530752 -0.0001527803
vn -0.9999995 -3.078965E-05 -0.0009467445
vn -0.9999996 -2.968041E-06 -0.0008577669
vn -0.9999995 3.436462E-05 -0.0009458828
vn -0.9999996 -3.007154E-06 -0.0008537422
vn -0.9999995 -9.439962E-06 -0.0009588548
vn -0.9999995 2.970778E-06 -0.0009593241
vn -0.9999995 6.01985E-06 -0.0009552956
vn -0.9999982 0.001777653 -0.0007018953
vn -0.9999995 -9.426574E-06 -0.0009567613
vn -0.9999982 -0.001758401 -0.0006927614
vn -0.9999841 0.0056265 -0.0001485229
vn -0.9999579 -0.00888558 0.002272992
vn -0.9999856 -0.005375128 -0.0001464903
vn -0.9999627 0.00834181 0.002253337
vn -0.9999857 0.005355232 -6.80785E-05
vn -0.999987 -0.005102169 -6.192597E-05
vn -0.999927 0.01180594 0.002560481
vn -0.999994 0.003369563 -0.0008577834
vn -0.999921 -0.01231723 0.002548422
vn -0.9999938 -0.003417783 -0.0008537419
vn -0.9999883 0.001069696 0.004719857
vn -0.9999995 5.941556E-06 -0.0009541739
vn -0.9999995 -0.0003631056 -0.0009461283
vn -0.9999787 -0.004643481 0.004604012
vn -0.9999864 -0.002189466 0.004746995
vn -0.9999837 0.003472301 0.004551588
vn -0.9998314 -0.01828023 0.001732032
vn -0.9998564 0.01686937 0.001659647
vn -0.9999861 -0.005284261 -0.000174674
vn -0.9999874 0.00502545 -0.0001794254
vn -0.9998311 -0.01830824 0.001601559
vn -0.9998556 0.01692431 0.001522394
vn -0.9999996 -9.915586E-06 -0.0008967196
vn -0.9999996 -2.968036E-06 -0.0008670021
vn -0.9999996 2.304302E-05 -0.0008956174
vn -0.9999996 0 -0.0008589554
vn -0.9979967 -0.02400495 -0.05853388
vn -1 -0.0001459807 0
vn -0.9973087 -0.03140422 -0.06625
vn -1 -8.659723E-07 0
vn -0.9970095 0.021038 -0.07436012
vn -0.9980331 0.02192733 -0.05872995
vn -0.997373 0.0290594 -0.06635334
vn -0.9970125 -0.0207218 -0.07440849
vn -0.9975013 -0.02537077 -0.06593486
vn -1 0 0
vn -0.9975054 0.02573181 -0.06573326
vn -1 -0.0003709638 0
vn -0.9680033 -0.09847359 -0.2308088
vn -1 8.957059E-05 0
vn -0.9594085 -0.1217081 -0.2544061
vn -1 -6.888533E-07 0
vn -0.9560755 0.08649269 -0.2800688
vn -0.9686807 0.08942666 -0.2316478
vn -0.9603842 0.1117931 -0.2552734
vn -0.9562114 -0.08434773 -0.2802591
vn -0.9622319 -0.09774928 -0.2540762
vn -1 0 0
vn -0.9622509 0.0998869 -0.2531718
vn -1 -0.0001468127 0
vn -0.7537703 0.009572425 -0.6570683
vn -0.7210317 3.760147E-06 -0.6929021
vn -0.7210383 -0.003599116 -0.6928859
vn -0.7584548 0.006447725 -0.6516937
vn -0.7537909 -0.01872617 -0.6568475
vn -0.7583643 -0.01792791 -0.6515843
vn -0.7502584 -0.001484184 -0.6611431
vn -0.7504392 -0.00940339 -0.6608725
vn -0.7605751 -0.02353 -0.6488235
vn -0.7606584 0.009765841 -0.649079
vn -0.750374 -0.002982875 -0.6610067
vn -0.7505708 -0.007911175 -0.6607428
vn -0.757005 0.02056844 -0.6530852
vn -0.7213275 3.411995E-05 -0.6925942
vn -0.7564891 -0.03175984 -0.6532345
vn -0.721324 -0.003837452 -0.6925871
vn -0.2867742 -0.002935685 -0.9579937
vn -0.3116237 -0.004617581 -0.9501944
vn -0.2903354 -0.003291462 -0.9569193
vn -0.2847424 -0.01220979 -0.9585263
vn -0.2918369 -0.008844905 -0.9564272
vn -0.2884557 -0.01206055 -0.9574173
vn -0.3109901 -0.0008170127 -0.9504129
vn -0.3109867 4.881766E-05 -0.9504142
vn -0.2883496 0.009351349 -0.9574796
vn -0.2850872 0.006999367 -0.958476
vn -0.3116452 9.255865E-05 -0.9501985
vn -0.2887531 -0.0120806 -0.9573274
vn -0.1554305 0.06296665 -0.985838
vn 0.0009506474 1.573599E-06 -0.9999995
vn 0.000939074 -0.0003104555 -0.9999995
vn -0.1727735 0.06022927 -0.9831184
vn -0.1558473 -0.06027391 -0.9859406
vn -0.1729415 -0.05746885 -0.9832541
vn -0.1616273 -0.01493643 -0.9867388
vn -0.1649778 -0.02148089 -0.9860633
vn -0.129394 -0.0004811464 -0.9915931
vn -0.161908 0.01258486 -0.9867256
vn -0.1652387 0.01881345 -0.9860742
vn -0.1294098 4.679109E-05 -0.9915912
vn -0.0008623152 0.0007305589 -0.9999994
vn 0.0009447068 1.57437E-06 -0.9999996
vn 0.000939096 4.785813E-06 -0.9999996
vn -0.003620501 0.01883538 -0.9998161
vn -0.0008699602 -0.0007088365 -0.9999994
vn -0.003716287 -0.01862641 -0.9998197
vn -0.009312754 0.06147592 -0.9980652
vn -0.009412777 -0.05929766 -0.9981959
vn -0.02098871 0.01205701 -0.9997069
vn -0.02089716 -0.01299864 -0.9996971
vn -0.009811843 0.06119988 -0.9980773
vn -0.009937554 -0.05904241 -0.998206
vn -0.02165158 0.008656988 -0.999728
vn 0.0008607381 -3.149218E-06 -0.9999996
vn -0.02154451 -0.009871457 -0.9997191
vn 0.0008660568 -0.0003132393 -0.9999996
vn 0.0009565819 -7.04401E-06 -0.9999995
vn 0.0009565862 4.723382E-06 -0.9999995
vn 0.0009390925 3.19064E-06 -0.9999996
vn 0.0009577539 -5.911959E-06 -0.9999995
vn 0.0009547343 -1.813945E-06 -0.9999995
vn 0.0009557111 -2.810591E-06 -0.9999995
vn 0.0009557133 1.891723E-06 -0.9999995
vn 0.0009566052 -2.065962E-06 -0.9999995
vn 0.0009617998 3.771633E-05 -0.9999995
vn 0.0009610712 -3.153471E-05 -0.9999995
vn 0.000955866 3.139163E-06 -0.9999995
vn 0.000956826 -2.940656E-06 -0.9999995
vn 0.0009491933 -3.771466E-05 -0.9999995
vn 0.000866671 -3.148844E-06 -0.9999996
vn 0.0009497796 4.400432E-05 -0.9999995
vn 0.0008600492 0 -0.9999996
vn 0.2884521 -0.01091289 -0.9574322
vn 0.3110012 -0.0004297871 -0.9504094
vn 0.3109872 4.882364E-05 -0.9504141
vn 0.2849226 -0.009840957 -0.9585
vn 0.2883496 0.009351349 -0.9574796
vn 0.2850871 0.006999276 -0.958476
vn 0.2896403 0.003048795 -0.9571308
vn 0.2873906 0.005062451 -0.9578001
vn 0.3031625 -0.001603158 -0.9529375
vn 0.2905843 -0.009116928 -0.956806
vn 0.2885767 -0.01217508 -0.9573794
vn 0.304785 -0.001532159 -0.9524199
vn 0.1553919 0.06296065 -0.9858445
vn -0.0009511427 -0.0001526042 -0.9999995
vn -0.0009506474 1.573871E-06 -0.9999995
vn 0.1727878 0.0603549 -0.9831081
vn 0.155847 -0.06027392 -0.9859406
vn 0.1729412 -0.05746887 -0.9832541
vn 0.1617043 -0.01417499 -0.9867374
vn 0.165081 -0.02060048 -0.9860649
vn 0.1293857 -0.0002553734 -0.9915943
vn 0.1619079 0.01258465 -0.9867257
vn 0.1652384 0.01881319 -0.9860742
vn 0.1294101 4.683594E-05 -0.9915911
vn 0.0008623149 0.0007305588 -0.9999994
vn -0.000939096 4.785973E-06 -0.9999996
vn -0.000944706 1.574597E-06 -0.9999996
vn 0.003631486 0.01891172 -0.9998146
vn 0.0008699623 -0.0007088382 -0.9999994
vn 0.003716288 -0.01862639 -0.9998197
vn 0.00934841 0.06172309 -0.9980496
vn 0.009412777 -0.05929761 -0.9981959
vn 0.02099105 0.0125198 -0.9997012
vn 0.02089714 -0.01299861 -0.9996971
vn 0.009847139 0.06145775 -0.9980611
vn 0.009937552 -0.05904236 -0.998206
vn 0.02165155 0.008656971 -0.999728
vn -0.0008607381 -3.149264E-06 -0.9999996
vn 0.02155092 -0.009450589 -0.999723
vn -0.0008540507 -0.00015685 -0.9999996
vn -0.000866671 -3.148845E-06 0.9999996
vn -0.0009497793 4.400432E-05 0.9999995
vn -0.0008600492 0 0.9999996
vn -0.0009617998 3.771651E-05 0.9999995
vn -0.0009491933 -3.77159E-05 0.9999995
vn -0.0009610712 -3.153537E-05 0.9999995
vn -0.000956826 -2.939618E-06 0.9999995
vn -0.0009558672 3.139727E-06 0.9999995
vn -0.0009566052 -2.064902E-06 0.9999995
vn -0.0009557111 -2.81049E-06 0.9999995
vn -0.0009547349 -1.81422E-06 0.9999995
vn -0.0009565889 4.723648E-06 0.9999995
vn -0.0009557143 1.892299E-06 0.9999995
vn -0.0009577543 -5.911269E-06 0.9999995
vn -0.0009565825 -7.043411E-06 0.9999995
vn -0.0009390967 3.190367E-06 0.9999996
vn -0.000866671 -3.148913E-06 -0.9999996
vn -0.0008600492 0 -0.9999996
vn -0.0009497799 4.400413E-05 -0.9999995
vn -0.0009618663 3.771652E-05 -0.9999995
vn -0.0009491937 -3.771592E-05 -0.9999995
vn -0.0009611361 -3.153555E-05 -0.9999995
vn -0.0009570282 -2.94015E-06 -0.9999995
vn -0.0009560784 3.140278E-06 -0.9999995
vn -0.0009568073 -2.065434E-06 -0.9999995
vn -0.0009557754 -2.810659E-06 -0.9999995
vn -0.0009547349 -1.81422E-06 -0.9999995
vn -0.0009565889 4.723645E-06 -0.9999995
vn -0.0009559255 1.892857E-06 -0.9999995
vn -0.0009578194 -5.910996E-06 -0.9999995
vn -0.0009565822 -7.043291E-06 -0.9999995
vn -0.0009390965 3.190369E-06 -0.9999996
vn 1 0 0
vn 1 0 0
vn 1 0 0
vn 1 0 0
vn 0 1 0
vn 0 1 0
vn 0 1 0
vn 0 1 0
vn -1 0 0
vn -1 0 0
vn -1 0 0
vn -1 0 0
vn 1 6.887639E-07 0
vn 1 6.88764E-07 0
vn 1 6.887639E-07 0
vn 1 6.887639E-07 0
vn 0 1 0
vn 0 1 0
vn 0 1 0
vn 0 1 0
vn -1 -7.240874E-07 0
vn -1 -7.240873E-07 0
vn -1 -7.240873E-07 0
vn -1 -7.240873E-07 0
vn 1 0 0
vn 1 0 0
vn 1 0 0
vn 1 0 0
vn 0 1 0
vn 0 1 0
vn 0 1 0
vn 0 1 0
vn -1 0 0
vn -1 0 0
vn -1 0 0
vn -1 0 0
vn 1 -6.887635E-07 0
vn 1 -6.887635E-07 0
vn 1 -6.887636E-07 0
vn 1 -6.887636E-07 0
vn 0 1 0
vn 0 1 0
vn 0 1 0
vn 0 1 0
vn -1 7.240869E-07 0
vn -1 7.240869E-07 0
vn -1 7.240869E-07 0
vn -1 7.240869E-07 0
vn 1 0 0
vn 1 0 0
vn 1 0 0
vn 1 0 0
vn 0 1 0
vn 0 1 0
vn 0 1 0
vn 0 1 0
vn -1 0 0
vn -1 0 0
vn -1 0 0
vn -1 0 0
vn 1 0 0
vn 1 0 0
vn 1 0 0
vn 1 0 0
vn 0 1 0
vn 0 1 0
vn 0 1 0
vn 0 1 0
vn -1 0 0
vn -1 0 0
vn -1 0 0
vn -1 0 0
vn 1 0 0
vn 1 0 0
vn 1 0 0
vn 1 0 0
vn 0 1 0
vn 0 1 0
vn 0 1 0
vn 0 1 0
vn -1 0 0
vn -1 0 0
vn -1 0 0
vn -1 0 0
vn 1 0 0
vn 1 0 0
vn 1 0 0
vn 1 0 0
vn 0 1 0
vn 0 1 0
vn 0 1 0
vn 0 1 0
vn -1 0 0
vn -1 0 0
vn -1 0 0
vn -1 0 0
vn 1 0 0
vn 1 0 0
vn 1 0 0
vn 1 0 0
vn 0 1 0
vn 0 1 0
vn 0 1 0
vn 0 1 0
vn -1 0 0
vn -1 0 0
vn -1 0 0
vn -1 0 0
vn 1 6.88764E-07 0
vn 1 6.887641E-07 0
vn 1 6.88764E-07 0
vn 1 6.88764E-07 0
vn 0 1 0
vn 0 1 0
vn 0 1 0
vn 0 1 0
vn -1 -7.240874E-07 0
vn -1 -7.240874E-07 0
vn -1 -7.240874E-07 0
vn -1 -7.240874E-07 0
vn 1 0 0
vn 1 0 0
vn 1 0 0
vn 1 0 0
vn 0 1 0
vn 0 1 0
vn 0 1 0
vn 0 1 0
vn -1 0 0
vn -1 0 0
vn -1 0 0
vn -1 0 0
vn 0 -8.477105E-06 -1
vn 0 -8.477105E-06 -1
vn 0 -8.477105E-06 -1
vn 0 -8.477105E-06 -1
vn 0 0 -1
vn 0 0 -1
vn 0 0 -1
vn 0 0 -1
vn 0 1 0
vn 0 1 0
vn 0 1 0
vn 0 1 0
vn 0 0 1
vn 0 0 1
vn 0 0 1
vn 0 0 1
vn 0 0 -1
vn 0 0 -1
vn 0 0 -1
vn 0 0 -1
vn 0 1 0
vn 0 1 0
vn 0 1 0
vn 0 1 0
vn 0 0 1
vn 0 0 1
vn 0 0 1
vn 0 0 1
vn 0 0 -1
vn 0 0 -1
vn 0 0 -1
vn 0 0 -1
vn 0 1 0
vn 0 1 0
vn 0 1 0
vn 0 1 0
vn 0 0 1
vn 0 0 1
vn 0 0 1
vn 0 0 1
vn 0 0 -1
vn 0 0 -1
vn 0 0 -1
vn 0 0 -1
vn 0 1 0
vn 0 1 0
vn 0 1 0
vn 0 1 0
vn 0 0 1
vn 0 0 1
vn 0 0 1
vn 0 0 1
vn 0 0 -1
vn 0 0 -1
vn 0 0 -1
vn 0 0 -1
vn 0 1 0
vn 0 1 0
vn 0 1 0
vn 0 1 0
vn 0 0 1
vn 0 0 1
vn 0 0 1
vn 0 0 1
vn 0 0 -1
vn 0 0 -1
vn 0 0 -1
vn 0 0 -1
vn 0 1 0
vn 0 1 0
vn 0 1 0
vn 0 1 0
vn 0 0 1
vn 0 0 1
vn 0 0 1
vn 0 0 1
vn 1 0 0
vn 1 0 0
vn 1 0 0
vn 1 0 0
vn 0 0 -1
vn 0 0 -1
vn 0 0 -1
vn 0 0 -1
vn 0 1 0
vn 0 1 0
vn 0 1 0
vn 0 1 0
vn 0 0 1
vn 0 0 1
vn 0 0 1
vn 0 0 1
vn 0 0 -1
vn 0 0 -1
vn 0 0 -1
vn 0 0 -1
vn 0 1 0
vn 0 1 0
vn 0 1 0
vn 0 1 0
vn 0 0 1
vn 0 0 1
vn 0 0 1
vn 0 0 1
vn 0 0 -1
vn 0 0 -1
vn 0 0 -1
vn 0 0 -1
vn 0 1 0
vn 0 1 0
vn 0 1 0
vn 0 1 0
vn 0 0 1
vn 0 0 1
vn 0 0 1
vn 0 0 1
vn 0 0 -1
vn 0 0 -1
vn 0 0 -1
vn 0 0 -1
vn 0 1 0
vn 0 1 0
vn 0 1 0
vn 0 1 0
vn 0 0 1
vn 0 0 1
vn 0 0 1
vn 0 0 1
vn 0 0 -1
vn 0 0 -1
vn 0 0 -1
vn 0 0 -1
vn 0 1 0
vn 0 1 0
vn 0 1 0
vn 0 1 0
vn 0 0 1
vn 0 0 1
vn 0 0 1
vn 0 0 1
vn -1 0 0
vn -1 0 0
vn -1 0 0
vn -1 0 0
vn -1 0 0
vn -1 0 0
vn -1 0 0
vn -1 0 0
vn 0 1 0
vn 0 1 0
vn 0 1 0
vn 0 1 0
vn 1 0 0
vn 1 0 0
vn 1 0 0
vn 1 0 0
vn -1 -6.887635E-07 0
vn -1 -6.887635E-07 0
vn -1 -6.887636E-07 0
vn -1 -6.887636E-07 0
vn 0 1 0
vn 0 1 0
vn 0 1 0
vn 0 1 0
vn 1 7.240869E-07 0
vn 1 7.240869E-07 0
vn 1 7.240869E-07 0
vn 1 7.240869E-07 0
vn -1 0 0
vn -1 0 0
vn -1 0 0
vn -1 0 0
vn 0 1 0
vn 0 1 0
vn 0 1 0
vn 0 1 0
vn 1 0 0
vn 1 0 0
vn 1 0 0
vn 1 0 0
vn -1 0 0
vn -1 0 0
vn -1 0 0
vn -1 0 0
vn 0 1 0
vn 0 1 0
vn 0 1 0
vn 0 1 0
vn 1 0 0
vn 1 0 0
vn 1 0 0
vn 1 0 0
vn -1 0 0
vn -1 0 0
vn -1 0 0
vn -1 0 0
vn 0 1 0
vn 0 1 0
vn 0 1 0
vn 0 1 0
vn 1 0 0
vn 1 0 0
vn 1 0 0
vn 1 0 0
vn -1 -1.377527E-06 0
vn -1 -1.377527E-06 0
vn -1 -1.377527E-06 0
vn -1 -1.377527E-06 0
vn 0 1 0
vn 0 1 0
vn 0 1 0
vn 0 1 0
vn 1 -1.377527E-06 0
vn 1 -1.377527E-06 0
vn 1 -1.377527E-06 0
vn 1 -1.377527E-06 0
vn 0 -8.477105E-06 -1
vn 0 -8.477105E-06 -1
vn 0 -8.477105E-06 -1
vn 0 -8.477105E-06 -1
vn 1 0 0
vn 1 0 0
vn 1 0 0
vn 1 0 0
vn 0 1 0
vn 0 1 0
vn 0 1 0
vn 0 1 0
vn -1 0 0
vn -1 0 0
vn -1 0 0
vn -1 0 0
vn 1 -6.887635E-07 0
vn 1 -6.887635E-07 0
vn 1 -6.887636E-07 0
vn 1 -6.887636E-07 0
vn 0 1 0
vn 0 1 0
vn 0 1 0
vn 0 1 0
vn -1 7.240869E-07 0
vn -1 7.240869E-07 0
vn -1 7.240869E-07 0
vn -1 7.240869E-07 0
vn 1 0 0
vn 1 0 0
vn 1 0 0
vn 1 0 0
vn 0 1 0
vn 0 1 0
vn 0 1 0
vn 0 1 0
vn -1 0 0
vn -1 0 0
vn -1 0 0
vn -1 0 0
vn 1 0 0
vn 1 0 0
vn 1 0 0
vn 1 0 0
vn 0 1 0
vn 0 1 0
vn 0 1 0
vn 0 1 0
vn -1 0 0
vn -1 0 0
vn -1 0 0
vn -1 0 0
vn 1 0 0
vn 1 0 0
vn 1 0 0
vn 1 0 0
vn 0 1 0
vn 0 1 0
vn 0 1 0
vn 0 1 0
vn -1 0 0
vn -1 0 0
vn -1 0 0
vn -1 0 0
vn 1 -1.377527E-06 0
vn 1 -1.377527E-06 0
vn 1 -1.377527E-06 0
vn 1 -1.377527E-06 0
vn 0 1 0
vn 0 1 0
vn 0 1 0
vn 0 1 0
vn -1 -1.377527E-06 0
vn -1 -1.377527E-06 0
vn -1 -1.377527E-06 0
vn -1 -1.377527E-06 0
vn 0 -8.477105E-06 1
vn 0 -8.477105E-06 1
vn 0 -8.477105E-06 1
vn 0 -8.477105E-06 1
vn 0 0 1
vn 0 0 1
vn 0 0 1
vn 0 0 1
vn 0 1 0
vn 0 1 0
vn 0 1 0
vn 0 1 0
vn 0 0 -1
vn 0 0 -1
vn 0 0 -1
vn 0 0 -1
vn 0 0 1
vn 0 0 1
vn 0 0 1
vn 0 0 1
vn 0 1 0
vn 0 1 0
vn 0 1 0
vn 0 1 0
vn 0 0 -1
vn 0 0 -1
vn 0 0 -1
vn 0 0 -1
vn 0 0 1
vn 0 0 1
vn 0 0 1
vn 0 0 1
vn 0 1 0
vn 0 1 0
vn 0 1 0
vn 0 1 0
vn 0 0 -1
vn 0 0 -1
vn 0 0 -1
vn 0 0 -1
vn 0 0 1
vn 0 0 1
vn 0 0 1
vn 0 0 1
vn 0 1 0
vn 0 1 0
vn 0 1 0
vn 0 1 0
vn 0 0 -1
vn 0 0 -1
vn 0 0 -1
vn 0 0 -1
vn 0 0 1
vn 0 0 1
vn 0 0 1
vn 0 0 1
vn 0 1 0
vn 0 1 0
vn 0 1 0
vn 0 1 0
vn 0 0 -1
vn 0 0 -1
vn 0 0 -1
vn 0 0 -1
vn 0 0 1
vn 0 0 1
vn 0 0 1
vn 0 0 1
vn 0 1 0
vn 0 1 0
vn 0 1 0
vn 0 1 0
vn 0 0 -1
vn 0 0 -1
vn 0 0 -1
vn 0 0 -1
vn 1 0 0
vn 1 0 0
vn 1 0 0
vn 1 0 0
vn 0 0 1
vn 0 0 1
vn 0 0 1
vn 0 0 1
vn 0 1 0
vn 0 1 0
vn 0 1 0
vn 0 1 0
vn 0 0 -1
vn 0 0 -1
vn 0 0 -1
vn 0 0 -1
vn 0 0 1
vn 0 0 1
vn 0 0 1
vn 0 0 1
vn 0 1 0
vn 0 1 0
vn 0 1 0
vn 0 1 0
vn 0 0 -1
vn 0 0 -1
vn 0 0 -1
vn 0 0 -1
vn 0 0 1
vn 0 0 1
vn 0 0 1
vn 0 0 1
vn 0 1 0
vn 0 1 0
vn 0 1 0
vn 0 1 0
vn 0 0 -1
vn 0 0 -1
vn 0 0 -1
vn 0 0 -1
vn 0 0 1
vn 0 0 1
vn 0 0 1
vn 0 0 1
vn 0 1 0
vn 0 1 0
vn 0 1 0
vn 0 1 0
vn 0 0 -1
vn 0 0 -1
vn 0 0 -1
vn 0 0 -1
vn 0 0 1
vn 0 0 1
vn 0 0 1
vn 0 0 1
vn 0 1 0
vn 0 1 0
vn 0 1 0
vn 0 1 0
vn 0 0 -1
vn 0 0 -1
vn 0 0 -1
vn 0 0 -1
vn -1 0 0
vn -1 0 0
vn -1 0 0
vn -1 0 0
vn -1 0 0
vn -1 0 0
vn -1 0 0
vn -1 0 0
vn 0 1 0
vn 0 1 0
vn 0 1 0
vn 0 1 0
vn 1 0 0
vn 1 0 0
vn 1 0 0
vn 1 0 0
vn -1 0 0
vn -1 0 0
vn -1 0 0
vn -1 0 0
vn 0 1 0
vn 0 1 0
vn 0 1 0
vn 0 1 0
vn 1 0 0
vn 1 0 0
vn 1 0 0
vn 1 0 0
vn -1 0 0
vn -1 0 0
vn -1 0 0
vn -1 0 0
vn 0 1 0
vn 0 1 0
vn 0 1 0
vn 0 1 0
vn 1 0 0
vn 1 0 0
vn 1 0 0
vn 1 0 0
vn -1 6.88764E-07 0
vn -1 6.887641E-07 0
vn -1 6.88764E-07 0
vn -1 6.88764E-07 0
vn 0 1 0
vn 0 1 0
vn 0 1 0
vn 0 1 0
vn 1 -7.240874E-07 0
vn 1 -7.240874E-07 0
vn 1 -7.240874E-07 0
vn 1 -7.240874E-07 0
vn -1 0 0
vn -1 0 0
vn -1 0 0
vn -1 0 0
vn 0 1 0
vn 0 1 0
vn 0 1 0
vn 0 1 0
vn 1 0 0
vn 1 0 0
vn 1 0 0
vn 1 0 0
vn -1 -6.887635E-07 0
vn -1 -6.887635E-07 0
vn -1 -6.887636E-07 0
vn -1 -6.887636E-07 0
vn 0 1 0
vn 0 1 0
vn 0 1 0
vn 0 1 0
vn 1 7.240869E-07 0
vn 1 7.240869E-07 0
vn 1 7.240869E-07 0
vn 1 7.240869E-07 0
vn 0 -8.477105E-06 1
vn 0 -8.477105E-06 1
vn 0 -8.477105E-06 1
vn 0 -8.477105E-06 1
vn 0.999921 -1.787603E-05 -0.01257829
vn 0.9663275 8.004762E-05 -0.257315
vn 0.9999219 -1.776257E-05 -0.01249634
vn 0.9663273 8.00496E-05 -0.2573159
vn 0.8690653 0.0004238033 -0.4946972
vn 0.8690687 0.0004238002 -0.4946912
vn 0.7178106 -0.004325183 -0.6962249
vn 0.7178154 -0.004324913 -0.69622
vn 0.01026798 9.195892E-06 -0.9999473
vn 0.01026798 9.195892E-06 -0.9999473
vn 0.2404898 -0.004460321 -0.9706415
vn 0.240139 -0.004448049 -0.9707283
vn 0.4989059 -0.009166501 -0.8666078
vn 0.4990967 -0.009166823 -0.8664978
vn 0.7178106 -0.004325183 -0.6962249
vn 0.7178154 -0.004324913 -0.69622
vn -1.246633E-06 0 -1
vn -1.246633E-06 0 -1
vn -1.246633E-06 0 -1
vn -1.246633E-06 0 -1
vn 1 0 0.0003340581
vn 0.999921 -1.787603E-05 -0.01257829
vn 0.9999219 -1.776257E-05 -0.01249634
vn 1 0 0.0003340581
vn 1 1.910199E-06 0.0003339507
vn 1 1.910199E-06 0.0003339507
vn 1 1.910199E-06 0.0003339507
vn 1 1.910199E-06 0.0003339507
vn 0.01026798 9.195892E-06 -0.9999473
vn 0.01026798 9.195892E-06 -0.9999473
vn -9.973065E-07 0 -1
vn -9.973065E-07 0 -1
vn 0.999921 -1.761593E-05 0.0125783
vn 0.9999219 -1.750278E-05 0.01249635
vn 0.9663275 8.023432E-05 0.257315
vn 0.9663273 8.023631E-05 0.2573158
vn 0.8690653 0.0004237662 0.4946972
vn 0.8690687 0.0004237631 0.4946912
vn 0.7178106 -0.004324775 0.6962249
vn 0.7178154 -0.004324505 0.69622
vn 0.01026797 9.195892E-06 0.9999473
vn 0.2404897 -0.004460355 0.9706415
vn 0.01026797 9.195892E-06 0.9999473
vn 0.240139 -0.004448083 0.9707283
vn 0.4989059 -0.00916627 0.8666078
vn 0.4990967 -0.009166593 0.8664978
vn 0.7178106 -0.004324775 0.6962249
vn 0.7178154 -0.004324505 0.69622
vn -1.246633E-06 0 1
vn -1.246633E-06 0 1
vn -1.246633E-06 0 1
vn -1.246633E-06 0 1
vn 1 2.11493E-07 -0.0003340581
vn 1 2.11493E-07 -0.0003340581
vn 0.9999219 -1.750278E-05 0.01249635
vn 0.999921 -1.761593E-05 0.0125783
vn 1 1.910199E-06 -0.0003339506
vn 1 1.910199E-06 -0.0003339506
vn 1 1.910199E-06 -0.0003339506
vn 1 1.910199E-06 -0.0003339507
vn 0.01026797 9.195892E-06 0.9999473
vn -9.973065E-07 0 1
vn -9.973065E-07 0 1
vn 0.01026797 9.195892E-06 0.9999473
vn -0.999921 -1.761593E-05 -0.0125783
vn -0.9999219 -1.750278E-05 -0.01249635
vn -0.9663275 8.023432E-05 -0.257315
vn -0.9663273 8.023631E-05 -0.2573158
vn -0.8690653 0.0004237662 -0.4946972
vn -0.8690687 0.0004237631 -0.4946912
vn -0.7178106 -0.004324775 -0.6962249
vn -0.7178154 -0.004324505 -0.69622
vn -0.01026797 9.195892E-06 -0.9999473
vn -0.2404897 -0.004460355 -0.9706415
vn -0.01026797 9.195892E-06 -0.9999473
vn -0.240139 -0.004448083 -0.9707283
vn -0.4989059 -0.00916627 -0.8666078
vn -0.4990967 -0.009166593 -0.8664978
vn -0.7178106 -0.004324775 -0.6962249
vn -0.7178154 -0.004324505 -0.69622
vn 1.246633E-06 0 -1
vn 1.246633E-06 0 -1
vn 1.246633E-06 0 -1
vn 1.246633E-06 0 -1
vn -1 2.11493E-07 0.0003340581
vn -1 2.11493E-07 0.0003340581
vn -0.9999219 -1.750278E-05 -0.01249635
vn -0.999921 -1.761593E-05 -0.0125783
vn -1 1.910199E-06 0.0003339506
vn -1 1.910199E-06 0.0003339506
vn -1 1.910199E-06 0.0003339506
vn -1 1.910199E-06 0.0003339507
vn -0.01026797 9.195892E-06 -0.9999473
vn 9.973065E-07 0 -1
vn 9.973065E-07 0 -1
vn -0.01026797 9.195892E-06 -0.9999473
vn -0.999921 -1.787603E-05 0.01257829
vn -0.9663275 8.004762E-05 0.257315
vn -0.9999219 -1.776257E-05 0.01249634
vn -0.9663273 8.00496E-05 0.2573159
vn -0.8690653 0.0004238033 0.4946972
vn -0.8690687 0.0004238002 0.4946912
vn -0.7178106 -0.004325183 0.6962249
vn -0.7178154 -0.004324913 0.69622
vn -0.01026798 9.195892E-06 0.9999473
vn -0.01026798 9.195892E-06 0.9999473
vn -0.2404898 -0.004460321 0.9706415
vn -0.240139 -0.004448049 0.9707283
vn 1.246633E-06 0 1
vn 1.246633E-06 0 1
vn 1.246633E-06 0 1
vn 1.246633E-06 0 1
vn -0.240139 -0.004448049 0.9707283
vn -0.2404898 -0.004460321 0.9706415
vn -0.4989059 -0.009166501 0.8666078
vn -0.4990967 -0.009166823 0.8664978
vn -0.7178106 -0.004325183 0.6962249
vn -0.7178154 -0.004324913 0.69622
vn -1 0 -0.0003340581
vn -0.999921 -1.787603E-05 0.01257829
vn -0.9999219 -1.776257E-05 0.01249634
vn -1 0 -0.0003340581
vn -1 1.910199E-06 -0.0003339507
vn -1 1.910199E-06 -0.0003339507
vn -1 1.910199E-06 -0.0003339507
vn -1 1.910199E-06 -0.0003339507
vn -0.01026798 9.195892E-06 0.9999473
vn -0.01026798 9.195892E-06 0.9999473
vn 9.973065E-07 0 1
vn 9.973065E-07 0 1
vn 0 1 0
vn 0 1 0
vn 0 1 0
vn 0 1 0
vn 0 1 0
vn 0 1 0
vn 0 1 0
vn 0 1 0
vn 0 1 0
vn 0 1 0
vn 0 1 0
vn 0 1 0
vn 0 1 0
vn 0 1 0
vn 0 1 0
vn 0 1 0
vn 0 1 0
vn 0 1 0
vn 0 1 0
vn 0 1 0
vn 0 1 0
vn 0 1 0
vn 0 1 0
vn 0 1 0
vn 0 1 0
vn 0 1 0
vn 0 1 0
vn 0 1 0
vn 0 1 0
vn 0 1 0
vn 0 1 0
vn 0 1 0
vn 0 1 0
vn 0 1 0
vn 0 1 0
vn 0 1 0
vn 0 1 0
vn 0 1 0
vn 0 1 0
vn 0 1 0
vn 0 1 0
vn 0 1 0
vn -0.7076148 4.962514E-06 -0.7065985
vn -0.7076148 4.962514E-06 -0.7065985
vn -0.7076148 4.962514E-06 -0.7065985
vn -0.2131134 -0.0003152966 -0.9770274
vn -0.2130865 -0.0003195606 -0.9770333
vn -0.2130865 -0.0003195606 -0.9770333
vn 0.5733941 4.966343E-06 -0.8192797
vn 0.5733941 4.966343E-06 -0.8192798
vn 0.5733941 4.966343E-06 -0.8192797
vn 0.9999954 0 0.003048766
vn 0.9999954 0 0.003048766
vn 0.9999954 0 0.003048766
vn 0.5797939 2.483356E-06 0.8147631
vn 0.5797939 2.483355E-06 0.8147631
vn 0.5797939 2.483356E-06 0.8147631
vn -0.7041773 0 0.7100243
vn -0.7041772 0 0.7100243
vn -0.7041772 0 0.7100243
vn -0.2108746 -0.0003232704 0.9775131
vn -0.2108746 -0.0003232705 0.9775131
vn -0.2108949 -0.0003193269 0.9775087
vn -0.9999583 4.958221E-06 0.009138994
vn -0.9999583 4.958221E-06 0.009138994
vn -0.9999583 4.958221E-06 0.009138994
vn 0.9284059 -0.3197099 -0.1893355
vn 0.7461326 -0.02046597 -0.6654828
vn -0.7619972 0.1676697 0.6254975
vn -0.8979748 0.4192673 0.1336269
vn 0.9208004 -0.389823 0.01282401
vn -0.8967354 0.4392654 -0.05395862
vn 0.8418412 -0.5339071 0.07903518
vn -0.8042448 0.5799976 -0.1295877
vn -0.5390137 0.7228476 -0.4323836
vn 0.5848172 -0.7173975 0.3785891
vn -0.727715 0.6852007 -0.03051403
vn -0.8526393 0.5166839 0.07774286
vn -0.8379349 0.3520303 0.4170609
vn -0.8706695 0.3481083 0.3474983
vn 0.3585898 -0.05037571 -0.932135
vn -0.8550699 0.1005357 0.5086728
vn -0.3753155 -0.07649713 0.9237351
vn 0.6905603 -0.1714507 -0.70266
vn -0.9655144 0.1390006 0.2201383
vn 0.9409226 -0.304001 -0.1491581
vn -0.8017112 0.1503922 0.578482
vn 0.7832291 -0.3157631 -0.53558
vn -0.6632643 0.2985093 0.6862745
vn 0.5854079 -0.4115329 -0.6985259
vn -0.7071545 0 0.7070591
vn -0.7071545 0 0.7070591
vn -0.7071545 0 0.7070591
vn -0.7071545 0 0.7070591
vn 0.2507658 0 0.9680477
vn 0.2507658 0 0.9680477
vn 0.2507658 0 0.9680477
vn 0.2507658 0 0.9680477
vn 0.7070113 0 -0.7072022
vn 0.7070113 0 -0.7072022
vn 0.7070113 0 -0.7072022
vn 0.7070113 0 -0.7072022
vn 0 1 0
vn 0 1 0
vn 0 1 0
vn 0 1 -5.302002E-06
vn 0 1 5.480533E-06
vn 0 1 -5.302003E-06
vn 0 1 -5.302002E-06
vn 0 1 -5.302002E-06
vn 0.9680868 0 0.2506148
vn 0.9680868 0 0.2506148
vn 0.9680868 0 0.2506148
vn 0.9680868 0 0.2506148
vn -0.2130865 -0.0003195606 -0.9770333
vn -0.2130865 -0.0003195607 -0.9770333
vn -0.22114 0.0009543452 -0.9752416
vn -0.2131134 -0.0003152966 -0.9770274
vn -0.2287028 0.002152805 -0.9734938
vn -0.9769078 -0.0003214204 -0.2136608
vn -0.9742473 0.002010182 -0.2254735
vn -0.9755599 0.0008760317 -0.2197316
vn -0.9769123 -0.0003254037 -0.2136406
vn -0.9769123 -0.0003254037 -0.2136406
vn -0.9769123 -0.0003254036 -0.2136406
vn -0.7384161 0.2888536 0.6093482
vn -0.8379349 0.3520303 0.4170609
vn -0.8706695 0.3481083 0.3474983
vn -0.8199484 0.242842 0.5183746
vn -0.6632643 0.2985093 0.6862745
vn -0.8017112 0.1503922 0.578482
vn -0.9655144 0.1390006 0.2201383
vn -0.9577691 0.2163289 0.1894208
vn -0.9523263 0.2161811 0.215268
vn -0.9358757 0.3492234 0.04668949
vn -0.8526393 0.5166839 0.07774286
vn -0.9017609 0.2392999 0.3599483
vn -0.822453 0.1525786 0.5479881
vn -0.8550699 0.1005357 0.5086728
vn -0.3753155 -0.07649713 0.9237351
vn -0.5360361 0.05961255 0.8420877
vn -0.8928706 0.2404836 0.3807225
vn -0.7619972 0.1676697 0.6254975
vn -0.8979748 0.4192673 0.1336269
vn -0.9358757 0.3492234 0.04668949
vn -0.8979748 0.4192673 0.1336269
vn -0.9017609 0.2392999 0.3599483
vn -0.8967354 0.4392654 -0.05395862
vn -0.8526393 0.5166839 0.07774286
vn -0.8042448 0.5799976 -0.1295877
vn 0.7348857 -0.6774586 -0.0315101
vn 0.5848172 -0.7173975 0.3785891
vn -0.5390137 0.7228476 -0.4323836
vn -0.727715 0.6852007 -0.03051403
vn 0.810876 -0.3301645 -0.4831891
vn -0.8379349 0.3520303 0.4170609
vn 0.6973132 -0.2857185 -0.6573578
vn -0.7384161 0.2888536 0.6093482
vn 0.5854079 -0.4115329 -0.6985259
vn -0.6632643 0.2985093 0.6862745
vn 0.8418412 -0.5339071 0.07903518
vn 0.8529605 -0.5162646 -0.07700089
vn 0.9357936 -0.3495595 -0.04580836
vn 0.9208004 -0.389823 0.01282401
vn 0.9013828 -0.239088 -0.3610345
vn 0.9284059 -0.3197099 -0.1893355
vn 0.7348857 -0.6774586 -0.0315101
vn 0.810876 -0.3301645 -0.4831891
vn 0.8718759 -0.3456636 -0.3469136
vn 0.8529605 -0.5162646 -0.07700089
vn 0.8418412 -0.5339071 0.07903518
vn 0.5848172 -0.7173975 0.3785891
vn 0.6973132 -0.2857185 -0.6573578
vn 0.5854079 -0.4115329 -0.6985259
vn 0.7832291 -0.3157631 -0.53558
vn 0.82021 -0.243583 -0.5176126
vn 0.810876 -0.3301645 -0.4831891
vn 0.9409226 -0.304001 -0.1491581
vn 0.8718759 -0.3456636 -0.3469136
vn 0.9498993 -0.2455057 -0.1934379
vn 0.7922554 -0.1405003 -0.5937938
vn 0.6905603 -0.1714507 -0.70266
vn 0.3585898 -0.05037571 -0.932135
vn 0.5359781 -0.05967471 -0.8421202
vn 0.9577371 -0.2161801 -0.1897514
vn 0.8529605 -0.5162646 -0.07700089
vn 0.9357936 -0.3495595 -0.04580836
vn 0.8926677 -0.2405014 -0.3811869
vn 0.9013828 -0.239088 -0.3610345
vn 0.7461326 -0.02046597 -0.6654828
vn 0.9284059 -0.3197099 -0.1893355
vn 0.3475399 -0.3196322 0.8815052
vn 0.7848327 -0.02038765 0.6193722
vn -0.7481893 0.167676 -0.6419483
vn -0.28735 0.4193066 -0.861169
vn 0.1471471 -0.3898043 0.9090657
vn -0.1024038 0.4392646 -0.8925021
vn 0.06818076 -0.5339085 0.8427889
vn -0.01189641 0.5799747 -0.8145476
vn 0.3322842 0.7228635 -0.6058511
vn -0.2714061 -0.7173585 0.6416661
vn -0.09617388 0.6851987 -0.7219788
vn -0.224431 0.5166786 -0.8262409
vn -0.5561033 0.3520617 -0.7528622
vn -0.4932557 0.348113 -0.7971928
vn 0.9802045 -0.05033056 0.1914835
vn -0.6492925 0.1005974 -0.7538562
vn -0.9748556 -0.07633302 -0.2093555
vn 0.8117955 -0.1713578 0.5582334
vn -0.3842725 0.1390535 -0.9126877
vn 0.3101774 -0.3039528 0.9007789
vn -0.7087613 0.1503141 -0.6892481
vn 0.6633294 -0.315723 0.6784639
vn -0.7909606 0.2983804 -0.534182
vn 0.7895112 -0.4114411 0.4553989
vn -0.8190191 0 -0.5737664
vn -0.8190191 0 -0.5737664
vn -0.8190191 0 -0.5737664
vn -0.8190191 0 -0.5737664
vn -0.9098921 0 0.414845
vn -0.9098921 0 0.414845
vn -0.9098921 0 0.414845
vn -0.9098921 0 0.414845
vn 0.8191199 0 0.5736224
vn 0.8191199 0 0.5736224
vn 0.8191199 0 0.5736224
vn 0.8191199 0 0.5736224
vn 0 1 -2.190965E-05
vn 0 1 -2.190965E-05
vn 0 1 -2.190965E-05
vn 0 1 2.119879E-05
vn 0 1 0
vn 0 1 2.119879E-05
vn 0 1 2.119879E-05
vn 0 1 2.119879E-05
vn -0.07878844 0 0.9968913
vn -0.07878844 0 0.9968913
vn -0.07878844 0 0.9968913
vn -0.07878844 0 0.9968913
vn 0.9250937 -0.0003195815 -0.3797389
vn 0.9250937 -0.0003195816 -0.379739
vn 0.9220432 0.0009768112 -0.3870856
vn 0.9250937 -0.0003195815 -0.3797389
vn 0.9250836 -0.000315241 -0.3797635
vn 0.9191196 0.002196015 -0.3939723
vn 0.04081076 -0.0003215387 -0.9991668
vn 0.05273541 0.00197177 -0.9986066
vn 0.04693351 0.0008558178 -0.9988977
vn 0.04079039 -0.0003254545 -0.9991677
vn 0.04079038 -0.0003254545 -0.9991677
vn 0.04079039 -0.0003254545 -0.9991677
vn -0.7282125 0.2888454 -0.6215103
vn -0.5561033 0.3520617 -0.7528622
vn -0.4932557 0.348113 -0.7971928
vn -0.6527433 0.2428418 -0.717603
vn -0.7909606 0.2983804 -0.534182
vn -0.7087613 0.1503141 -0.6892481
vn -0.3842725 0.1390535 -0.9126877
vn -0.3527107 0.2163245 -0.9103839
vn -0.3772065 0.2161906 -0.9005426
vn -0.2083379 0.3492204 -0.9135866
vn -0.224431 0.5166786 -0.8262409
vn -0.5109174 0.2392708 -0.8256591
vn -0.6823617 0.1525969 -0.7149103
vn -0.6492925 0.1005974 -0.7538562
vn -0.9748556 -0.07633302 -0.2093555
vn -0.9223055 0.05960495 -0.3818373
vn -0.5298487 0.2404701 -0.8132862
vn -0.7481893 0.167676 -0.6419483
vn -0.28735 0.4193066 -0.861169
vn -0.2083379 0.3492204 -0.9135866
vn -0.28735 0.4193066 -0.861169
vn -0.5109174 0.2392708 -0.8256591
vn -0.1024038 0.4392646 -0.8925021
vn -0.224431 0.5166786 -0.8262409
vn -0.01189641 0.5799747 -0.8145476
vn 0.158502 -0.6774827 0.7182578
vn -0.2714061 -0.7173585 0.6416661
vn 0.3322842 0.7228635 -0.6058511
vn -0.09617388 0.6851987 -0.7219788
vn 0.6164888 -0.3302048 0.7147771
vn -0.5561033 0.3520617 -0.7528622
vn 0.7683433 -0.2856717 0.572748
vn -0.7282125 0.2888454 -0.6215103
vn 0.7895112 -0.4114411 0.4553989
vn -0.7909606 0.2983804 -0.534182
vn 0.06818076 -0.5339085 0.8427889
vn 0.2237942 -0.5162759 0.8266653
vn 0.2074558 -0.3495499 0.9136612
vn 0.1471471 -0.3898043 0.9090657
vn 0.5119484 -0.2390879 0.8250732
vn 0.3475399 -0.3196322 0.8815052
vn 0.158502 -0.6774827 0.7182578
vn 0.6164888 -0.3302048 0.7147771
vn 0.492887 -0.3457085 0.7984661
vn 0.2237942 -0.5162759 0.8266653
vn 0.06818076 -0.5339085 0.8427889
vn -0.2714061 -0.7173585 0.6416661
vn 0.7683433 -0.2856717 0.572748
vn 0.7895112 -0.4114411 0.4553989
vn 0.6633294 -0.315723 0.6784639
vn 0.652047 -0.2435601 0.7179924
vn 0.6164888 -0.3302048 0.7147771
vn 0.3101774 -0.3039528 0.9007789
vn 0.492887 -0.3457085 0.7984661
vn 0.3553004 -0.2454933 0.9019394
vn 0.7222171 -0.1405186 0.6772421
vn 0.8117955 -0.1713578 0.5582334
vn 0.9802045 -0.05033056 0.1914835
vn 0.9223301 -0.05969135 0.3817644
vn 0.353012 -0.2161969 0.9102974
vn 0.2237942 -0.5162759 0.8266653
vn 0.2074558 -0.3495499 0.9136612
vn 0.5302504 -0.2405016 0.813015
vn 0.5119484 -0.2390879 0.8250732
vn 0.7848327 -0.02038765 0.6193722
vn 0.3475399 -0.3196322 0.8815052
vn -0.5254993 -0.3197051 0.7884409
vn -0.06065593 -0.0204496 0.9979493
vn 0.1001056 0.167681 -0.9807457
vn 0.5431312 0.4193112 -0.7274522
vn -0.6625172 -0.3898593 0.6395941
vn 0.6744283 0.4392779 -0.5934486
vn -0.6531177 -0.5339342 0.5369837
vn 0.6620697 0.5799953 -0.4746254
vn 0.687159 0.7228444 -0.07285997
vn -0.6818026 -0.7173495 0.1433701
vn 0.5379618 0.6851955 -0.4910237
vn 0.5503399 0.5166925 -0.6558619
vn 0.3008479 0.3520515 -0.8863127
vn 0.3730831 0.3480924 -0.8600237
vn 0.4022061 -0.05037831 0.914162
vn 0.2484941 0.100533 -0.9634022
vn -0.3844708 -0.07651833 -0.9199604
vn 0.004986281 -0.1714928 0.9851727
vn 0.5301313 0.139026 -0.8364404
vn -0.5626612 -0.3039922 0.768766
vn 0.1614184 0.1503967 -0.9753588
vn -0.1785049 -0.3157603 0.9318967
vn -0.01280341 0.2984748 -0.9543316
vn 0.07664363 -0.4115044 0.9081794
vn 0.003813855 0 -0.9999927
vn 0.003813855 0 -0.9999927
vn 0.003813855 0 -0.9999927
vn 0.003813855 0 -0.9999927
vn -0.8599582 0 -0.5103645
vn -0.8599582 0 -0.5103645
vn -0.8599582 0 -0.5103645
vn -0.8599582 0 -0.5103645
vn -0.003720603 0 0.9999931
vn -0.003720603 0 0.9999931
vn -0.003720603 0 0.9999931
vn -0.003720603 0 0.9999931
vn 0 1 0
vn 0 1 0
vn 0 1 0
vn 0 1 0
vn 0 1 -3.274326E-06
vn 0 1 0
vn 0 1 0
vn 0 1 0
vn -0.8636245 0 0.5041355
vn -0.8636245 0 0.5041355
vn -0.8636245 0 0.5041355
vn -0.8636245 0 0.5041355
vn 0.8397169 -0.0003151857 0.5430243
vn 0.8397169 -0.0003151857 0.5430243
vn 0.8440405 0.0009427336 0.5362786
vn 0.8397169 -0.0003151857 0.5430244
vn 0.8397315 -0.0003109745 0.5430019
vn 0.8480589 0.002126563 0.5298976
vn 0.8438697 -0.0003235699 -0.5365481
vn 0.8503208 0.002028449 -0.5262609
vn 0.8471988 0.0008843372 -0.5312752
vn 0.8438585 -0.0003275864 -0.5365655
vn 0.8438585 -0.0003275864 -0.5365655
vn 0.8438585 -0.0003275864 -0.5365655
vn 0.0947343 0.2888561 -0.9526739
vn 0.3008479 0.3520515 -0.8863127
vn 0.3730831 0.3480924 -0.8600237
vn 0.2167013 0.2428353 -0.9455535
vn -0.01280341 0.2984748 -0.9543316
vn 0.1614184 0.1503967 -0.9753588
vn 0.5301313 0.139026 -0.8364404
vn 0.5462628 0.2163235 -0.8091978
vn 0.5241926 0.2161821 -0.8237034
vn 0.6312921 0.3492361 -0.6924625
vn 0.5503399 0.5166925 -0.6558619
vn 0.3863899 0.2393024 -0.8907509
vn 0.1976052 0.1525813 -0.9683341
vn 0.2484941 0.100533 -0.9634022
vn -0.3844708 -0.07651833 -0.9199604
vn -0.2128478 0.05961218 -0.9752652
vn 0.3654492 0.2404808 -0.8992307
vn 0.1001056 0.167681 -0.9807457
vn 0.5431312 0.4193112 -0.7274522
vn 0.6312921 0.3492361 -0.6924625
vn 0.5431312 0.4193112 -0.7274522
vn 0.3863899 0.2393024 -0.8907509
vn 0.6744283 0.4392779 -0.5934486
vn 0.5503399 0.5166925 -0.6558619
vn 0.6620697 0.5799953 -0.4746254
vn -0.4993379 -0.6774732 0.5400848
vn -0.6818026 -0.7173495 0.1433701
vn 0.687159 0.7228444 -0.07285997
vn 0.5379618 0.6851955 -0.4910237
vn -0.2350708 -0.3301728 0.9141814
vn 0.3008479 0.3520515 -0.8863127
vn -0.03177493 -0.2857223 0.9577855
vn 0.0947343 0.2888561 -0.9526739
vn 0.07664363 -0.4115044 0.9081794
vn -0.01280341 0.2984748 -0.9543316
vn -0.6531177 -0.5339342 0.5369837
vn -0.5510866 -0.5162663 0.6555704
vn -0.6318548 -0.3495604 0.6917853
vn -0.6625172 -0.3898593 0.6395941
vn -0.3853458 -0.2391039 0.8912563
vn -0.5254993 -0.3197051 0.7884409
vn -0.4993379 -0.6774732 0.5400848
vn -0.2350708 -0.3301728 0.9141814
vn -0.3743382 -0.34569 0.8604472
vn -0.5510866 -0.5162663 0.6555704
vn -0.6531177 -0.5339342 0.5369837
vn -0.6818026 -0.7173495 0.1433701
vn -0.03177493 -0.2857223 0.9577855
vn 0.07664363 -0.4115044 0.9081794
vn -0.1785049 -0.3157603 0.9318967
vn -0.2174228 -0.2435988 0.9451916
vn -0.2350708 -0.3301728 0.9141814
vn -0.5626612 -0.3039922 0.768766
vn -0.3743382 -0.34569 0.8604472
vn -0.5378461 -0.2455132 0.8065016
vn -0.143944 -0.1404913 0.9795623
vn 0.004986281 -0.1714928 0.9851727
vn 0.4022061 -0.05037831 0.914162
vn 0.2129169 -0.05967657 0.9752461
vn -0.5460129 -0.2161723 0.8094068
vn -0.5510866 -0.5162663 0.6555704
vn -0.6318548 -0.3495604 0.6917853
vn -0.3649692 -0.2404955 0.8994218
vn -0.3853458 -0.2391039 0.8912563
vn -0.06065593 -0.0204496 0.9979493
vn -0.5254993 -0.3197051 0.7884409
vn -0.9469917 -0.3196898 0.03170479
vn -0.8467159 -0.02040738 0.5316536
vn 0.8557093 0.1676309 -0.4895524
vn 0.9076873 0.4192556 0.01812763
vn -0.9057338 -0.3898368 -0.166353
vn 0.8751534 0.4392528 0.202888
vn -0.8168368 -0.5339088 -0.218447
vn 0.7713701 0.5799563 0.2619903
vn 0.459248 0.722842 0.5163242
vn -0.5135491 -0.7173162 -0.4708766
vn 0.7123971 0.6852177 0.151549
vn 0.8536717 0.5166565 0.06565584
vn 0.8957747 0.3520625 -0.2713664
vn 0.9164488 0.3481306 -0.1972986
vn -0.5091674 -0.05033505 0.8591943
vn 0.9279732 0.1005696 -0.3588194
vn 0.5242051 -0.07642034 -0.8481562
vn -0.7981538 -0.1714435 0.5775446
vn 0.9887045 0.1390684 -0.0558876
vn -0.952656 -0.3038867 -0.009972636
vn 0.8870264 0.1504016 -0.4365358
vn -0.8616352 -0.3157585 0.3973428
vn 0.7685149 0.2984653 -0.5659536
vn -0.6938156 -0.411513 0.5909966
vn 0.8153155 0 -0.579017
vn 0.8153155 0 -0.579017
vn 0.8153155 0 -0.579017
vn 0.8153155 0 -0.579017
vn -0.0856069 0 -0.996329
vn -0.0856069 0 -0.996329
vn -0.0856069 0 -0.996329
vn -0.0856069 0 -0.996329
vn -0.8152456 0 0.5791153
vn -0.8152456 0 0.5791153
vn -0.8152456 0 0.5791153
vn -0.8152456 0 0.5791153
vn 0 1 5.478611E-06
vn 0 1 5.478612E-06
vn 0 1 5.478611E-06
vn 0 1 0
vn 0 1 -5.480533E-06
vn 0 1 0
vn 0 1 0
vn 0 1 0
vn -0.9127157 0 -0.4085949
vn -0.9127157 0 -0.4085949
vn -0.9127157 0 -0.4085949
vn -0.9127157 0 -0.4085949
vn 0.04725397 -0.0003187749 0.9988828
vn 0.04725398 -0.0003187749 0.9988828
vn 0.04725398 -0.0003187749 0.9988828
vn 0.04728024 -0.000314535 0.9988816
vn 0.05509833 0.0009479892 0.9984805
vn 0.06247535 0.002139746 0.9980443
vn 0.9275416 -0.0003204337 0.3737198
vn 0.922879 0.001990418 0.3850848
vn 0.9251651 0.0008663515 0.3795638
vn 0.9275495 -0.0003243807 0.3737004
vn 0.9275495 -0.0003243807 0.3737004
vn 0.9275494 -0.0003243806 0.3737003
vn 0.8297607 0.288853 -0.4775573
vn 0.8957747 0.3520625 -0.2713664
vn 0.9164488 0.3481306 -0.1972986
vn 0.894965 0.2428557 -0.3742442
vn 0.7685149 0.2984653 -0.5659536
vn 0.8870264 0.1504016 -0.4365358
vn 0.9887045 0.1390684 -0.0558876
vn 0.9759531 0.2163154 -0.0268883
vn 0.9748956 0.2161913 -0.05329046
vn 0.9305422 0.3492157 0.1101799
vn 0.8536717 0.5166565 0.06565584
vn 0.9491899 0.239299 -0.2043882
vn 0.9023834 0.152554 -0.4030277
vn 0.9279732 0.1005696 -0.3588194
vn 0.5242051 -0.07642034 -0.8481562
vn 0.6690588 0.05960537 -0.7408153
vn 0.9438947 0.2404757 -0.2263502
vn 0.8557093 0.1676309 -0.4895524
vn 0.9076873 0.4192556 0.01812763
vn 0.9305422 0.3492157 0.1101799
vn 0.9076873 0.4192556 0.01812763
vn 0.9491899 0.239299 -0.2043882
vn 0.8751534 0.4392528 0.202888
vn 0.8536717 0.5166565 0.06565584
vn 0.7713701 0.5799563 0.2619903
vn -0.7298124 -0.6774849 -0.09158526
vn -0.5135491 -0.7173162 -0.4708766
vn 0.459248 0.722842 0.5163242
vn 0.7123971 0.6852177 0.151549
vn -0.8801665 -0.3301431 0.3410462
vn 0.8957747 0.3520625 -0.2713664
vn -0.7972805 -0.2856848 0.5317217
vn 0.8297607 0.288853 -0.4775573
vn -0.6938156 -0.411513 0.5909966
vn 0.7685149 0.2984653 -0.5659536
vn -0.8168368 -0.5339088 -0.218447
vn -0.853848 -0.5162633 -0.06645235
vn -0.9303114 -0.3495589 -0.1110369
vn -0.9057338 -0.3898368 -0.166353
vn -0.9489946 -0.2390973 0.2055283
vn -0.9469917 -0.3196898 0.03170479
vn -0.7298124 -0.6774849 -0.09158526
vn -0.8801665 -0.3301431 0.3410462
vn -0.9175398 -0.3456878 0.1965209
vn -0.853848 -0.5162633 -0.06645235
vn -0.8168368 -0.5339088 -0.218447
vn -0.5135491 -0.7173162 -0.4708766
vn -0.7972805 -0.2856848 0.5317217
vn -0.6938156 -0.411513 0.5909966
vn -0.8616352 -0.3157585 0.3973428
vn -0.8951058 -0.2435708 0.3734419
vn -0.8801665 -0.3301431 0.3410462
vn -0.952656 -0.3038867 -0.009972636
vn -0.9175398 -0.3456878 0.1965209
vn -0.9688617 -0.2455023 0.03218142
vn -0.8802542 -0.1405049 0.4532228
vn -0.7981538 -0.1714435 0.5775446
vn -0.5091674 -0.05033505 0.8591943
vn -0.6690071 -0.05965964 0.7408578
vn -0.9759703 -0.216195 0.02723521
vn -0.853848 -0.5162633 -0.06645235
vn -0.9303114 -0.3495589 -0.1110369
vn -0.9437666 -0.2405027 0.2268549
vn -0.9489946 -0.2390973 0.2055283
vn -0.8467159 -0.02040738 0.5316536
vn -0.9469917 -0.3196898 0.03170479
vn -0.1920529 -0.3196851 -0.9278562
vn -0.6676936 -0.02045761 -0.744155
vn 0.6277893 0.167662 0.7601119
vn 0.1362949 0.4193172 0.8975505
vn 0.0101034 -0.3898153 -0.9208376
vn -0.05134552 0.439309 0.8968674
vn 0.07657497 -0.5339183 -0.8420616
vn -0.1272747 0.5799895 0.80462
vn -0.4307643 0.7228503 0.5403051
vn 0.3768828 -0.7173915 -0.5859256
vn -0.0283406 0.6852104 0.7277936
vn 0.08025959 0.5166839 0.8524061
vn 0.4195355 0.3520414 0.836694
vn 0.3500898 0.3480973 0.8696352
vn -0.9331905 -0.05040054 -0.3558304
vn 0.5112001 0.1005353 0.8535613
vn 0.9248598 -0.0765142 0.3725317
vn -0.7047049 -0.1713983 -0.6884865
vn 0.2230036 0.1390733 0.9648461
vn -0.1519249 -0.3039392 -0.9404998
vn 0.5808313 0.1504631 0.7999974
vn -0.5379101 -0.3157502 -0.7816358
vn 0.6882468 0.2985233 0.6612112
vn -0.7002614 -0.4115243 -0.5833367
vn 0.7091777 0 0.7050298
vn 0.7091777 0 0.7050298
vn 0.7091777 0 0.7050298
vn 0.7091777 0 0.7050298
vn 0.9673496 0 -0.2534456
vn 0.9673496 0 -0.2534456
vn 0.9673496 0 -0.2534456
vn 0.9673496 0 -0.2534456
vn -0.7092499 0 -0.7049571
vn -0.7092499 0 -0.7049571
vn -0.7092499 0 -0.7049571
vn -0.7092499 0 -0.7049571
vn 0 1 0
vn 0 1 0
vn 0 1 0
vn 0 1 -1.060221E-05
vn 0 1 0
vn 0 1 -1.060221E-05
vn 0 1 -1.060221E-05
vn 0 1 -1.060221E-05
vn 0.2477647 0 -0.9688203
vn 0.2477647 0 -0.9688203
vn 0.2477647 0 -0.9688203
vn 0.2477647 0 -0.9688203
vn -0.9763425 -0.000323847 0.2162296
vn -0.9763425 -0.000323847 0.2162296
vn -0.974578 0.00095661 0.2240461
vn -0.9763425 -0.000323847 0.2162296
vn -0.9763367 -0.0003195608 0.2162558
vn -0.9728589 0.002161599 0.2313889
vn -0.2108949 -0.0003193269 0.9775087
vn -0.222736 0.001989967 0.9748768
vn -0.21698 0.0008666264 0.9761756
vn -0.2108746 -0.0003232705 0.9775131
vn -0.2108746 -0.0003232704 0.9775131
vn 0.6115463 0.2888519 0.7365974
vn 0.4195355 0.3520414 0.836694
vn 0.3500898 0.3480973 0.8696352
vn 0.5208045 0.2428413 0.8184074
vn 0.6882468 0.2985233 0.6612112
vn 0.5808313 0.1504631 0.7999974
vn 0.2230036 0.1390733 0.9648461
vn 0.1922587 0.2163126 0.9572071
vn 0.2180967 0.2161765 0.9516835
vn 0.04944345 0.3492194 0.9357356
vn 0.08025959 0.5166839 0.8524061
vn 0.3626281 0.2393053 0.9006853
vn 0.5504209 0.1525747 0.8208275
vn 0.5112001 0.1005353 0.8535613
vn 0.9248598 -0.0765142 0.3725317
vn 0.8436873 0.05960191 0.5335159
vn 0.3833479 0.2404774 0.8917484
vn 0.6277893 0.167662 0.7601119
vn 0.1362949 0.4193172 0.8975505
vn 0.04944345 0.3492194 0.9357356
vn 0.1362949 0.4193172 0.8975505
vn 0.3626281 0.2393053 0.9006853
vn -0.05134552 0.439309 0.8968674
vn 0.08025959 0.5166839 0.8524061
vn -0.1272747 0.5799895 0.80462
vn -0.03369802 -0.6774543 -0.7347926
vn 0.3768828 -0.7173915 -0.5859256
vn -0.4307643 0.7228503 0.5403051
vn -0.0283406 0.6852104 0.7277936
vn -0.4855697 -0.3301733 -0.809449
vn 0.4195355 0.3520414 0.836694
vn -0.6594141 -0.2857314 -0.6953638
vn 0.6115463 0.2888519 0.7365974
vn -0.7002614 -0.4115243 -0.5833367
vn 0.6882468 0.2985233 0.6612112
vn 0.07657497 -0.5339183 -0.8420616
vn -0.0795275 -0.5162587 -0.8527324
vn -0.04855808 -0.3495679 -0.9356518
vn 0.0101034 -0.3898153 -0.9208376
vn -0.3636913 -0.239107 -0.9003091
vn -0.1920529 -0.3196851 -0.9278562
vn -0.03369802 -0.6774543 -0.7347926
vn -0.4855697 -0.3301733 -0.809449
vn -0.3494989 -0.3456581 -0.870845
vn -0.0795275 -0.5162587 -0.8527324
vn 0.07657497 -0.5339183 -0.8420616
vn 0.3768828 -0.7173915 -0.5859256
vn -0.6594141 -0.2857314 -0.6953638
vn -0.7002614 -0.4115243 -0.5833367
vn -0.5379101 -0.3157502 -0.7816358
vn -0.5200361 -0.2435929 -0.8186727
vn -0.4855697 -0.3301733 -0.809449
vn -0.1519249 -0.3039392 -0.9404998
vn -0.3494989 -0.3456581 -0.870845
vn -0.1962486 -0.2454977 -0.9493247
vn -0.5961438 -0.1404978 -0.7904891
vn -0.7047049 -0.1713983 -0.6884865
vn -0.9331905 -0.05040054 -0.3558304
vn -0.8437104 -0.05968487 -0.5334701
vn -0.1925889 -0.2161759 -0.9571716
vn -0.0795275 -0.5162587 -0.8527324
vn -0.04855808 -0.3495679 -0.9356518
vn -0.3838314 -0.2404827 -0.8915389
vn -0.3636913 -0.239107 -0.9003091
vn -0.6676936 -0.02045761 -0.744155
vn -0.1920529 -0.3196851 -0.9278562
vn 0.5151831 -0.3196762 -0.7952318
vn 0.04763516 -0.02040008 -0.9986565
vn -0.08732994 0.1676828 0.9819654
vn -0.5336116 0.4192904 0.7344754
vn 0.6541201 -0.3898186 -0.6482039
vn -0.6666309 0.4392298 0.6022295
vn 0.6460477 -0.5339354 -0.5454682
vn -0.6558236 0.5799423 0.4832828
vn -0.6861752 0.7228245 0.081783
vn 0.6798863 -0.7173679 -0.1521116
vn -0.5315017 0.6851879 0.4980196
vn -0.5417393 0.5166661 0.6630043
vn -0.2892521 0.352051 0.8901647
vn -0.3618478 0.3481118 0.8648031
vn -0.4140786 -0.05035978 -0.908847
vn -0.2359301 0.1005563 0.9665533
vn 0.3963848 -0.07655405 0.9148872
vn -0.01778197 -0.1714995 -0.9850237
vn -0.5191743 0.1390333 0.8432839
vn 0.5526097 -0.3039744 -0.7760298
vn -0.1487104 0.150366 0.9773818
vn 0.1663685 -0.3157372 -0.9341476
vn 0.02523661 0.2984908 0.9540788
vn -0.08847611 -0.4115197 -0.9070962
vn 0.00925181 0 0.9999572
vn 0.00925181 0 0.9999572
vn 0.00925181 0 0.9999572
vn 0.00925181 0 0.9999572
vn 0.8665477 0 0.4990943
vn 0.8665477 0 0.4990943
vn 0.8665477 0 0.4990943
vn 0.8665477 0 0.4990943
vn -0.009350783 0 -0.9999563
vn -0.009350783 0 -0.9999563
vn -0.009350783 0 -0.9999563
vn -0.009350783 0 -0.9999563
vn 0 1 0
vn 0 1 0
vn 0 1 0
vn 0 1 0
vn 0 1 -3.254637E-06
vn 0 1 0
vn 0 1 0
vn 0 1 0
vn 0.8568609 0 -0.5155475
vn 0.8568609 0 -0.5155475
vn 0.8568609 0 -0.5155475
vn 0.8568609 0 -0.5155475
vn -0.8467736 -0.0003217264 -0.5319533
vn -0.8467736 -0.0003217265 -0.5319534
vn -0.850925 0.0009756719 -0.5252864
vn -0.8467736 -0.0003217265 -0.5319534
vn -0.8467877 -0.0003173829 -0.531931
vn -0.8547818 0.002196362 -0.518983
vn -0.8366603 -0.0003212631 0.5477222
vn -0.8431975 0.001959576 0.5376005
vn -0.8400332 0.0008500547 0.5425344
vn -0.8366489 -0.0003251591 0.5477393
vn -0.8366489 -0.0003251592 0.5477393
vn -0.8366489 -0.0003251591 0.5477393
vn -0.08230679 0.2888519 0.9538292
vn -0.2892521 0.352051 0.8901647
vn -0.3618478 0.3481118 0.8648031
vn -0.204361 0.2428482 0.9482939
vn 0.02523661 0.2984908 0.9540788
vn -0.1487104 0.150366 0.9773818
vn -0.5191743 0.1390333 0.8432839
vn -0.5356694 0.2163292 0.8162475
vn -0.5134085 0.2161849 0.8304673
vn -0.6222122 0.3492288 0.7006363
vn -0.5417393 0.5166661 0.6630043
vn -0.3747523 0.2393064 0.8957083
vn -0.1849821 0.1525712 0.9708263
vn -0.2359301 0.1005563 0.9665533
vn 0.3963848 -0.07655405 0.9148872
vn 0.2255281 0.05961107 0.9724113
vn -0.3536846 0.2404705 0.9039254
vn -0.08732994 0.1676828 0.9819654
vn -0.5336116 0.4192904 0.7344754
vn -0.6222122 0.3492288 0.7006363
vn -0.5336116 0.4192904 0.7344754
vn -0.3747523 0.2393064 0.8957083
vn -0.6666309 0.4392298 0.6022295
vn -0.5417393 0.5166661 0.6630043
vn -0.6558236 0.5799423 0.4832828
vn 0.4922479 -0.6774509 -0.5465823
vn 0.6798863 -0.7173679 -0.1521116
vn -0.6861752 0.7228245 0.081783
vn -0.5315017 0.6851879 0.4980196
vn 0.2231344 -0.3301719 -0.9171683
vn -0.2892521 0.352051 0.8901647
vn 0.01928547 -0.2856997 -0.9581252
vn -0.08230679 0.2888519 0.9538292
vn -0.08847611 -0.4115197 -0.9070962
vn 0.02523661 0.2984908 0.9540788
vn 0.6460477 -0.5339354 -0.5454682
vn 0.5424772 -0.5162444 -0.6627294
vn 0.6227691 -0.3495301 -0.699991
vn 0.6541201 -0.3898186 -0.6482039
vn 0.3736991 -0.2390779 -0.8962091
vn 0.5151831 -0.3196762 -0.7952318
vn 0.4922479 -0.6774509 -0.5465823
vn 0.2231344 -0.3301719 -0.9171683
vn 0.3630967 -0.3456665 -0.8652603
vn 0.5424772 -0.5162444 -0.6627294
vn 0.6460477 -0.5339354 -0.5454682
vn 0.6798863 -0.7173679 -0.1521116
vn 0.01928547 -0.2856997 -0.9581252
vn -0.08847611 -0.4115197 -0.9070962
vn 0.1663685 -0.3157372 -0.9341476
vn 0.20508 -0.2435804 -0.9479508
vn 0.2231344 -0.3301719 -0.9171683
vn 0.5526097 -0.3039744 -0.7760298
vn 0.3630967 -0.3456665 -0.8652603
vn 0.527294 -0.2455139 -0.8134397
vn 0.13116 -0.1405096 -0.9813532
vn -0.01778197 -0.1714995 -0.9850237
vn -0.4140786 -0.05035978 -0.908847
vn -0.2256224 -0.05967774 -0.9723852
vn 0.535416 -0.2161918 -0.8164502
vn 0.5424772 -0.5162444 -0.6627294
vn 0.6227691 -0.3495301 -0.699991
vn 0.353208 -0.2405112 -0.904101
vn 0.3736991 -0.2390779 -0.8962091
vn 0.04763516 -0.02040008 -0.9986565
vn 0.5151831 -0.3196762 -0.7952318
g st_040_Stadium_0
f 3/3/3 2/2/2 1/1/1
f 6/6/6 5/5/5 4/4/4
f 9/9/9 8/8/8 7/7/7
f 12/12/12 11/11/11 10/10/10
f 15/15/15 14/14/14 13/13/13
f 18/18/18 17/17/17 16/16/16
f 21/21/21 20/20/20 19/19/19
f 24/24/24 23/23/23 22/22/22
f 23/23/23 25/25/25 22/22/22
f 22/22/22 25/25/25 26/26/26
f 25/25/25 27/27/27 26/26/26
f 30/30/30 29/29/29 28/28/28
f 29/29/29 31/31/31 28/28/28
f 32/32/32 28/28/28 31/31/31
f 33/33/33 32/32/32 31/31/31
f 36/36/36 35/35/35 34/34/34
f 37/37/37 36/36/36 34/34/34
f 40/40/40 39/39/39 38/38/38
f 41/41/41 40/40/40 38/38/38
f 44/44/44 43/43/43 42/42/42
f 45/45/45 44/44/44 42/42/42
f 45/45/45 42/42/42 46/46/46
f 42/42/42 47/47/47 46/46/46
f 50/50/50 49/49/49 48/48/48
f 51/51/51 50/50/50 48/48/48
f 54/54/54 53/53/53 52/52/52
f 55/55/55 54/54/54 52/52/52
f 58/58/58 57/57/57 56/56/56
f 59/59/59 58/58/58 56/56/56
f 62/62/62 61/61/61 60/60/60
f 63/63/63 62/62/62 60/60/60
f 66/66/66 65/65/65 64/64/64
f 67/67/67 66/66/66 64/64/64
f 68/68/68 66/66/66 67/67/67
f 67/67/67 64/64/64 69/69/69
f 70/70/70 68/68/68 67/67/67
f 71/71/71 67/67/67 69/69/69
f 70/70/70 67/67/67 71/71/71
f 71/71/71 69/69/69 72/72/72
f 73/73/73 70/70/70 71/71/71
f 74/74/74 71/71/71 72/72/72
f 73/73/73 71/71/71 74/74/74
f 75/75/75 73/73/73 74/74/74
f 78/78/78 77/77/77 76/76/76
f 79/79/79 78/78/78 76/76/76
f 79/79/79 76/76/76 80/80/80
f 81/81/81 79/79/79 80/80/80
f 81/81/81 80/80/80 82/82/82
f 83/83/83 81/81/81 82/82/82
f 86/86/86 85/85/85 84/84/84
f 87/87/87 86/86/86 84/84/84
f 87/87/87 84/84/84 88/88/88
f 89/89/89 87/87/87 88/88/88
f 92/92/92 91/91/91 90/90/90
f 93/93/93 92/92/92 90/90/90
f 94/94/94 92/92/92 93/93/93
f 95/95/95 94/94/94 93/93/93
f 98/98/98 97/97/97 96/96/96
f 99/99/99 98/98/98 96/96/96
f 99/99/99 100/100/100 98/98/98
f 100/100/100 101/101/101 98/98/98
f 100/100/100 102/102/102 101/101/101
f 102/102/102 103/103/103 101/101/101
f 106/106/106 105/105/105 104/104/104
f 107/107/107 106/106/106 104/104/104
f 107/107/107 108/108/108 106/106/106
f 108/108/108 109/109/109 106/106/106
f 108/108/108 110/110/110 109/109/109
f 110/110/110 111/111/111 109/109/109
f 114/114/114 113/113/113 112/112/112
f 115/115/115 114/114/114 112/112/112
f 115/115/115 112/112/112 116/116/116
f 117/117/117 115/115/115 116/116/116
f 117/117/117 116/116/116 118/118/118
f 119/119/119 117/117/117 118/118/118
f 122/122/122 121/121/121 120/120/120
f 123/123/123 122/122/122 120/120/120
f 120/120/120 124/124/124 123/123/123
f 124/124/124 125/125/125 123/123/123
f 124/124/124 126/126/126 125/125/125
f 126/126/126 127/127/127 125/125/125
f 130/130/130 129/129/129 128/128/128
f 131/131/131 130/130/130 128/128/128
f 131/131/131 128/128/128 132/132/132
f 133/133/133 131/131/131 132/132/132
f 133/133/133 132/132/132 134/134/134
f 135/135/135 133/133/133 134/134/134
f 138/138/138 137/137/137 136/136/136
f 139/139/139 138/138/138 136/136/136
f 142/142/142 141/141/141 140/140/140
f 143/143/143 142/142/142 140/140/140
f 146/146/146 145/145/145 144/144/144
f 147/147/147 146/146/146 144/144/144
f 150/150/150 149/149/149 148/148/148
f 149/149/149 151/151/151 148/148/148
f 148/148/148 151/151/151 152/152/152
f 153/153/153 148/148/148 152/152/152
f 156/156/156 155/155/155 154/154/154
f 157/157/157 156/156/156 154/154/154
f 157/157/157 154/154/154 158/158/158
f 159/159/159 157/157/157 158/158/158
f 162/162/162 161/161/161 160/160/160
f 163/163/163 162/162/162 160/160/160
f 166/166/166 165/165/165 164/164/164
f 167/167/167 166/166/166 164/164/164
f 170/170/170 169/169/169 168/168/168
f 171/171/171 170/170/170 168/168/168
f 174/174/174 173/173/173 172/172/172
f 175/175/175 174/174/174 172/172/172
f 178/178/178 177/177/177 176/176/176
f 179/179/179 178/178/178 176/176/176
f 182/182/182 181/181/181 180/180/180
f 183/183/183 182/182/182 180/180/180
f 186/186/186 185/185/185 184/184/184
f 187/187/187 186/186/186 184/184/184
f 190/190/190 189/189/189 188/188/188
f 191/191/191 190/190/190 188/188/188
f 194/194/194 193/193/193 192/192/192
f 195/195/195 194/194/194 192/192/192
f 198/198/198 197/197/197 196/196/196
f 197/197/197 199/199/199 196/196/196
f 196/196/196 199/199/199 200/200/200
f 201/201/201 196/196/196 200/200/200
f 204/204/204 203/203/203 202/202/202
f 205/205/205 204/204/204 202/202/202
f 208/208/208 207/207/207 206/206/206
f 209/209/209 208/208/208 206/206/206
f 210/210/210 209/209/209 206/206/206
f 213/213/213 212/212/212 211/211/211
f 214/214/214 213/213/213 211/211/211
f 217/217/217 216/216/216 215/215/215
f 218/218/218 217/217/217 215/215/215
f 221/221/221 220/220/220 219/219/219
f 222/222/222 221/221/221 219/219/219
f 221/221/221 222/222/222 223/223/223
f 222/222/222 224/224/224 223/223/223
f 223/223/223 224/224/224 225/225/225
f 224/224/224 226/226/226 225/225/225
f 229/229/229 228/228/228 227/227/227
f 230/230/230 229/229/229 227/227/227
f 233/233/233 232/232/232 231/231/231
f 234/234/234 233/233/233 231/231/231
f 237/237/237 236/236/236 235/235/235
f 238/238/238 237/237/237 235/235/235
f 238/238/238 235/235/235 239/239/239
f 240/240/240 238/238/238 239/239/239
f 240/240/240 239/239/239 241/241/241
f 242/242/242 240/240/240 241/241/241
f 245/245/245 244/244/244 243/243/243
f 246/246/246 245/245/245 243/243/243
f 249/249/249 248/248/248 247/247/247
f 250/250/250 249/249/249 247/247/247
f 253/253/253 252/252/252 251/251/251
f 254/254/254 253/253/253 251/251/251
f 257/257/257 256/256/256 255/255/255
f 258/258/258 257/257/257 255/255/255
f 261/261/261 260/260/260 259/259/259
f 262/262/262 261/261/261 259/259/259
f 265/265/265 264/264/264 263/263/263
f 266/266/266 265/265/265 263/263/263
f 269/269/269 268/268/268 267/267/267
f 270/270/270 269/269/269 267/267/267
f 273/273/273 272/272/272 271/271/271
f 274/274/274 273/273/273 271/271/271
f 277/277/277 276/276/276 275/275/275
f 278/278/278 277/277/277 275/275/275
f 281/281/281 280/280/280 279/279/279
f 282/282/282 281/281/281 279/279/279
f 285/285/285 284/284/284 283/283/283
f 284/284/284 286/286/286 283/283/283
f 283/283/283 286/286/286 287/287/287
f 286/286/286 288/288/288 287/287/287
f 287/287/287 288/288/288 289/289/289
f 288/288/288 290/290/290 289/289/289
f 293/293/293 292/292/292 291/291/291
f 294/294/294 293/293/293 291/291/291
f 294/294/294 291/291/291 295/295/295
f 296/296/296 294/294/294 295/295/295
f 299/299/299 298/298/298 297/297/297
f 300/300/300 299/299/299 297/297/297
f 297/297/297 301/301/301 300/300/300
f 301/301/301 302/302/302 300/300/300
f 305/305/305 304/304/304 303/303/303
f 304/304/304 306/306/306 303/303/303
f 303/303/303 306/306/306 307/307/307
f 306/306/306 308/308/308 307/307/307
f 311/311/311 310/310/310 309/309/309
f 310/310/310 312/312/312 309/309/309
f 310/310/310 313/313/313 312/312/312
f 313/313/313 314/314/314 312/312/312
f 317/317/317 316/316/316 315/315/315
f 316/316/316 318/318/318 315/315/315
f 319/319/319 315/315/315 318/318/318
f 320/320/320 319/319/319 318/318/318
f 321/321/321 319/319/319 320/320/320
f 322/322/322 321/321/321 320/320/320
f 325/325/325 324/324/324 323/323/323
f 326/326/326 325/325/325 323/323/323
f 329/329/329 328/328/328 327/327/327
f 330/330/330 329/329/329 327/327/327
f 333/333/333 332/332/332 331/331/331
f 334/334/334 333/333/333 331/331/331
f 334/334/334 331/331/331 335/335/335
f 331/331/331 336/336/336 335/335/335
f 339/339/339 338/338/338 337/337/337
f 340/340/340 339/339/339 337/337/337
f 343/343/343 342/342/342 341/341/341
f 342/342/342 344/344/344 341/341/341
f 344/344/344 345/345/345 341/341/341
f 348/348/348 347/347/347 346/346/346
f 349/349/349 348/348/348 346/346/346
f 352/352/352 351/351/351 350/350/350
f 353/353/353 352/352/352 350/350/350
f 356/356/356 355/355/355 354/354/354
f 355/355/355 357/357/357 354/354/354
f 357/357/357 355/355/355 358/358/358
f 359/359/359 357/357/357 358/358/358
f 359/359/359 358/358/358 360/360/360
f 361/361/361 359/359/359 360/360/360
f 364/364/364 363/363/363 362/362/362
f 365/365/365 364/364/364 362/362/362
f 368/368/368 367/367/367 366/366/366
f 369/369/369 368/368/368 366/366/366
f 372/372/372 371/371/371 370/370/370
f 371/371/371 373/373/373 370/370/370
f 370/370/370 373/373/373 374/374/374
f 373/373/373 375/375/375 374/374/374
f 374/374/374 375/375/375 376/376/376
f 375/375/375 377/377/377 376/376/376
f 380/380/380 379/379/379 378/378/378
f 381/381/381 380/380/380 378/378/378
f 384/384/384 383/383/383 382/382/382
f 385/385/385 384/384/384 382/382/382
f 388/388/388 387/387/387 386/386/386
f 389/389/389 388/388/388 386/386/386
f 392/392/392 391/391/391 390/390/390
f 393/393/393 392/392/392 390/390/390
f 396/396/396 395/395/395 394/394/394
f 397/397/397 396/396/396 394/394/394
f 400/400/400 399/399/399 398/398/398
f 401/401/401 400/400/400 398/398/398
f 404/404/404 403/403/403 402/402/402
f 405/405/405 404/404/404 402/402/402
f 408/408/408 407/407/407 406/406/406
f 409/409/409 408/408/408 406/406/406
f 412/412/412 411/411/411 410/410/410
f 413/413/413 412/412/412 410/410/410
f 416/416/416 415/415/415 414/414/414
f 417/417/417 416/416/416 414/414/414
f 420/420/420 419/419/419 418/418/418
f 421/421/421 420/420/420 418/418/418
f 424/424/424 423/423/423 422/422/422
f 425/425/425 424/424/424 422/422/422
f 428/428/428 427/427/427 426/426/426
f 427/427/427 429/429/429 426/426/426
f 426/426/426 429/429/429 430/430/430
f 431/431/431 426/426/426 430/430/430
f 434/434/434 433/433/433 432/432/432
f 435/435/435 434/434/434 432/432/432
f 438/438/438 437/437/437 436/436/436
f 439/439/439 438/438/438 436/436/436
f 442/442/442 441/441/441 440/440/440
f 443/443/443 442/442/442 440/440/440
f 446/446/446 445/445/445 444/444/444
f 447/447/447 446/446/446 444/444/444
f 450/450/450 449/449/449 448/448/448
f 451/451/451 450/450/450 448/448/448
f 454/454/454 453/453/453 452/452/452
f 455/455/455 454/454/454 452/452/452
f 458/458/458 457/457/457 456/456/456
f 459/459/459 458/458/458 456/456/456
f 462/462/462 461/461/461 460/460/460
f 463/463/463 462/462/462 460/460/460
f 463/463/463 460/460/460 464/464/464
f 460/460/460 465/465/465 464/464/464
f 468/468/468 467/467/467 466/466/466
f 467/467/467 469/469/469 466/466/466
f 466/466/466 469/469/469 470/470/470
f 469/469/469 471/471/471 470/470/470
f 474/474/474 473/473/473 472/472/472
f 475/475/475 474/474/474 472/472/472
f 478/478/478 477/477/477 476/476/476
f 479/479/479 478/478/478 476/476/476
f 482/482/482 481/481/481 480/480/480
f 483/483/483 482/482/482 480/480/480
f 486/486/486 485/485/485 484/484/484
f 487/487/487 486/486/486 484/484/484
f 490/490/490 489/489/489 488/488/488
f 491/491/491 490/490/490 488/488/488
f 494/494/494 493/493/493 492/492/492
f 495/495/495 494/494/494 492/492/492
f 498/498/498 497/497/497 496/496/496
f 499/499/499 498/498/498 496/496/496
f 502/502/502 501/501/501 500/500/500
f 503/503/503 502/502/502 500/500/500
f 503/503/503 500/500/500 504/504/504
f 505/505/505 503/503/503 504/504/504
f 508/508/508 507/507/507 506/506/506
f 509/509/509 508/508/508 506/506/506
f 506/506/506 510/510/510 509/509/509
f 510/510/510 511/511/511 509/509/509
f 514/514/514 513/513/513 512/512/512
f 515/515/515 514/514/514 512/512/512
f 518/518/518 517/517/517 516/516/516
f 519/519/519 518/518/518 516/516/516
f 522/522/522 521/521/521 520/520/520
f 521/521/521 523/523/523 520/520/520
f 520/520/520 523/523/523 524/524/524
f 525/525/525 520/520/520 524/524/524
f 528/528/528 527/527/527 526/526/526
f 529/529/529 528/528/528 526/526/526
f 532/532/532 531/531/531 530/530/530
f 533/533/533 532/532/532 530/530/530
f 536/536/536 535/535/535 534/534/534
f 537/537/537 536/536/536 534/534/534
f 540/540/540 539/539/539 538/538/538
f 541/541/541 540/540/540 538/538/538
f 544/544/544 543/543/543 542/542/542
f 543/543/543 545/545/545 542/542/542
f 543/543/543 546/546/546 545/545/545
f 542/542/542 545/545/545 547/547/547
f 546/546/546 548/548/548 545/545/545
f 545/545/545 549/549/549 547/547/547
f 545/545/545 548/548/548 549/549/549
f 547/547/547 549/549/549 550/550/550
f 548/548/548 551/551/551 549/549/549
f 549/549/549 552/552/552 550/550/550
f 549/549/549 551/551/551 552/552/552
f 551/551/551 553/553/553 552/552/552
f 556/556/556 555/555/555 554/554/554
f 555/555/555 557/557/557 554/554/554
f 554/554/554 557/557/557 558/558/558
f 557/557/557 559/559/559 558/558/558
f 558/558/558 559/559/559 560/560/560
f 559/559/559 561/561/561 560/560/560
f 564/564/564 563/563/563 562/562/562
f 563/563/563 565/565/565 562/562/562
f 562/562/562 565/565/565 566/566/566
f 565/565/565 567/567/567 566/566/566
f 570/570/570 569/569/569 568/568/568
f 569/569/569 571/571/571 568/568/568
f 569/569/569 572/572/572 571/571/571
f 572/572/572 573/573/573 571/571/571
f 576/576/576 575/575/575 574/574/574
f 575/575/575 577/577/577 574/574/574
f 578/578/578 577/577/577 575/575/575
f 579/579/579 578/578/578 575/575/575
f 580/580/580 578/578/578 579/579/579
f 581/581/581 580/580/580 579/579/579
f 584/584/584 583/583/583 582/582/582
f 583/583/583 585/585/585 582/582/582
f 586/586/586 585/585/585 583/583/583
f 587/587/587 586/586/586 583/583/583
f 588/588/588 586/586/586 587/587/587
f 589/589/589 588/588/588 587/587/587
f 592/592/592 591/591/591 590/590/590
f 591/591/591 593/593/593 590/590/590
f 590/590/590 593/593/593 594/594/594
f 593/593/593 595/595/595 594/594/594
f 594/594/594 595/595/595 596/596/596
f 595/595/595 597/597/597 596/596/596
f 600/600/600 599/599/599 598/598/598
f 599/599/599 601/601/601 598/598/598
f 602/602/602 598/598/598 601/601/601
f 603/603/603 602/602/602 601/601/601
f 604/604/604 602/602/602 603/603/603
f 605/605/605 604/604/604 603/603/603
f 608/608/608 607/607/607 606/606/606
f 607/607/607 609/609/609 606/606/606
f 606/606/606 609/609/609 610/610/610
f 609/609/609 611/611/611 610/610/610
f 610/610/610 611/611/611 612/612/612
f 611/611/611 613/613/613 612/612/612
f 616/616/616 615/615/615 614/614/614
f 617/617/617 616/616/616 614/614/614
f 620/620/620 619/619/619 618/618/618
f 621/621/621 620/620/620 618/618/618
f 624/624/624 623/623/623 622/622/622
f 625/625/625 624/624/624 622/622/622
f 628/628/628 627/627/627 626/626/626
f 629/629/629 628/628/628 626/626/626
f 629/629/629 626/626/626 630/630/630
f 626/626/626 631/631/631 630/630/630
f 634/634/634 633/633/633 632/632/632
f 633/633/633 635/635/635 632/632/632
f 632/632/632 635/635/635 636/636/636
f 635/635/635 637/637/637 636/636/636
f 640/640/640 639/639/639 638/638/638
f 641/641/641 640/640/640 638/638/638
f 644/644/644 643/643/643 642/642/642
f 645/645/645 644/644/644 642/642/642
f 648/648/648 647/647/647 646/646/646
f 649/649/649 648/648/648 646/646/646
f 652/652/652 651/651/651 650/650/650
f 653/653/653 652/652/652 650/650/650
f 656/656/656 655/655/655 654/654/654
f 657/657/657 656/656/656 654/654/654
f 660/660/660 659/659/659 658/658/658
f 661/661/661 660/660/660 658/658/658
f 664/664/664 663/663/663 662/662/662
f 665/665/665 664/664/664 662/662/662
f 668/668/668 667/667/667 666/666/666
f 669/669/669 668/668/668 666/666/666
f 672/672/672 671/671/671 670/670/670
f 673/673/673 672/672/672 670/670/670
f 676/676/676 675/675/675 674/674/674
f 677/677/677 676/676/676 674/674/674
f 677/677/677 674/674/674 678/678/678
f 674/674/674 679/679/679 678/678/678
f 682/682/682 681/681/681 680/680/680
f 683/683/683 682/682/682 680/680/680
f 686/686/686 685/685/685 684/684/684
f 685/685/685 687/687/687 684/684/684
f 687/687/687 688/688/688 684/684/684
f 691/691/691 690/690/690 689/689/689
f 692/692/692 691/691/691 689/689/689
f 695/695/695 694/694/694 693/693/693
f 696/696/696 695/695/695 693/693/693
f 699/699/699 698/698/698 697/697/697
f 698/698/698 700/700/700 697/697/697
f 700/700/700 698/698/698 701/701/701
f 702/702/702 700/700/700 701/701/701
f 702/702/702 701/701/701 703/703/703
f 704/704/704 702/702/702 703/703/703
f 707/707/707 706/706/706 705/705/705
f 708/708/708 707/707/707 705/705/705
f 711/711/711 710/710/710 709/709/709
f 712/712/712 711/711/711 709/709/709
f 715/715/715 714/714/714 713/713/713
f 714/714/714 716/716/716 713/713/713
f 713/713/713 716/716/716 717/717/717
f 716/716/716 718/718/718 717/717/717
f 717/717/717 718/718/718 719/719/719
f 718/718/718 720/720/720 719/719/719
f 723/723/723 722/722/722 721/721/721
f 724/724/724 723/723/723 721/721/721
f 727/727/727 726/726/726 725/725/725
f 728/728/728 727/727/727 725/725/725
f 731/731/731 730/730/730 729/729/729
f 732/732/732 731/731/731 729/729/729
f 735/735/735 734/734/734 733/733/733
f 736/736/736 735/735/735 733/733/733
f 739/739/739 738/738/738 737/737/737
f 740/740/740 739/739/739 737/737/737
f 743/743/743 742/742/742 741/741/741
f 744/744/744 743/743/743 741/741/741
f 747/747/747 746/746/746 745/745/745
f 748/748/748 747/747/747 745/745/745
f 751/751/751 750/750/750 749/749/749
f 752/752/752 751/751/751 749/749/749
f 755/755/755 754/754/754 753/753/753
f 756/756/756 755/755/755 753/753/753
f 759/759/759 758/758/758 757/757/757
f 760/760/760 759/759/759 757/757/757
f 763/763/763 762/762/762 761/761/761
f 764/764/764 763/763/763 761/761/761
f 764/764/764 761/761/761 765/765/765
f 766/766/766 764/764/764 765/765/765
f 766/766/766 765/765/765 767/767/767
f 768/768/768 766/766/766 767/767/767
f 771/771/771 770/770/770 769/769/769
f 770/770/770 772/772/772 769/769/769
f 769/769/769 772/772/772 773/773/773
f 772/772/772 774/774/774 773/773/773
f 777/777/777 776/776/776 775/775/775
f 776/776/776 778/778/778 775/775/775
f 779/779/779 775/775/775 778/778/778
f 780/780/780 779/779/779 778/778/778
f 783/783/783 782/782/782 781/781/781
f 784/784/784 783/783/783 781/781/781
f 784/784/784 781/781/781 785/785/785
f 786/786/786 784/784/784 785/785/785
f 789/789/789 788/788/788 787/787/787
f 790/790/790 789/789/789 787/787/787
f 791/791/791 789/789/789 790/790/790
f 792/792/792 791/791/791 790/790/790
f 795/795/795 794/794/794 793/793/793
f 796/796/796 795/795/795 793/793/793
f 793/793/793 797/797/797 796/796/796
f 797/797/797 798/798/798 796/796/796
f 797/797/797 799/799/799 798/798/798
f 799/799/799 800/800/800 798/798/798
f 803/803/803 802/802/802 801/801/801
f 804/804/804 803/803/803 801/801/801
f 807/807/807 806/806/806 805/805/805
f 808/808/808 807/807/807 805/805/805
f 811/811/811 810/810/810 809/809/809
f 810/810/810 812/812/812 809/809/809
f 809/809/809 812/812/812 813/813/813
f 814/814/814 809/809/809 813/813/813
f 817/817/817 816/816/816 815/815/815
f 818/818/818 817/817/817 815/815/815
f 821/821/821 820/820/820 819/819/819
f 822/822/822 821/821/821 819/819/819
f 823/823/823 822/822/822 819/819/819
f 826/826/826 825/825/825 824/824/824
f 827/827/827 826/826/826 824/824/824
f 830/830/830 829/829/829 828/828/828
f 831/831/831 830/830/830 828/828/828
f 834/834/834 833/833/833 832/832/832
f 835/835/835 834/834/834 832/832/832
f 834/834/834 835/835/835 836/836/836
f 835/835/835 837/837/837 836/836/836
f 836/836/836 837/837/837 838/838/838
f 837/837/837 839/839/839 838/838/838
f 842/842/842 841/841/841 840/840/840
f 843/843/843 842/842/842 840/840/840
f 846/846/846 845/845/845 844/844/844
f 847/847/847 846/846/846 844/844/844
f 850/850/850 849/849/849 848/848/848
f 851/851/851 850/850/850 848/848/848
f 851/851/851 848/848/848 852/852/852
f 853/853/853 851/851/851 852/852/852
f 853/853/853 852/852/852 854/854/854
f 855/855/855 853/853/853 854/854/854
f 858/858/858 857/857/857 856/856/856
f 859/859/859 858/858/858 856/856/856
f 862/862/862 861/861/861 860/860/860
f 863/863/863 862/862/862 860/860/860
f 866/866/866 865/865/865 864/864/864
f 867/867/867 866/866/866 864/864/864
f 870/870/870 869/869/869 868/868/868
f 871/871/871 870/870/870 868/868/868
f 874/874/874 873/873/873 872/872/872
f 875/875/875 874/874/874 872/872/872
f 878/878/878 877/877/877 876/876/876
f 879/879/879 878/878/878 876/876/876
f 882/882/882 881/881/881 880/880/880
f 883/883/883 882/882/882 880/880/880
f 886/886/886 885/885/885 884/884/884
f 887/887/887 886/886/886 884/884/884
f 890/890/890 889/889/889 888/888/888
f 891/891/891 890/890/890 888/888/888
f 894/894/894 893/893/893 892/892/892
f 895/895/895 894/894/894 892/892/892
f 898/898/898 897/897/897 896/896/896
f 899/899/899 898/898/898 896/896/896
f 902/902/902 901/901/901 900/900/900
f 903/903/903 902/902/902 900/900/900
f 906/906/906 905/905/905 904/904/904
f 907/907/907 906/906/906 904/904/904
f 907/907/907 904/904/904 908/908/908
f 904/904/904 909/909/909 908/908/908
f 912/912/912 911/911/911 910/910/910
f 913/913/913 912/912/912 910/910/910
f 916/916/916 915/915/915 914/914/914
f 917/917/917 916/916/916 914/914/914
f 920/920/920 919/919/919 918/918/918
f 921/921/921 920/920/920 918/918/918
f 924/924/924 923/923/923 922/922/922
f 925/925/925 924/924/924 922/922/922
f 928/928/928 927/927/927 926/926/926
f 929/929/929 928/928/928 926/926/926
f 932/932/932 931/931/931 930/930/930
f 933/933/933 932/932/932 930/930/930
f 936/936/936 935/935/935 934/934/934
f 937/937/937 936/936/936 934/934/934
f 940/940/940 939/939/939 938/938/938
f 939/939/939 941/941/941 938/938/938
f 938/938/938 941/941/941 942/942/942
f 943/943/943 938/938/938 942/942/942
f 946/946/946 945/945/945 944/944/944
f 947/947/947 946/946/946 944/944/944
f 947/947/947 944/944/944 948/948/948
f 949/949/949 947/947/947 948/948/948
f 952/952/952 951/951/951 950/950/950
f 953/953/953 952/952/952 950/950/950
f 956/956/956 955/955/955 954/954/954
f 957/957/957 956/956/956 954/954/954
f 960/960/960 959/959/959 958/958/958
f 961/961/961 960/960/960 958/958/958
f 964/964/964 963/963/963 962/962/962
f 965/965/965 964/964/964 962/962/962
f 968/968/968 967/967/967 966/966/966
f 969/969/969 968/968/968 966/966/966
f 972/972/972 971/971/971 970/970/970
f 973/973/973 972/972/972 970/970/970
f 976/976/976 975/975/975 974/974/974
f 977/977/977 976/976/976 974/974/974
f 980/980/980 979/979/979 978/978/978
f 981/981/981 980/980/980 978/978/978
f 984/984/984 983/983/983 982/982/982
f 985/985/985 984/984/984 982/982/982
f 988/988/988 987/987/987 986/986/986
f 989/989/989 988/988/988 986/986/986
f 992/992/992 991/991/991 990/990/990
f 993/993/993 992/992/992 990/990/990
f 996/996/996 995/995/995 994/994/994
f 997/997/997 996/996/996 994/994/994
f 1000/1000/1000 999/999/999 998/998/998
f 1001/1001/1001 1000/1000/1000 998/998/998
f 1004/1004/1004 1003/1003/1003 1002/1002/1002
f 1005/1005/1005 1004/1004/1004 1002/1002/1002
f 1008/1008/1008 1007/1007/1007 1006/1006/1006
f 1009/1009/1009 1008/1008/1008 1006/1006/1006
f 1012/1012/1012 1011/1011/1011 1010/1010/1010
f 1013/1013/1013 1012/1012/1012 1010/1010/1010
f 1016/1016/1016 1015/1015/1015 1014/1014/1014
f 1017/1017/1017 1016/1016/1016 1014/1014/1014
f 1020/1020/1020 1019/1019/1019 1018/1018/1018
f 1021/1021/1021 1020/1020/1020 1018/1018/1018
f 1024/1024/1024 1023/1023/1023 1022/1022/1022
f 1025/1025/1025 1024/1024/1024 1022/1022/1022
f 1028/1028/1028 1027/1027/1027 1026/1026/1026
f 1029/1029/1029 1028/1028/1028 1026/1026/1026
f 1032/1032/1032 1031/1031/1031 1030/1030/1030
f 1033/1033/1033 1032/1032/1032 1030/1030/1030
f 1036/1036/1036 1035/1035/1035 1034/1034/1034
f 1037/1037/1037 1036/1036/1036 1034/1034/1034
f 1040/1040/1040 1039/1039/1039 1038/1038/1038
f 1041/1041/1041 1040/1040/1040 1038/1038/1038
f 1044/1044/1044 1043/1043/1043 1042/1042/1042
f 1045/1045/1045 1044/1044/1044 1042/1042/1042
f 1048/1048/1048 1047/1047/1047 1046/1046/1046
f 1049/1049/1049 1048/1048/1048 1046/1046/1046
f 1052/1052/1052 1051/1051/1051 1050/1050/1050
f 1053/1053/1053 1052/1052/1052 1050/1050/1050
f 1056/1056/1056 1055/1055/1055 1054/1054/1054
f 1057/1057/1057 1056/1056/1056 1054/1054/1054
f 1060/1060/1060 1059/1059/1059 1058/1058/1058
f 1061/1061/1061 1060/1060/1060 1058/1058/1058
f 1064/1064/1064 1063/1063/1063 1062/1062/1062
f 1065/1065/1065 1064/1064/1064 1062/1062/1062
f 1068/1068/1068 1067/1067/1067 1066/1066/1066
f 1069/1069/1069 1068/1068/1068 1066/1066/1066
f 1072/1072/1072 1071/1071/1071 1070/1070/1070
f 1073/1073/1073 1072/1072/1072 1070/1070/1070
f 1076/1076/1076 1075/1075/1075 1074/1074/1074
f 1077/1077/1077 1076/1076/1076 1074/1074/1074
f 1080/1080/1080 1079/1079/1079 1078/1078/1078
f 1081/1081/1081 1080/1080/1080 1078/1078/1078
f 1084/1084/1084 1083/1083/1083 1082/1082/1082
f 1085/1085/1085 1084/1084/1084 1082/1082/1082
f 1088/1088/1088 1087/1087/1087 1086/1086/1086
f 1089/1089/1089 1088/1088/1088 1086/1086/1086
f 1092/1092/1092 1091/1091/1091 1090/1090/1090
f 1093/1093/1093 1092/1092/1092 1090/1090/1090
f 1096/1096/1096 1095/1095/1095 1094/1094/1094
f 1097/1097/1097 1096/1096/1096 1094/1094/1094
f 1100/1100/1100 1099/1099/1099 1098/1098/1098
f 1101/1101/1101 1100/1100/1100 1098/1098/1098
f 1104/1104/1104 1103/1103/1103 1102/1102/1102
f 1105/1105/1105 1104/1104/1104 1102/1102/1102
f 1108/1108/1108 1107/1107/1107 1106/1106/1106
f 1109/1109/1109 1108/1108/1108 1106/1106/1106
f 1112/1112/1112 1111/1111/1111 1110/1110/1110
f 1113/1113/1113 1112/1112/1112 1110/1110/1110
f 1116/1116/1116 1115/1115/1115 1114/1114/1114
f 1117/1117/1117 1116/1116/1116 1114/1114/1114
f 1120/1120/1120 1119/1119/1119 1118/1118/1118
f 1121/1121/1121 1120/1120/1120 1118/1118/1118
f 1124/1124/1124 1123/1123/1123 1122/1122/1122
f 1125/1125/1125 1124/1124/1124 1122/1122/1122
f 1128/1128/1128 1127/1127/1127 1126/1126/1126
f 1129/1129/1129 1128/1128/1128 1126/1126/1126
f 1132/1132/1132 1131/1131/1131 1130/1130/1130
f 1133/1133/1133 1132/1132/1132 1130/1130/1130
f 1136/1136/1136 1135/1135/1135 1134/1134/1134
f 1137/1137/1137 1136/1136/1136 1134/1134/1134
f 1140/1140/1140 1139/1139/1139 1138/1138/1138
f 1141/1141/1141 1140/1140/1140 1138/1138/1138
f 1144/1144/1144 1143/1143/1143 1142/1142/1142
f 1145/1145/1145 1144/1144/1144 1142/1142/1142
f 1148/1148/1148 1147/1147/1147 1146/1146/1146
f 1149/1149/1149 1148/1148/1148 1146/1146/1146
f 1152/1152/1152 1151/1151/1151 1150/1150/1150
f 1153/1153/1153 1152/1152/1152 1150/1150/1150
f 1156/1156/1156 1155/1155/1155 1154/1154/1154
f 1157/1157/1157 1156/1156/1156 1154/1154/1154
f 1160/1160/1160 1159/1159/1159 1158/1158/1158
f 1161/1161/1161 1160/1160/1160 1158/1158/1158
f 1164/1164/1164 1163/1163/1163 1162/1162/1162
f 1165/1165/1165 1164/1164/1164 1162/1162/1162
f 1168/1168/1168 1167/1167/1167 1166/1166/1166
f 1169/1169/1169 1168/1168/1168 1166/1166/1166
f 1172/1172/1172 1171/1171/1171 1170/1170/1170
f 1173/1173/1173 1172/1172/1172 1170/1170/1170
f 1176/1176/1176 1175/1175/1175 1174/1174/1174
f 1177/1177/1177 1176/1176/1176 1174/1174/1174
f 1180/1180/1180 1179/1179/1179 1178/1178/1178
f 1181/1181/1181 1180/1180/1180 1178/1178/1178
f 1184/1184/1184 1183/1183/1183 1182/1182/1182
f 1185/1185/1185 1184/1184/1184 1182/1182/1182
f 1188/1188/1188 1187/1187/1187 1186/1186/1186
f 1189/1189/1189 1188/1188/1188 1186/1186/1186
f 1192/1192/1192 1191/1191/1191 1190/1190/1190
f 1193/1193/1193 1192/1192/1192 1190/1190/1190
f 1196/1196/1196 1195/1195/1195 1194/1194/1194
f 1197/1197/1197 1196/1196/1196 1194/1194/1194
f 1200/1200/1200 1199/1199/1199 1198/1198/1198
f 1201/1201/1201 1200/1200/1200 1198/1198/1198
f 1204/1204/1204 1203/1203/1203 1202/1202/1202
f 1205/1205/1205 1204/1204/1204 1202/1202/1202
f 1208/1208/1208 1207/1207/1207 1206/1206/1206
f 1209/1209/1209 1208/1208/1208 1206/1206/1206
f 1212/1212/1212 1211/1211/1211 1210/1210/1210
f 1213/1213/1213 1212/1212/1212 1210/1210/1210
f 1216/1216/1216 1215/1215/1215 1214/1214/1214
f 1217/1217/1217 1216/1216/1216 1214/1214/1214
f 1220/1220/1220 1219/1219/1219 1218/1218/1218
f 1221/1221/1221 1220/1220/1220 1218/1218/1218
f 1224/1224/1224 1223/1223/1223 1222/1222/1222
f 1225/1225/1225 1224/1224/1224 1222/1222/1222
f 1228/1228/1228 1227/1227/1227 1226/1226/1226
f 1229/1229/1229 1228/1228/1228 1226/1226/1226
f 1232/1232/1232 1231/1231/1231 1230/1230/1230
f 1233/1233/1233 1232/1232/1232 1230/1230/1230
f 1236/1236/1236 1235/1235/1235 1234/1234/1234
f 1237/1237/1237 1236/1236/1236 1234/1234/1234
f 1240/1240/1240 1239/1239/1239 1238/1238/1238
f 1241/1241/1241 1240/1240/1240 1238/1238/1238
f 1244/1244/1244 1243/1243/1243 1242/1242/1242
f 1245/1245/1245 1244/1244/1244 1242/1242/1242
f 1248/1248/1248 1247/1247/1247 1246/1246/1246
f 1249/1249/1249 1248/1248/1248 1246/1246/1246
f 1252/1252/1252 1251/1251/1251 1250/1250/1250
f 1253/1253/1253 1252/1252/1252 1250/1250/1250
f 1256/1256/1256 1255/1255/1255 1254/1254/1254
f 1257/1257/1257 1256/1256/1256 1254/1254/1254
f 1260/1260/1260 1259/1259/1259 1258/1258/1258
f 1261/1261/1261 1260/1260/1260 1258/1258/1258
f 1264/1264/1264 1263/1263/1263 1262/1262/1262
f 1265/1265/1265 1264/1264/1264 1262/1262/1262
f 1268/1268/1268 1267/1267/1267 1266/1266/1266
f 1269/1269/1269 1268/1268/1268 1266/1266/1266
f 1272/1272/1272 1271/1271/1271 1270/1270/1270
f 1273/1273/1273 1272/1272/1272 1270/1270/1270
f 1276/1276/1276 1275/1275/1275 1274/1274/1274
f 1277/1277/1277 1276/1276/1276 1274/1274/1274
f 1280/1280/1280 1279/1279/1279 1278/1278/1278
f 1281/1281/1281 1280/1280/1280 1278/1278/1278
f 1284/1284/1284 1283/1283/1283 1282/1282/1282
f 1285/1285/1285 1284/1284/1284 1282/1282/1282
f 1288/1288/1288 1287/1287/1287 1286/1286/1286
f 1289/1289/1289 1288/1288/1288 1286/1286/1286
f 1292/1292/1292 1291/1291/1291 1290/1290/1290
f 1293/1293/1293 1292/1292/1292 1290/1290/1290
f 1296/1296/1296 1295/1295/1295 1294/1294/1294
f 1297/1297/1297 1296/1296/1296 1294/1294/1294
f 1300/1300/1300 1299/1299/1299 1298/1298/1298
f 1301/1301/1301 1300/1300/1300 1298/1298/1298
f 1304/1304/1304 1303/1303/1303 1302/1302/1302
f 1305/1305/1305 1304/1304/1304 1302/1302/1302
f 1308/1308/1308 1307/1307/1307 1306/1306/1306
f 1309/1309/1309 1308/1308/1308 1306/1306/1306
f 1312/1312/1312 1311/1311/1311 1310/1310/1310
f 1313/1313/1313 1312/1312/1312 1310/1310/1310
f 1316/1316/1316 1315/1315/1315 1314/1314/1314
f 1317/1317/1317 1316/1316/1316 1314/1314/1314
f 1320/1320/1320 1319/1319/1319 1318/1318/1318
f 1321/1321/1321 1320/1320/1320 1318/1318/1318
f 1324/1324/1324 1323/1323/1323 1322/1322/1322
f 1325/1325/1325 1324/1324/1324 1322/1322/1322
f 1328/1328/1328 1327/1327/1327 1326/1326/1326
f 1329/1329/1329 1328/1328/1328 1326/1326/1326
f 1332/1332/1332 1331/1331/1331 1330/1330/1330
f 1333/1333/1333 1332/1332/1332 1330/1330/1330
f 1336/1336/1336 1335/1335/1335 1334/1334/1334
f 1337/1337/1337 1336/1336/1336 1334/1334/1334
f 1340/1340/1340 1339/1339/1339 1338/1338/1338
f 1341/1341/1341 1340/1340/1340 1338/1338/1338
f 1344/1344/1344 1343/1343/1343 1342/1342/1342
f 1345/1345/1345 1344/1344/1344 1342/1342/1342
f 1348/1348/1348 1347/1347/1347 1346/1346/1346
f 1349/1349/1349 1348/1348/1348 1346/1346/1346
f 1352/1352/1352 1351/1351/1351 1350/1350/1350
f 1353/1353/1353 1352/1352/1352 1350/1350/1350
f 1356/1356/1356 1355/1355/1355 1354/1354/1354
f 1357/1357/1357 1356/1356/1356 1354/1354/1354
f 1360/1360/1360 1359/1359/1359 1358/1358/1358
f 1361/1361/1361 1360/1360/1360 1358/1358/1358
f 1364/1364/1364 1363/1363/1363 1362/1362/1362
f 1365/1365/1365 1364/1364/1364 1362/1362/1362
f 1368/1368/1368 1367/1367/1367 1366/1366/1366
f 1369/1369/1369 1368/1368/1368 1366/1366/1366
f 1372/1372/1372 1371/1371/1371 1370/1370/1370
f 1373/1373/1373 1372/1372/1372 1370/1370/1370
f 1376/1376/1376 1375/1375/1375 1374/1374/1374
f 1377/1377/1377 1376/1376/1376 1374/1374/1374
f 1380/1380/1380 1379/1379/1379 1378/1378/1378
f 1381/1381/1381 1380/1380/1380 1378/1378/1378
f 1384/1384/1384 1383/1383/1383 1382/1382/1382
f 1385/1385/1385 1384/1384/1384 1382/1382/1382
f 1388/1388/1388 1387/1387/1387 1386/1386/1386
f 1389/1389/1389 1388/1388/1388 1386/1386/1386
f 1392/1392/1392 1391/1391/1391 1390/1390/1390
f 1393/1393/1393 1392/1392/1392 1390/1390/1390
f 1396/1396/1396 1395/1395/1395 1394/1394/1394
f 1397/1397/1397 1396/1396/1396 1394/1394/1394
f 1400/1400/1400 1399/1399/1399 1398/1398/1398
f 1401/1401/1401 1400/1400/1400 1398/1398/1398
f 1404/1404/1404 1403/1403/1403 1402/1402/1402
f 1405/1405/1405 1404/1404/1404 1402/1402/1402
f 1408/1408/1408 1407/1407/1407 1406/1406/1406
f 1409/1409/1409 1408/1408/1408 1406/1406/1406
f 1412/1412/1412 1411/1411/1411 1410/1410/1410
f 1413/1413/1413 1412/1412/1412 1410/1410/1410
f 1416/1416/1416 1415/1415/1415 1414/1414/1414
f 1417/1417/1417 1416/1416/1416 1414/1414/1414
f 1420/1420/1420 1419/1419/1419 1418/1418/1418
f 1421/1421/1421 1420/1420/1420 1418/1418/1418
f 1424/1424/1424 1423/1423/1423 1422/1422/1422
f 1425/1425/1425 1424/1424/1424 1422/1422/1422
f 1428/1428/1428 1427/1427/1427 1426/1426/1426
f 1429/1429/1429 1428/1428/1428 1426/1426/1426
f 1432/1432/1432 1431/1431/1431 1430/1430/1430
f 1433/1433/1433 1432/1432/1432 1430/1430/1430
f 1436/1436/1436 1435/1435/1435 1434/1434/1434
f 1437/1437/1437 1436/1436/1436 1434/1434/1434
f 1440/1440/1440 1439/1439/1439 1438/1438/1438
f 1441/1441/1441 1440/1440/1440 1438/1438/1438
f 1444/1444/1444 1443/1443/1443 1442/1442/1442
f 1445/1445/1445 1444/1444/1444 1442/1442/1442
f 1448/1448/1448 1447/1447/1447 1446/1446/1446
f 1449/1449/1449 1448/1448/1448 1446/1446/1446
f 1452/1452/1452 1451/1451/1451 1450/1450/1450
f 1453/1453/1453 1452/1452/1452 1450/1450/1450
f 1456/1456/1456 1455/1455/1455 1454/1454/1454
f 1457/1457/1457 1456/1456/1456 1454/1454/1454
f 1460/1460/1460 1459/1459/1459 1458/1458/1458
f 1461/1461/1461 1460/1460/1460 1458/1458/1458
f 1464/1464/1464 1463/1463/1463 1462/1462/1462
f 1465/1465/1465 1464/1464/1464 1462/1462/1462
f 1468/1468/1468 1467/1467/1467 1466/1466/1466
f 1469/1469/1469 1468/1468/1468 1466/1466/1466
f 1472/1472/1472 1471/1471/1471 1470/1470/1470
f 1473/1473/1473 1472/1472/1472 1470/1470/1470
f 1476/1476/1476 1475/1475/1475 1474/1474/1474
f 1477/1477/1477 1476/1476/1476 1474/1474/1474
f 1480/1480/1480 1479/1479/1479 1478/1478/1478
f 1481/1481/1481 1480/1480/1480 1478/1478/1478
f 1484/1484/1484 1483/1483/1483 1482/1482/1482
f 1485/1485/1485 1484/1484/1484 1482/1482/1482
f 1488/1488/1488 1487/1487/1487 1486/1486/1486
f 1489/1489/1489 1488/1488/1488 1486/1486/1486
f 1492/1492/1492 1491/1491/1491 1490/1490/1490
f 1493/1493/1493 1492/1492/1492 1490/1490/1490
f 1496/1496/1496 1495/1495/1495 1494/1494/1494
f 1497/1497/1497 1496/1496/1496 1494/1494/1494
f 1500/1500/1500 1499/1499/1499 1498/1498/1498
f 1501/1501/1501 1500/1500/1500 1498/1498/1498
f 1504/1504/1504 1503/1503/1503 1502/1502/1502
f 1505/1505/1505 1504/1504/1504 1502/1502/1502
f 1508/1508/1508 1507/1507/1507 1506/1506/1506
f 1509/1509/1509 1508/1508/1508 1506/1506/1506
f 1512/1512/1512 1511/1511/1511 1510/1510/1510
f 1513/1513/1513 1512/1512/1512 1510/1510/1510
f 1516/1516/1516 1515/1515/1515 1514/1514/1514
f 1517/1517/1517 1516/1516/1516 1514/1514/1514
f 1520/1520/1520 1519/1519/1519 1518/1518/1518
f 1521/1521/1521 1520/1520/1520 1518/1518/1518
f 1524/1524/1524 1523/1523/1523 1522/1522/1522
f 1525/1525/1525 1524/1524/1524 1522/1522/1522
f 1528/1528/1528 1527/1527/1527 1526/1526/1526
f 1529/1529/1529 1528/1528/1528 1526/1526/1526
f 1532/1532/1532 1531/1531/1531 1530/1530/1530
f 1533/1533/1533 1532/1532/1532 1530/1530/1530
f 1536/1536/1536 1535/1535/1535 1534/1534/1534
f 1537/1537/1537 1536/1536/1536 1534/1534/1534
f 1540/1540/1540 1539/1539/1539 1538/1538/1538
f 1541/1541/1541 1540/1540/1540 1538/1538/1538
f 1544/1544/1544 1543/1543/1543 1542/1542/1542
f 1545/1545/1545 1544/1544/1544 1542/1542/1542
f 1548/1548/1548 1547/1547/1547 1546/1546/1546
f 1549/1549/1549 1548/1548/1548 1546/1546/1546
f 1552/1552/1552 1551/1551/1551 1550/1550/1550
f 1553/1553/1553 1552/1552/1552 1550/1550/1550
f 1556/1556/1556 1555/1555/1555 1554/1554/1554
f 1557/1557/1557 1556/1556/1556 1554/1554/1554
f 1560/1560/1560 1559/1559/1559 1558/1558/1558
f 1561/1561/1561 1560/1560/1560 1558/1558/1558
f 1564/1564/1564 1563/1563/1563 1562/1562/1562
f 1565/1565/1565 1564/1564/1564 1562/1562/1562
f 1568/1568/1568 1567/1567/1567 1566/1566/1566
f 1569/1569/1569 1568/1568/1568 1566/1566/1566
f 1572/1572/1572 1571/1571/1571 1570/1570/1570
f 1573/1573/1573 1572/1572/1572 1570/1570/1570
f 1576/1576/1576 1575/1575/1575 1574/1574/1574
f 1577/1577/1577 1576/1576/1576 1574/1574/1574
f 1580/1580/1580 1579/1579/1579 1578/1578/1578
f 1581/1581/1581 1580/1580/1580 1578/1578/1578
f 1584/1584/1584 1583/1583/1583 1582/1582/1582
f 1585/1585/1585 1584/1584/1584 1582/1582/1582
f 1588/1588/1588 1587/1587/1587 1586/1586/1586
f 1589/1589/1589 1588/1588/1588 1586/1586/1586
f 1592/1592/1592 1591/1591/1591 1590/1590/1590
f 1593/1593/1593 1592/1592/1592 1590/1590/1590
f 1596/1596/1596 1595/1595/1595 1594/1594/1594
f 1597/1597/1597 1596/1596/1596 1594/1594/1594
f 1600/1600/1600 1599/1599/1599 1598/1598/1598
f 1601/1601/1601 1600/1600/1600 1598/1598/1598
f 1604/1604/1604 1603/1603/1603 1602/1602/1602
f 1605/1605/1605 1604/1604/1604 1602/1602/1602
f 1608/1608/1608 1607/1607/1607 1606/1606/1606
f 1609/1609/1609 1608/1608/1608 1606/1606/1606
f 1612/1612/1612 1611/1611/1611 1610/1610/1610
f 1613/1613/1613 1612/1612/1612 1610/1610/1610
f 1616/1616/1616 1615/1615/1615 1614/1614/1614
f 1617/1617/1617 1616/1616/1616 1614/1614/1614
f 1620/1620/1620 1619/1619/1619 1618/1618/1618
f 1621/1621/1621 1620/1620/1620 1618/1618/1618
f 1624/1624/1624 1623/1623/1623 1622/1622/1622
f 1625/1625/1625 1624/1624/1624 1622/1622/1622
f 1628/1628/1628 1627/1627/1627 1626/1626/1626
f 1629/1629/1629 1628/1628/1628 1626/1626/1626
f 1632/1632/1632 1631/1631/1631 1630/1630/1630
f 1633/1633/1633 1632/1632/1632 1630/1630/1630
f 1636/1636/1636 1635/1635/1635 1634/1634/1634
f 1637/1637/1637 1636/1636/1636 1634/1634/1634
f 1640/1640/1640 1639/1639/1639 1638/1638/1638
f 1641/1641/1641 1640/1640/1640 1638/1638/1638
f 1644/1644/1644 1643/1643/1643 1642/1642/1642
f 1645/1645/1645 1644/1644/1644 1642/1642/1642
f 1648/1648/1648 1647/1647/1647 1646/1646/1646
f 1649/1649/1649 1648/1648/1648 1646/1646/1646
f 1652/1652/1652 1651/1651/1651 1650/1650/1650
f 1653/1653/1653 1652/1652/1652 1650/1650/1650
f 1656/1656/1656 1655/1655/1655 1654/1654/1654
f 1657/1657/1657 1656/1656/1656 1654/1654/1654
f 1660/1660/1660 1659/1659/1659 1658/1658/1658
f 1661/1661/1661 1660/1660/1660 1658/1658/1658
f 1664/1664/1664 1663/1663/1663 1662/1662/1662
f 1665/1665/1665 1664/1664/1664 1662/1662/1662
f 1668/1668/1668 1667/1667/1667 1666/1666/1666
f 1669/1669/1669 1668/1668/1668 1666/1666/1666
f 1672/1672/1672 1671/1671/1671 1670/1670/1670
f 1673/1673/1673 1672/1672/1672 1670/1670/1670
f 1676/1676/1676 1675/1675/1675 1674/1674/1674
f 1677/1677/1677 1676/1676/1676 1674/1674/1674
f 1680/1680/1680 1679/1679/1679 1678/1678/1678
f 1681/1681/1681 1680/1680/1680 1678/1678/1678
f 1684/1684/1684 1683/1683/1683 1682/1682/1682
f 1685/1685/1685 1684/1684/1684 1682/1682/1682
f 1688/1688/1688 1687/1687/1687 1686/1686/1686
f 1689/1689/1689 1688/1688/1688 1686/1686/1686
f 1692/1692/1692 1691/1691/1691 1690/1690/1690
f 1693/1693/1693 1692/1692/1692 1690/1690/1690
f 1694/1694/1694 1692/1692/1692 1693/1693/1693
f 1695/1695/1695 1694/1694/1694 1693/1693/1693
f 1698/1698/1698 1697/1697/1697 1696/1696/1696
f 1699/1699/1699 1698/1698/1698 1696/1696/1696
f 1699/1699/1699 1700/1700/1700 1698/1698/1698
f 1700/1700/1700 1701/1701/1701 1698/1698/1698
f 1704/1704/1704 1703/1703/1703 1702/1702/1702
f 1705/1705/1705 1704/1704/1704 1702/1702/1702
f 1708/1708/1708 1707/1707/1707 1706/1706/1706
f 1709/1709/1709 1708/1708/1708 1706/1706/1706
f 1712/1712/1712 1711/1711/1711 1710/1710/1710
f 1713/1713/1713 1712/1712/1712 1710/1710/1710
f 1716/1716/1716 1715/1715/1715 1714/1714/1714
f 1717/1717/1717 1716/1716/1716 1714/1714/1714
f 1720/1720/1720 1719/1719/1719 1718/1718/1718
f 1721/1721/1721 1720/1720/1720 1718/1718/1718
f 1724/1724/1724 1723/1723/1723 1722/1722/1722
f 1725/1725/1725 1724/1724/1724 1722/1722/1722
f 1728/1728/1728 1727/1727/1727 1726/1726/1726
f 1729/1729/1729 1728/1728/1728 1726/1726/1726
f 1732/1732/1732 1731/1731/1731 1730/1730/1730
f 1733/1733/1733 1732/1732/1732 1730/1730/1730
f 1736/1736/1736 1735/1735/1735 1734/1734/1734
f 1737/1737/1737 1736/1736/1736 1734/1734/1734
f 1740/1740/1740 1739/1739/1739 1738/1738/1738
f 1741/1741/1741 1740/1740/1740 1738/1738/1738
f 1744/1744/1744 1743/1743/1743 1742/1742/1742
f 1745/1745/1745 1744/1744/1744 1742/1742/1742
f 1746/1746/1746 1744/1744/1744 1745/1745/1745
f 1747/1747/1747 1746/1746/1746 1745/1745/1745
f 1750/1750/1750 1749/1749/1749 1748/1748/1748
f 1751/1751/1751 1750/1750/1750 1748/1748/1748
f 1751/1751/1751 1752/1752/1752 1750/1750/1750
f 1752/1752/1752 1753/1753/1753 1750/1750/1750
f 1756/1756/1756 1755/1755/1755 1754/1754/1754
f 1757/1757/1757 1756/1756/1756 1754/1754/1754
f 1760/1760/1760 1759/1759/1759 1758/1758/1758
f 1761/1761/1761 1760/1760/1760 1758/1758/1758
f 1764/1764/1764 1763/1763/1763 1762/1762/1762
f 1765/1765/1765 1764/1764/1764 1762/1762/1762
f 1768/1768/1768 1767/1767/1767 1766/1766/1766
f 1769/1769/1769 1768/1768/1768 1766/1766/1766
f 1772/1772/1772 1771/1771/1771 1770/1770/1770
f 1773/1773/1773 1772/1772/1772 1770/1770/1770
f 1776/1776/1776 1775/1775/1775 1774/1774/1774
f 1777/1777/1777 1776/1776/1776 1774/1774/1774
f 1780/1780/1780 1779/1779/1779 1778/1778/1778
f 1781/1781/1781 1780/1780/1780 1778/1778/1778
f 1784/1784/1784 1783/1783/1783 1782/1782/1782
f 1785/1785/1785 1784/1784/1784 1782/1782/1782
f 1788/1788/1788 1787/1787/1787 1786/1786/1786
f 1789/1789/1789 1788/1788/1788 1786/1786/1786
f 1792/1792/1792 1791/1791/1791 1790/1790/1790
f 1793/1793/1793 1792/1792/1792 1790/1790/1790
f 1796/1796/1796 1795/1795/1795 1794/1794/1794
f 1797/1797/1797 1796/1796/1796 1794/1794/1794
f 1800/1800/1800 1799/1799/1799 1798/1798/1798
f 1801/1801/1801 1800/1800/1800 1798/1798/1798
f 1804/1804/1804 1803/1803/1803 1802/1802/1802
f 1805/1805/1805 1804/1804/1804 1802/1802/1802
f 1808/1808/1808 1807/1807/1807 1806/1806/1806
f 1809/1809/1809 1808/1808/1808 1806/1806/1806
f 1812/1812/1812 1811/1811/1811 1810/1810/1810
f 1813/1813/1813 1812/1812/1812 1810/1810/1810
f 1816/1816/1816 1815/1815/1815 1814/1814/1814
f 1817/1817/1817 1816/1816/1816 1814/1814/1814
f 1820/1820/1820 1819/1819/1819 1818/1818/1818
f 1821/1821/1821 1820/1820/1820 1818/1818/1818
f 1824/1824/1824 1823/1823/1823 1822/1822/1822
f 1825/1825/1825 1824/1824/1824 1822/1822/1822
f 1828/1828/1828 1827/1827/1827 1826/1826/1826
f 1829/1829/1829 1828/1828/1828 1826/1826/1826
f 1832/1832/1832 1831/1831/1831 1830/1830/1830
f 1833/1833/1833 1832/1832/1832 1830/1830/1830
f 1836/1836/1836 1835/1835/1835 1834/1834/1834
f 1837/1837/1837 1836/1836/1836 1834/1834/1834
f 1840/1840/1840 1839/1839/1839 1838/1838/1838
f 1841/1841/1841 1840/1840/1840 1838/1838/1838
f 1844/1844/1844 1843/1843/1843 1842/1842/1842
f 1845/1845/1845 1844/1844/1844 1842/1842/1842
f 1848/1848/1848 1847/1847/1847 1846/1846/1846
f 1849/1849/1849 1848/1848/1848 1846/1846/1846
f 1852/1852/1852 1851/1851/1851 1850/1850/1850
f 1853/1853/1853 1852/1852/1852 1850/1850/1850
f 1856/1856/1856 1855/1855/1855 1854/1854/1854
f 1857/1857/1857 1856/1856/1856 1854/1854/1854
f 1860/1860/1860 1859/1859/1859 1858/1858/1858
f 1861/1861/1861 1860/1860/1860 1858/1858/1858
f 1864/1864/1864 1863/1863/1863 1862/1862/1862
f 1865/1865/1865 1864/1864/1864 1862/1862/1862
f 1868/1868/1868 1867/1867/1867 1866/1866/1866
f 1869/1869/1869 1868/1868/1868 1866/1866/1866
f 1872/1872/1872 1871/1871/1871 1870/1870/1870
f 1873/1873/1873 1872/1872/1872 1870/1870/1870
f 1876/1876/1876 1875/1875/1875 1874/1874/1874
f 1877/1877/1877 1876/1876/1876 1874/1874/1874
f 1880/1880/1880 1879/1879/1879 1878/1878/1878
f 1881/1881/1881 1880/1880/1880 1878/1878/1878
f 1884/1884/1884 1883/1883/1883 1882/1882/1882
f 1885/1885/1885 1884/1884/1884 1882/1882/1882
f 1888/1888/1888 1887/1887/1887 1886/1886/1886
f 1889/1889/1889 1888/1888/1888 1886/1886/1886
f 1892/1892/1892 1891/1891/1891 1890/1890/1890
f 1893/1893/1893 1892/1892/1892 1890/1890/1890
f 1896/1896/1896 1895/1895/1895 1894/1894/1894
f 1897/1897/1897 1896/1896/1896 1894/1894/1894
f 1900/1900/1900 1899/1899/1899 1898/1898/1898
f 1901/1901/1901 1900/1900/1900 1898/1898/1898
f 1904/1904/1904 1903/1903/1903 1902/1902/1902
f 1905/1905/1905 1904/1904/1904 1902/1902/1902
f 1908/1908/1908 1907/1907/1907 1906/1906/1906
f 1909/1909/1909 1908/1908/1908 1906/1906/1906
f 1912/1912/1912 1911/1911/1911 1910/1910/1910
f 1913/1913/1913 1912/1912/1912 1910/1910/1910
f 1916/1916/1916 1915/1915/1915 1914/1914/1914
f 1917/1917/1917 1916/1916/1916 1914/1914/1914
f 1920/1920/1920 1919/1919/1919 1918/1918/1918
f 1921/1921/1921 1920/1920/1920 1918/1918/1918
f 1924/1924/1924 1923/1923/1923 1922/1922/1922
f 1925/1925/1925 1924/1924/1924 1922/1922/1922
f 1928/1928/1928 1927/1927/1927 1926/1926/1926
f 1929/1929/1929 1928/1928/1928 1926/1926/1926
f 1932/1932/1932 1931/1931/1931 1930/1930/1930
f 1933/1933/1933 1932/1932/1932 1930/1930/1930
f 1936/1936/1936 1935/1935/1935 1934/1934/1934
f 1937/1937/1937 1936/1936/1936 1934/1934/1934
f 1940/1940/1940 1939/1939/1939 1938/1938/1938
f 1941/1941/1941 1940/1940/1940 1938/1938/1938
f 1944/1944/1944 1943/1943/1943 1942/1942/1942
f 1945/1945/1945 1944/1944/1944 1942/1942/1942
f 1948/1948/1948 1947/1947/1947 1946/1946/1946
f 1949/1949/1949 1948/1948/1948 1946/1946/1946
f 1952/1952/1952 1951/1951/1951 1950/1950/1950
f 1953/1953/1953 1952/1952/1952 1950/1950/1950
f 1956/1956/1956 1955/1955/1955 1954/1954/1954
f 1957/1957/1957 1956/1956/1956 1954/1954/1954
f 1960/1960/1960 1959/1959/1959 1958/1958/1958
f 1961/1961/1961 1960/1960/1960 1958/1958/1958
f 1964/1964/1964 1963/1963/1963 1962/1962/1962
f 1965/1965/1965 1964/1964/1964 1962/1962/1962
f 1968/1968/1968 1967/1967/1967 1966/1966/1966
f 1969/1969/1969 1968/1968/1968 1966/1966/1966
f 1972/1972/1972 1971/1971/1971 1970/1970/1970
f 1973/1973/1973 1972/1972/1972 1970/1970/1970
f 1976/1976/1976 1975/1975/1975 1974/1974/1974
f 1977/1977/1977 1976/1976/1976 1974/1974/1974
f 1980/1980/1980 1979/1979/1979 1978/1978/1978
f 1981/1981/1981 1980/1980/1980 1978/1978/1978
f 1984/1984/1984 1983/1983/1983 1982/1982/1982
f 1985/1985/1985 1984/1984/1984 1982/1982/1982
f 1988/1988/1988 1987/1987/1987 1986/1986/1986
f 1989/1989/1989 1988/1988/1988 1986/1986/1986
f 1992/1992/1992 1991/1991/1991 1990/1990/1990
f 1993/1993/1993 1992/1992/1992 1990/1990/1990
f 1996/1996/1996 1995/1995/1995 1994/1994/1994
f 1997/1997/1997 1996/1996/1996 1994/1994/1994
f 2000/2000/2000 1999/1999/1999 1998/1998/1998
f 2001/2001/2001 2000/2000/2000 1998/1998/1998
f 2004/2004/2004 2003/2003/2003 2002/2002/2002
f 2005/2005/2005 2004/2004/2004 2002/2002/2002
f 2008/2008/2008 2007/2007/2007 2006/2006/2006
f 2009/2009/2009 2008/2008/2008 2006/2006/2006
f 2012/2012/2012 2011/2011/2011 2010/2010/2010
f 2013/2013/2013 2012/2012/2012 2010/2010/2010
f 2016/2016/2016 2015/2015/2015 2014/2014/2014
f 2017/2017/2017 2016/2016/2016 2014/2014/2014
f 2020/2020/2020 2019/2019/2019 2018/2018/2018
f 2021/2021/2021 2020/2020/2020 2018/2018/2018
f 2024/2024/2024 2023/2023/2023 2022/2022/2022
f 2025/2025/2025 2024/2024/2024 2022/2022/2022
f 2028/2028/2028 2027/2027/2027 2026/2026/2026
f 2029/2029/2029 2028/2028/2028 2026/2026/2026
f 2032/2032/2032 2031/2031/2031 2030/2030/2030
f 2033/2033/2033 2032/2032/2032 2030/2030/2030
f 2036/2036/2036 2035/2035/2035 2034/2034/2034
f 2037/2037/2037 2036/2036/2036 2034/2034/2034
f 2040/2040/2040 2039/2039/2039 2038/2038/2038
f 2041/2041/2041 2040/2040/2040 2038/2038/2038
f 2044/2044/2044 2043/2043/2043 2042/2042/2042
f 2045/2045/2045 2044/2044/2044 2042/2042/2042
f 2048/2048/2048 2047/2047/2047 2046/2046/2046
f 2049/2049/2049 2048/2048/2048 2046/2046/2046
f 2052/2052/2052 2051/2051/2051 2050/2050/2050
f 2053/2053/2053 2052/2052/2052 2050/2050/2050
f 2056/2056/2056 2055/2055/2055 2054/2054/2054
f 2057/2057/2057 2056/2056/2056 2054/2054/2054
f 2060/2060/2060 2059/2059/2059 2058/2058/2058
f 2061/2061/2061 2060/2060/2060 2058/2058/2058
f 2064/2064/2064 2063/2063/2063 2062/2062/2062
f 2065/2065/2065 2064/2064/2064 2062/2062/2062
f 2068/2068/2068 2067/2067/2067 2066/2066/2066
f 2069/2069/2069 2068/2068/2068 2066/2066/2066
f 2072/2072/2072 2071/2071/2071 2070/2070/2070
f 2073/2073/2073 2072/2072/2072 2070/2070/2070
f 2076/2076/2076 2075/2075/2075 2074/2074/2074
f 2077/2077/2077 2076/2076/2076 2074/2074/2074
f 2080/2080/2080 2079/2079/2079 2078/2078/2078
f 2081/2081/2081 2080/2080/2080 2078/2078/2078
f 2084/2084/2084 2083/2083/2083 2082/2082/2082
f 2085/2085/2085 2084/2084/2084 2082/2082/2082
f 2088/2088/2088 2087/2087/2087 2086/2086/2086
f 2089/2089/2089 2088/2088/2088 2086/2086/2086
f 2092/2092/2092 2091/2091/2091 2090/2090/2090
f 2093/2093/2093 2092/2092/2092 2090/2090/2090
f 2096/2096/2096 2095/2095/2095 2094/2094/2094
f 2097/2097/2097 2096/2096/2096 2094/2094/2094
f 2100/2100/2100 2099/2099/2099 2098/2098/2098
f 2101/2101/2101 2100/2100/2100 2098/2098/2098
f 2104/2104/2104 2103/2103/2103 2102/2102/2102
f 2105/2105/2105 2104/2104/2104 2102/2102/2102
f 2108/2108/2108 2107/2107/2107 2106/2106/2106
f 2109/2109/2109 2108/2108/2108 2106/2106/2106
f 2112/2112/2112 2111/2111/2111 2110/2110/2110
f 2113/2113/2113 2112/2112/2112 2110/2110/2110
f 2116/2116/2116 2115/2115/2115 2114/2114/2114
f 2117/2117/2117 2116/2116/2116 2114/2114/2114
f 2120/2120/2120 2119/2119/2119 2118/2118/2118
f 2121/2121/2121 2120/2120/2120 2118/2118/2118
f 2124/2124/2124 2123/2123/2123 2122/2122/2122
f 2125/2125/2125 2124/2124/2124 2122/2122/2122
f 2128/2128/2128 2127/2127/2127 2126/2126/2126
f 2129/2129/2129 2128/2128/2128 2126/2126/2126
f 2132/2132/2132 2131/2131/2131 2130/2130/2130
f 2133/2133/2133 2132/2132/2132 2130/2130/2130
f 2136/2136/2136 2135/2135/2135 2134/2134/2134
f 2137/2137/2137 2136/2136/2136 2134/2134/2134
f 2140/2140/2140 2139/2139/2139 2138/2138/2138
f 2141/2141/2141 2140/2140/2140 2138/2138/2138
f 2144/2144/2144 2143/2143/2143 2142/2142/2142
f 2145/2145/2145 2144/2144/2144 2142/2142/2142
f 2148/2148/2148 2147/2147/2147 2146/2146/2146
f 2149/2149/2149 2148/2148/2148 2146/2146/2146
f 2152/2152/2152 2151/2151/2151 2150/2150/2150
f 2153/2153/2153 2152/2152/2152 2150/2150/2150
f 2156/2156/2156 2155/2155/2155 2154/2154/2154
f 2157/2157/2157 2156/2156/2156 2154/2154/2154
f 2160/2160/2160 2159/2159/2159 2158/2158/2158
f 2161/2161/2161 2160/2160/2160 2158/2158/2158
f 2164/2164/2164 2163/2163/2163 2162/2162/2162
f 2165/2165/2165 2164/2164/2164 2162/2162/2162
f 2168/2168/2168 2167/2167/2167 2166/2166/2166
f 2169/2169/2169 2168/2168/2168 2166/2166/2166
f 2172/2172/2172 2171/2171/2171 2170/2170/2170
f 2173/2173/2173 2172/2172/2172 2170/2170/2170
f 2176/2176/2176 2175/2175/2175 2174/2174/2174
f 2177/2177/2177 2176/2176/2176 2174/2174/2174
f 2180/2180/2180 2179/2179/2179 2178/2178/2178
f 2181/2181/2181 2180/2180/2180 2178/2178/2178
f 2184/2184/2184 2183/2183/2183 2182/2182/2182
f 2185/2185/2185 2184/2184/2184 2182/2182/2182
f 2188/2188/2188 2187/2187/2187 2186/2186/2186
f 2189/2189/2189 2188/2188/2188 2186/2186/2186
f 2192/2192/2192 2191/2191/2191 2190/2190/2190
f 2193/2193/2193 2192/2192/2192 2190/2190/2190
f 2196/2196/2196 2195/2195/2195 2194/2194/2194
f 2197/2197/2197 2196/2196/2196 2194/2194/2194
f 2200/2200/2200 2199/2199/2199 2198/2198/2198
f 2201/2201/2201 2200/2200/2200 2198/2198/2198
f 2204/2204/2204 2203/2203/2203 2202/2202/2202
f 2205/2205/2205 2204/2204/2204 2202/2202/2202
f 2208/2208/2208 2207/2207/2207 2206/2206/2206
f 2209/2209/2209 2208/2208/2208 2206/2206/2206
f 2212/2212/2212 2211/2211/2211 2210/2210/2210
f 2213/2213/2213 2212/2212/2212 2210/2210/2210
f 2216/2216/2216 2215/2215/2215 2214/2214/2214
f 2217/2217/2217 2216/2216/2216 2214/2214/2214
f 2220/2220/2220 2219/2219/2219 2218/2218/2218
f 2219/2219/2219 2221/2221/2221 2218/2218/2218
f 2219/2219/2219 2222/2222/2222 2221/2221/2221
f 2222/2222/2222 2223/2223/2223 2221/2221/2221
f 2226/2226/2226 2225/2225/2225 2224/2224/2224
f 2225/2225/2225 2227/2227/2227 2224/2224/2224
f 2228/2228/2228 2227/2227/2227 2225/2225/2225
f 2229/2229/2229 2228/2228/2228 2225/2225/2225
f 2232/2232/2232 2231/2231/2231 2230/2230/2230
f 2233/2233/2233 2232/2232/2232 2230/2230/2230
f 2236/2236/2236 2235/2235/2235 2234/2234/2234
f 2237/2237/2237 2236/2236/2236 2234/2234/2234
f 2240/2240/2240 2239/2239/2239 2238/2238/2238
f 2241/2241/2241 2240/2240/2240 2238/2238/2238
f 2244/2244/2244 2243/2243/2243 2242/2242/2242
f 2245/2245/2245 2244/2244/2244 2242/2242/2242
f 2248/2248/2248 2247/2247/2247 2246/2246/2246
f 2249/2249/2249 2248/2248/2248 2246/2246/2246
f 2252/2252/2252 2251/2251/2251 2250/2250/2250
f 2253/2253/2253 2252/2252/2252 2250/2250/2250
f 2256/2256/2256 2255/2255/2255 2254/2254/2254
f 2257/2257/2257 2256/2256/2256 2254/2254/2254
f 2260/2260/2260 2259/2259/2259 2258/2258/2258
f 2261/2261/2261 2260/2260/2260 2258/2258/2258
f 2264/2264/2264 2263/2263/2263 2262/2262/2262
f 2265/2265/2265 2264/2264/2264 2262/2262/2262
f 2268/2268/2268 2267/2267/2267 2266/2266/2266
f 2269/2269/2269 2268/2268/2268 2266/2266/2266
f 2272/2272/2272 2271/2271/2271 2270/2270/2270
f 2271/2271/2271 2273/2273/2273 2270/2270/2270
f 2271/2271/2271 2274/2274/2274 2273/2273/2273
f 2274/2274/2274 2275/2275/2275 2273/2273/2273
f 2278/2278/2278 2277/2277/2277 2276/2276/2276
f 2277/2277/2277 2279/2279/2279 2276/2276/2276
f 2280/2280/2280 2279/2279/2279 2277/2277/2277
f 2281/2281/2281 2280/2280/2280 2277/2277/2277
f 2284/2284/2284 2283/2283/2283 2282/2282/2282
f 2285/2285/2285 2284/2284/2284 2282/2282/2282
f 2288/2288/2288 2287/2287/2287 2286/2286/2286
f 2289/2289/2289 2288/2288/2288 2286/2286/2286
f 2292/2292/2292 2291/2291/2291 2290/2290/2290
f 2293/2293/2293 2292/2292/2292 2290/2290/2290
f 2296/2296/2296 2295/2295/2295 2294/2294/2294
f 2297/2297/2297 2296/2296/2296 2294/2294/2294
f 2300/2300/2300 2299/2299/2299 2298/2298/2298
f 2301/2301/2301 2300/2300/2300 2298/2298/2298
f 2304/2304/2304 2303/2303/2303 2302/2302/2302
f 2305/2305/2305 2304/2304/2304 2302/2302/2302
f 2308/2308/2308 2307/2307/2307 2306/2306/2306
f 2309/2309/2309 2308/2308/2308 2306/2306/2306
f 2312/2312/2312 2311/2311/2311 2310/2310/2310
f 2313/2313/2313 2312/2312/2312 2310/2310/2310
f 2316/2316/2316 2315/2315/2315 2314/2314/2314
f 2317/2317/2317 2316/2316/2316 2314/2314/2314
f 2320/2320/2320 2319/2319/2319 2318/2318/2318
f 2321/2321/2321 2320/2320/2320 2318/2318/2318
f 2324/2324/2324 2323/2323/2323 2322/2322/2322
f 2325/2325/2325 2324/2324/2324 2322/2322/2322
f 2328/2328/2328 2327/2327/2327 2326/2326/2326
f 2329/2329/2329 2328/2328/2328 2326/2326/2326
f 2332/2332/2332 2331/2331/2331 2330/2330/2330
f 2333/2333/2333 2332/2332/2332 2330/2330/2330
f 2336/2336/2336 2335/2335/2335 2334/2334/2334
f 2337/2337/2337 2336/2336/2336 2334/2334/2334
f 2340/2340/2340 2339/2339/2339 2338/2338/2338
f 2341/2341/2341 2340/2340/2340 2338/2338/2338
f 2344/2344/2344 2343/2343/2343 2342/2342/2342
f 2345/2345/2345 2344/2344/2344 2342/2342/2342
f 2348/2348/2348 2347/2347/2347 2346/2346/2346
f 2349/2349/2349 2348/2348/2348 2346/2346/2346
f 2352/2352/2352 2351/2351/2351 2350/2350/2350
f 2353/2353/2353 2352/2352/2352 2350/2350/2350
f 2356/2356/2356 2355/2355/2355 2354/2354/2354
f 2357/2357/2357 2356/2356/2356 2354/2354/2354
f 2360/2360/2360 2359/2359/2359 2358/2358/2358
f 2361/2361/2361 2360/2360/2360 2358/2358/2358
f 2364/2364/2364 2363/2363/2363 2362/2362/2362
f 2365/2365/2365 2364/2364/2364 2362/2362/2362
f 2368/2368/2368 2367/2367/2367 2366/2366/2366
f 2369/2369/2369 2368/2368/2368 2366/2366/2366
f 2372/2372/2372 2371/2371/2371 2370/2370/2370
f 2373/2373/2373 2372/2372/2372 2370/2370/2370
f 2376/2376/2376 2375/2375/2375 2374/2374/2374
f 2377/2377/2377 2376/2376/2376 2374/2374/2374
f 2380/2380/2380 2379/2379/2379 2378/2378/2378
f 2381/2381/2381 2380/2380/2380 2378/2378/2378
f 2384/2384/2384 2383/2383/2383 2382/2382/2382
f 2385/2385/2385 2384/2384/2384 2382/2382/2382
f 2388/2388/2388 2387/2387/2387 2386/2386/2386
f 2389/2389/2389 2388/2388/2388 2386/2386/2386
f 2392/2392/2392 2391/2391/2391 2390/2390/2390
f 2393/2393/2393 2392/2392/2392 2390/2390/2390
f 2396/2396/2396 2395/2395/2395 2394/2394/2394
f 2397/2397/2397 2396/2396/2396 2394/2394/2394
f 2400/2400/2400 2399/2399/2399 2398/2398/2398
f 2401/2401/2401 2400/2400/2400 2398/2398/2398
f 2404/2404/2404 2403/2403/2403 2402/2402/2402
f 2405/2405/2405 2404/2404/2404 2402/2402/2402
f 2408/2408/2408 2407/2407/2407 2406/2406/2406
f 2409/2409/2409 2408/2408/2408 2406/2406/2406
f 2412/2412/2412 2411/2411/2411 2410/2410/2410
f 2413/2413/2413 2412/2412/2412 2410/2410/2410
f 2416/2416/2416 2415/2415/2415 2414/2414/2414
f 2417/2417/2417 2416/2416/2416 2414/2414/2414
f 2420/2420/2420 2419/2419/2419 2418/2418/2418
f 2421/2421/2421 2420/2420/2420 2418/2418/2418
f 2424/2424/2424 2423/2423/2423 2422/2422/2422
f 2425/2425/2425 2424/2424/2424 2422/2422/2422
f 2428/2428/2428 2427/2427/2427 2426/2426/2426
f 2429/2429/2429 2428/2428/2428 2426/2426/2426
f 2432/2432/2432 2431/2431/2431 2430/2430/2430
f 2433/2433/2433 2432/2432/2432 2430/2430/2430
f 2436/2436/2436 2435/2435/2435 2434/2434/2434
f 2437/2437/2437 2436/2436/2436 2434/2434/2434
f 2440/2440/2440 2439/2439/2439 2438/2438/2438
f 2441/2441/2441 2440/2440/2440 2438/2438/2438
f 2444/2444/2444 2443/2443/2443 2442/2442/2442
f 2445/2445/2445 2444/2444/2444 2442/2442/2442
f 2448/2448/2448 2447/2447/2447 2446/2446/2446
f 2449/2449/2449 2448/2448/2448 2446/2446/2446
f 2452/2452/2452 2451/2451/2451 2450/2450/2450
f 2453/2453/2453 2452/2452/2452 2450/2450/2450
f 2456/2456/2456 2455/2455/2455 2454/2454/2454
f 2457/2457/2457 2456/2456/2456 2454/2454/2454
f 2460/2460/2460 2459/2459/2459 2458/2458/2458
f 2461/2461/2461 2460/2460/2460 2458/2458/2458
f 2464/2464/2464 2463/2463/2463 2462/2462/2462
f 2465/2465/2465 2464/2464/2464 2462/2462/2462
f 2468/2468/2468 2467/2467/2467 2466/2466/2466
f 2469/2469/2469 2468/2468/2468 2466/2466/2466
f 2472/2472/2472 2471/2471/2471 2470/2470/2470
f 2473/2473/2473 2472/2472/2472 2470/2470/2470
f 2476/2476/2476 2475/2475/2475 2474/2474/2474
f 2477/2477/2477 2476/2476/2476 2474/2474/2474
f 2480/2480/2480 2479/2479/2479 2478/2478/2478
f 2481/2481/2481 2480/2480/2480 2478/2478/2478
f 2484/2484/2484 2483/2483/2483 2482/2482/2482
f 2485/2485/2485 2484/2484/2484 2482/2482/2482
f 2488/2488/2488 2487/2487/2487 2486/2486/2486
f 2489/2489/2489 2488/2488/2488 2486/2486/2486
f 2492/2492/2492 2491/2491/2491 2490/2490/2490
f 2493/2493/2493 2492/2492/2492 2490/2490/2490
f 2496/2496/2496 2495/2495/2495 2494/2494/2494
f 2497/2497/2497 2496/2496/2496 2494/2494/2494
f 2500/2500/2500 2499/2499/2499 2498/2498/2498
f 2501/2501/2501 2500/2500/2500 2498/2498/2498
f 2504/2504/2504 2503/2503/2503 2502/2502/2502
f 2505/2505/2505 2504/2504/2504 2502/2502/2502
f 2508/2508/2508 2507/2507/2507 2506/2506/2506
f 2509/2509/2509 2508/2508/2508 2506/2506/2506
f 2512/2512/2512 2511/2511/2511 2510/2510/2510
f 2513/2513/2513 2512/2512/2512 2510/2510/2510
f 2516/2516/2516 2515/2515/2515 2514/2514/2514
f 2517/2517/2517 2516/2516/2516 2514/2514/2514
f 2520/2520/2520 2519/2519/2519 2518/2518/2518
f 2521/2521/2521 2520/2520/2520 2518/2518/2518
f 2524/2524/2524 2523/2523/2523 2522/2522/2522
f 2525/2525/2525 2524/2524/2524 2522/2522/2522
f 2528/2528/2528 2527/2527/2527 2526/2526/2526
f 2529/2529/2529 2528/2528/2528 2526/2526/2526
f 2532/2532/2532 2531/2531/2531 2530/2530/2530
f 2533/2533/2533 2532/2532/2532 2530/2530/2530
f 2536/2536/2536 2535/2535/2535 2534/2534/2534
f 2537/2537/2537 2536/2536/2536 2534/2534/2534
f 2540/2540/2540 2539/2539/2539 2538/2538/2538
f 2541/2541/2541 2540/2540/2540 2538/2538/2538
f 2544/2544/2544 2543/2543/2543 2542/2542/2542
f 2545/2545/2545 2544/2544/2544 2542/2542/2542
f 2548/2548/2548 2547/2547/2547 2546/2546/2546
f 2549/2549/2549 2548/2548/2548 2546/2546/2546
f 2552/2552/2552 2551/2551/2551 2550/2550/2550
f 2553/2553/2553 2552/2552/2552 2550/2550/2550
f 2556/2556/2556 2555/2555/2555 2554/2554/2554
f 2557/2557/2557 2556/2556/2556 2554/2554/2554
f 2560/2560/2560 2559/2559/2559 2558/2558/2558
f 2561/2561/2561 2560/2560/2560 2558/2558/2558
f 2564/2564/2564 2563/2563/2563 2562/2562/2562
f 2565/2565/2565 2564/2564/2564 2562/2562/2562
f 2568/2568/2568 2567/2567/2567 2566/2566/2566
f 2569/2569/2569 2568/2568/2568 2566/2566/2566
f 2572/2572/2572 2571/2571/2571 2570/2570/2570
f 2573/2573/2573 2572/2572/2572 2570/2570/2570
f 2576/2576/2576 2575/2575/2575 2574/2574/2574
f 2577/2577/2577 2576/2576/2576 2574/2574/2574
f 2580/2580/2580 2579/2579/2579 2578/2578/2578
f 2581/2581/2581 2580/2580/2580 2578/2578/2578
f 2584/2584/2584 2583/2583/2583 2582/2582/2582
f 2585/2585/2585 2584/2584/2584 2582/2582/2582
f 2588/2588/2588 2587/2587/2587 2586/2586/2586
f 2589/2589/2589 2588/2588/2588 2586/2586/2586
f 2592/2592/2592 2591/2591/2591 2590/2590/2590
f 2593/2593/2593 2592/2592/2592 2590/2590/2590
f 2596/2596/2596 2595/2595/2595 2594/2594/2594
f 2597/2597/2597 2596/2596/2596 2594/2594/2594
f 2600/2600/2600 2599/2599/2599 2598/2598/2598
f 2601/2601/2601 2600/2600/2600 2598/2598/2598
f 2604/2604/2604 2603/2603/2603 2602/2602/2602
f 2605/2605/2605 2604/2604/2604 2602/2602/2602
f 2608/2608/2608 2607/2607/2607 2606/2606/2606
f 2609/2609/2609 2608/2608/2608 2606/2606/2606
f 2612/2612/2612 2611/2611/2611 2610/2610/2610
f 2613/2613/2613 2612/2612/2612 2610/2610/2610
f 2616/2616/2616 2615/2615/2615 2614/2614/2614
f 2617/2617/2617 2616/2616/2616 2614/2614/2614
f 2620/2620/2620 2619/2619/2619 2618/2618/2618
f 2621/2621/2621 2620/2620/2620 2618/2618/2618
f 2624/2624/2624 2623/2623/2623 2622/2622/2622
f 2625/2625/2625 2624/2624/2624 2622/2622/2622
f 2628/2628/2628 2627/2627/2627 2626/2626/2626
f 2629/2629/2629 2628/2628/2628 2626/2626/2626
f 2632/2632/2632 2631/2631/2631 2630/2630/2630
f 2633/2633/2633 2632/2632/2632 2630/2630/2630
f 2636/2636/2636 2635/2635/2635 2634/2634/2634
f 2637/2637/2637 2636/2636/2636 2634/2634/2634
f 2640/2640/2640 2639/2639/2639 2638/2638/2638
f 2641/2641/2641 2640/2640/2640 2638/2638/2638
f 2644/2644/2644 2643/2643/2643 2642/2642/2642
f 2645/2645/2645 2644/2644/2644 2642/2642/2642
f 2648/2648/2648 2647/2647/2647 2646/2646/2646
f 2649/2649/2649 2648/2648/2648 2646/2646/2646
f 2652/2652/2652 2651/2651/2651 2650/2650/2650
f 2653/2653/2653 2652/2652/2652 2650/2650/2650
f 2656/2656/2656 2655/2655/2655 2654/2654/2654
f 2657/2657/2657 2656/2656/2656 2654/2654/2654
f 2660/2660/2660 2659/2659/2659 2658/2658/2658
f 2661/2661/2661 2660/2660/2660 2658/2658/2658
f 2664/2664/2664 2663/2663/2663 2662/2662/2662
f 2665/2665/2665 2664/2664/2664 2662/2662/2662
f 2668/2668/2668 2667/2667/2667 2666/2666/2666
f 2669/2669/2669 2668/2668/2668 2666/2666/2666
f 2672/2672/2672 2671/2671/2671 2670/2670/2670
f 2673/2673/2673 2672/2672/2672 2670/2670/2670
f 2676/2676/2676 2675/2675/2675 2674/2674/2674
f 2677/2677/2677 2676/2676/2676 2674/2674/2674
f 2680/2680/2680 2679/2679/2679 2678/2678/2678
f 2681/2681/2681 2680/2680/2680 2678/2678/2678
f 2684/2684/2684 2683/2683/2683 2682/2682/2682
f 2685/2685/2685 2684/2684/2684 2682/2682/2682
f 2688/2688/2688 2687/2687/2687 2686/2686/2686
f 2689/2689/2689 2688/2688/2688 2686/2686/2686
f 2692/2692/2692 2691/2691/2691 2690/2690/2690
f 2693/2693/2693 2692/2692/2692 2690/2690/2690
f 2696/2696/2696 2695/2695/2695 2694/2694/2694
f 2697/2697/2697 2696/2696/2696 2694/2694/2694
f 2700/2700/2700 2699/2699/2699 2698/2698/2698
f 2701/2701/2701 2700/2700/2700 2698/2698/2698
f 2704/2704/2704 2703/2703/2703 2702/2702/2702
f 2705/2705/2705 2704/2704/2704 2702/2702/2702
f 2708/2708/2708 2707/2707/2707 2706/2706/2706
f 2709/2709/2709 2708/2708/2708 2706/2706/2706
f 2712/2712/2712 2711/2711/2711 2710/2710/2710
f 2713/2713/2713 2712/2712/2712 2710/2710/2710
f 2716/2716/2716 2715/2715/2715 2714/2714/2714
f 2717/2717/2717 2716/2716/2716 2714/2714/2714
f 2720/2720/2720 2719/2719/2719 2718/2718/2718
f 2721/2721/2721 2720/2720/2720 2718/2718/2718
f 2724/2724/2724 2723/2723/2723 2722/2722/2722
f 2725/2725/2725 2724/2724/2724 2722/2722/2722
f 2728/2728/2728 2727/2727/2727 2726/2726/2726
f 2729/2729/2729 2728/2728/2728 2726/2726/2726
f 2732/2732/2732 2731/2731/2731 2730/2730/2730
f 2733/2733/2733 2732/2732/2732 2730/2730/2730
f 2736/2736/2736 2735/2735/2735 2734/2734/2734
f 2735/2735/2735 2737/2737/2737 2734/2734/2734
f 2735/2735/2735 2738/2738/2738 2737/2737/2737
f 2738/2738/2738 2739/2739/2739 2737/2737/2737
f 2742/2742/2742 2741/2741/2741 2740/2740/2740
f 2741/2741/2741 2743/2743/2743 2740/2740/2740
f 2744/2744/2744 2743/2743/2743 2741/2741/2741
f 2745/2745/2745 2744/2744/2744 2741/2741/2741
f 2748/2748/2748 2747/2747/2747 2746/2746/2746
f 2749/2749/2749 2748/2748/2748 2746/2746/2746
f 2752/2752/2752 2751/2751/2751 2750/2750/2750
f 2753/2753/2753 2752/2752/2752 2750/2750/2750
f 2756/2756/2756 2755/2755/2755 2754/2754/2754
f 2757/2757/2757 2756/2756/2756 2754/2754/2754
f 2760/2760/2760 2759/2759/2759 2758/2758/2758
f 2761/2761/2761 2760/2760/2760 2758/2758/2758
f 2764/2764/2764 2763/2763/2763 2762/2762/2762
f 2765/2765/2765 2764/2764/2764 2762/2762/2762
f 2768/2768/2768 2767/2767/2767 2766/2766/2766
f 2769/2769/2769 2768/2768/2768 2766/2766/2766
f 2772/2772/2772 2771/2771/2771 2770/2770/2770
f 2773/2773/2773 2772/2772/2772 2770/2770/2770
f 2776/2776/2776 2775/2775/2775 2774/2774/2774
f 2777/2777/2777 2776/2776/2776 2774/2774/2774
f 2780/2780/2780 2779/2779/2779 2778/2778/2778
f 2781/2781/2781 2780/2780/2780 2778/2778/2778
f 2784/2784/2784 2783/2783/2783 2782/2782/2782
f 2785/2785/2785 2784/2784/2784 2782/2782/2782
f 2788/2788/2788 2787/2787/2787 2786/2786/2786
f 2787/2787/2787 2789/2789/2789 2786/2786/2786
f 2787/2787/2787 2790/2790/2790 2789/2789/2789
f 2790/2790/2790 2791/2791/2791 2789/2789/2789
f 2794/2794/2794 2793/2793/2793 2792/2792/2792
f 2793/2793/2793 2795/2795/2795 2792/2792/2792
f 2796/2796/2796 2795/2795/2795 2793/2793/2793
f 2797/2797/2797 2796/2796/2796 2793/2793/2793
f 2800/2800/2800 2799/2799/2799 2798/2798/2798
f 2801/2801/2801 2800/2800/2800 2798/2798/2798
f 2804/2804/2804 2803/2803/2803 2802/2802/2802
f 2805/2805/2805 2804/2804/2804 2802/2802/2802
f 2808/2808/2808 2807/2807/2807 2806/2806/2806
f 2809/2809/2809 2808/2808/2808 2806/2806/2806
f 2812/2812/2812 2811/2811/2811 2810/2810/2810
f 2813/2813/2813 2812/2812/2812 2810/2810/2810
f 2816/2816/2816 2815/2815/2815 2814/2814/2814
f 2817/2817/2817 2816/2816/2816 2814/2814/2814
f 2820/2820/2820 2819/2819/2819 2818/2818/2818
f 2821/2821/2821 2820/2820/2820 2818/2818/2818
f 2824/2824/2824 2823/2823/2823 2822/2822/2822
f 2825/2825/2825 2824/2824/2824 2822/2822/2822
f 2828/2828/2828 2827/2827/2827 2826/2826/2826
f 2829/2829/2829 2828/2828/2828 2826/2826/2826
f 2832/2832/2832 2831/2831/2831 2830/2830/2830
f 2833/2833/2833 2832/2832/2832 2830/2830/2830
f 2836/2836/2836 2835/2835/2835 2834/2834/2834
f 2837/2837/2837 2836/2836/2836 2834/2834/2834
f 2840/2840/2840 2839/2839/2839 2838/2838/2838
f 2841/2841/2841 2840/2840/2840 2838/2838/2838
f 2844/2844/2844 2843/2843/2843 2842/2842/2842
f 2845/2845/2845 2844/2844/2844 2842/2842/2842
f 2848/2848/2848 2847/2847/2847 2846/2846/2846
f 2849/2849/2849 2848/2848/2848 2846/2846/2846
f 2852/2852/2852 2851/2851/2851 2850/2850/2850
f 2853/2853/2853 2852/2852/2852 2850/2850/2850
f 2856/2856/2856 2855/2855/2855 2854/2854/2854
f 2857/2857/2857 2856/2856/2856 2854/2854/2854
f 2860/2860/2860 2859/2859/2859 2858/2858/2858
f 2861/2861/2861 2860/2860/2860 2858/2858/2858
f 2864/2864/2864 2863/2863/2863 2862/2862/2862
f 2865/2865/2865 2864/2864/2864 2862/2862/2862
f 2868/2868/2868 2867/2867/2867 2866/2866/2866
f 2869/2869/2869 2868/2868/2868 2866/2866/2866
f 2872/2872/2872 2871/2871/2871 2870/2870/2870
f 2873/2873/2873 2872/2872/2872 2870/2870/2870
f 2876/2876/2876 2875/2875/2875 2874/2874/2874
f 2877/2877/2877 2876/2876/2876 2874/2874/2874
f 2880/2880/2880 2879/2879/2879 2878/2878/2878
f 2881/2881/2881 2880/2880/2880 2878/2878/2878
f 2884/2884/2884 2883/2883/2883 2882/2882/2882
f 2885/2885/2885 2884/2884/2884 2882/2882/2882
f 2888/2888/2888 2887/2887/2887 2886/2886/2886
f 2889/2889/2889 2888/2888/2888 2886/2886/2886
f 2892/2892/2892 2891/2891/2891 2890/2890/2890
f 2893/2893/2893 2892/2892/2892 2890/2890/2890
f 2896/2896/2896 2895/2895/2895 2894/2894/2894
f 2897/2897/2897 2896/2896/2896 2894/2894/2894
f 2900/2900/2900 2899/2899/2899 2898/2898/2898
f 2901/2901/2901 2900/2900/2900 2898/2898/2898
f 2904/2904/2904 2903/2903/2903 2902/2902/2902
f 2905/2905/2905 2904/2904/2904 2902/2902/2902
f 2908/2908/2908 2907/2907/2907 2906/2906/2906
f 2909/2909/2909 2908/2908/2908 2906/2906/2906
f 2912/2912/2912 2911/2911/2911 2910/2910/2910
f 2913/2913/2913 2912/2912/2912 2910/2910/2910
f 2916/2916/2916 2915/2915/2915 2914/2914/2914
f 2917/2917/2917 2916/2916/2916 2914/2914/2914
f 2920/2920/2920 2919/2919/2919 2918/2918/2918
f 2921/2921/2921 2920/2920/2920 2918/2918/2918
f 2924/2924/2924 2923/2923/2923 2922/2922/2922
f 2925/2925/2925 2924/2924/2924 2922/2922/2922
f 2928/2928/2928 2927/2927/2927 2926/2926/2926
f 2929/2929/2929 2928/2928/2928 2926/2926/2926
f 2932/2932/2932 2931/2931/2931 2930/2930/2930
f 2933/2933/2933 2932/2932/2932 2930/2930/2930
f 2936/2936/2936 2935/2935/2935 2934/2934/2934
f 2937/2937/2937 2936/2936/2936 2934/2934/2934
f 2940/2940/2940 2939/2939/2939 2938/2938/2938
f 2941/2941/2941 2940/2940/2940 2938/2938/2938
f 2944/2944/2944 2943/2943/2943 2942/2942/2942
f 2945/2945/2945 2944/2944/2944 2942/2942/2942
f 2948/2948/2948 2947/2947/2947 2946/2946/2946
f 2949/2949/2949 2948/2948/2948 2946/2946/2946
f 2952/2952/2952 2951/2951/2951 2950/2950/2950
f 2953/2953/2953 2952/2952/2952 2950/2950/2950
f 2956/2956/2956 2955/2955/2955 2954/2954/2954
f 2957/2957/2957 2956/2956/2956 2954/2954/2954
f 2960/2960/2960 2959/2959/2959 2958/2958/2958
f 2961/2961/2961 2960/2960/2960 2958/2958/2958
f 2964/2964/2964 2963/2963/2963 2962/2962/2962
f 2965/2965/2965 2964/2964/2964 2962/2962/2962
f 2968/2968/2968 2967/2967/2967 2966/2966/2966
f 2969/2969/2969 2968/2968/2968 2966/2966/2966
f 2972/2972/2972 2971/2971/2971 2970/2970/2970
f 2973/2973/2973 2972/2972/2972 2970/2970/2970
f 2976/2976/2976 2975/2975/2975 2974/2974/2974
f 2977/2977/2977 2976/2976/2976 2974/2974/2974
f 2980/2980/2980 2979/2979/2979 2978/2978/2978
f 2981/2981/2981 2980/2980/2980 2978/2978/2978
f 2984/2984/2984 2983/2983/2983 2982/2982/2982
f 2985/2985/2985 2984/2984/2984 2982/2982/2982
f 2988/2988/2988 2987/2987/2987 2986/2986/2986
f 2989/2989/2989 2988/2988/2988 2986/2986/2986
f 2992/2992/2992 2991/2991/2991 2990/2990/2990
f 2993/2993/2993 2992/2992/2992 2990/2990/2990
f 2996/2996/2996 2995/2995/2995 2994/2994/2994
f 2997/2997/2997 2996/2996/2996 2994/2994/2994
f 3000/3000/3000 2999/2999/2999 2998/2998/2998
f 3001/3001/3001 3000/3000/3000 2998/2998/2998
f 3004/3004/3004 3003/3003/3003 3002/3002/3002
f 3005/3005/3005 3004/3004/3004 3002/3002/3002
f 3008/3008/3008 3007/3007/3007 3006/3006/3006
f 3009/3009/3009 3008/3008/3008 3006/3006/3006
f 3012/3012/3012 3011/3011/3011 3010/3010/3010
f 3013/3013/3013 3012/3012/3012 3010/3010/3010
f 3016/3016/3016 3015/3015/3015 3014/3014/3014
f 3017/3017/3017 3016/3016/3016 3014/3014/3014
f 3020/3020/3020 3019/3019/3019 3018/3018/3018
f 3021/3021/3021 3020/3020/3020 3018/3018/3018
f 3024/3024/3024 3023/3023/3023 3022/3022/3022
f 3025/3025/3025 3024/3024/3024 3022/3022/3022
f 3028/3028/3028 3027/3027/3027 3026/3026/3026
f 3029/3029/3029 3028/3028/3028 3026/3026/3026
f 3032/3032/3032 3031/3031/3031 3030/3030/3030
f 3033/3033/3033 3032/3032/3032 3030/3030/3030
f 3036/3036/3036 3035/3035/3035 3034/3034/3034
f 3037/3037/3037 3036/3036/3036 3034/3034/3034
f 3040/3040/3040 3039/3039/3039 3038/3038/3038
f 3041/3041/3041 3040/3040/3040 3038/3038/3038
f 3044/3044/3044 3043/3043/3043 3042/3042/3042
f 3045/3045/3045 3044/3044/3044 3042/3042/3042
f 3048/3048/3048 3047/3047/3047 3046/3046/3046
f 3049/3049/3049 3048/3048/3048 3046/3046/3046
f 3052/3052/3052 3051/3051/3051 3050/3050/3050
f 3053/3053/3053 3052/3052/3052 3050/3050/3050
f 3056/3056/3056 3055/3055/3055 3054/3054/3054
f 3057/3057/3057 3056/3056/3056 3054/3054/3054
f 3060/3060/3060 3059/3059/3059 3058/3058/3058
f 3061/3061/3061 3060/3060/3060 3058/3058/3058
f 3064/3064/3064 3063/3063/3063 3062/3062/3062
f 3065/3065/3065 3064/3064/3064 3062/3062/3062
f 3068/3068/3068 3067/3067/3067 3066/3066/3066
f 3069/3069/3069 3068/3068/3068 3066/3066/3066
f 3072/3072/3072 3071/3071/3071 3070/3070/3070
f 3073/3073/3073 3072/3072/3072 3070/3070/3070
f 3076/3076/3076 3075/3075/3075 3074/3074/3074
f 3077/3077/3077 3076/3076/3076 3074/3074/3074
f 3080/3080/3080 3079/3079/3079 3078/3078/3078
f 3081/3081/3081 3080/3080/3080 3078/3078/3078
f 3084/3084/3084 3083/3083/3083 3082/3082/3082
f 3085/3085/3085 3084/3084/3084 3082/3082/3082
f 3088/3088/3088 3087/3087/3087 3086/3086/3086
f 3089/3089/3089 3088/3088/3088 3086/3086/3086
f 3092/3092/3092 3091/3091/3091 3090/3090/3090
f 3093/3093/3093 3092/3092/3092 3090/3090/3090
f 3096/3096/3096 3095/3095/3095 3094/3094/3094
f 3097/3097/3097 3096/3096/3096 3094/3094/3094
f 3100/3100/3100 3099/3099/3099 3098/3098/3098
f 3101/3101/3101 3100/3100/3100 3098/3098/3098
f 3104/3104/3104 3103/3103/3103 3102/3102/3102
f 3105/3105/3105 3104/3104/3104 3102/3102/3102
f 3108/3108/3108 3107/3107/3107 3106/3106/3106
f 3109/3109/3109 3108/3108/3108 3106/3106/3106
f 3112/3112/3112 3111/3111/3111 3110/3110/3110
f 3113/3113/3113 3112/3112/3112 3110/3110/3110
f 3116/3116/3116 3115/3115/3115 3114/3114/3114
f 3117/3117/3117 3116/3116/3116 3114/3114/3114
f 3120/3120/3120 3119/3119/3119 3118/3118/3118
f 3121/3121/3121 3120/3120/3120 3118/3118/3118
f 3124/3124/3124 3123/3123/3123 3122/3122/3122
f 3125/3125/3125 3124/3124/3124 3122/3122/3122
f 3128/3128/3128 3127/3127/3127 3126/3126/3126
f 3129/3129/3129 3128/3128/3128 3126/3126/3126
f 3132/3132/3132 3131/3131/3131 3130/3130/3130
f 3133/3133/3133 3132/3132/3132 3130/3130/3130
f 3136/3136/3136 3135/3135/3135 3134/3134/3134
f 3137/3137/3137 3136/3136/3136 3134/3134/3134
f 3140/3140/3140 3139/3139/3139 3138/3138/3138
f 3141/3141/3141 3140/3140/3140 3138/3138/3138
f 3144/3144/3144 3143/3143/3143 3142/3142/3142
f 3145/3145/3145 3144/3144/3144 3142/3142/3142
f 3148/3148/3148 3147/3147/3147 3146/3146/3146
f 3149/3149/3149 3148/3148/3148 3146/3146/3146
f 3152/3152/3152 3151/3151/3151 3150/3150/3150
f 3153/3153/3153 3152/3152/3152 3150/3150/3150
f 3156/3156/3156 3155/3155/3155 3154/3154/3154
f 3157/3157/3157 3156/3156/3156 3154/3154/3154
f 3160/3160/3160 3159/3159/3159 3158/3158/3158
f 3161/3161/3161 3160/3160/3160 3158/3158/3158
f 3164/3164/3164 3163/3163/3163 3162/3162/3162
f 3165/3165/3165 3164/3164/3164 3162/3162/3162
f 3168/3168/3168 3167/3167/3167 3166/3166/3166
f 3169/3169/3169 3168/3168/3168 3166/3166/3166
f 3172/3172/3172 3171/3171/3171 3170/3170/3170
f 3173/3173/3173 3172/3172/3172 3170/3170/3170
f 3176/3176/3176 3175/3175/3175 3174/3174/3174
f 3177/3177/3177 3176/3176/3176 3174/3174/3174
f 3180/3180/3180 3179/3179/3179 3178/3178/3178
f 3181/3181/3181 3180/3180/3180 3178/3178/3178
f 3184/3184/3184 3183/3183/3183 3182/3182/3182
f 3185/3185/3185 3184/3184/3184 3182/3182/3182
f 3188/3188/3188 3187/3187/3187 3186/3186/3186
f 3189/3189/3189 3188/3188/3188 3186/3186/3186
f 3192/3192/3192 3191/3191/3191 3190/3190/3190
f 3193/3193/3193 3192/3192/3192 3190/3190/3190
f 3196/3196/3196 3195/3195/3195 3194/3194/3194
f 3197/3197/3197 3196/3196/3196 3194/3194/3194
f 3200/3200/3200 3199/3199/3199 3198/3198/3198
f 3201/3201/3201 3200/3200/3200 3198/3198/3198
f 3204/3204/3204 3203/3203/3203 3202/3202/3202
f 3205/3205/3205 3204/3204/3204 3202/3202/3202
f 3208/3208/3208 3207/3207/3207 3206/3206/3206
f 3209/3209/3209 3208/3208/3208 3206/3206/3206
f 3212/3212/3212 3211/3211/3211 3210/3210/3210
f 3213/3213/3213 3212/3212/3212 3210/3210/3210
f 3216/3216/3216 3215/3215/3215 3214/3214/3214
f 3217/3217/3217 3216/3216/3216 3214/3214/3214
f 3220/3220/3220 3219/3219/3219 3218/3218/3218
f 3221/3221/3221 3220/3220/3220 3218/3218/3218
f 3224/3224/3224 3223/3223/3223 3222/3222/3222
f 3225/3225/3225 3224/3224/3224 3222/3222/3222
f 3228/3228/3228 3227/3227/3227 3226/3226/3226
f 3229/3229/3229 3228/3228/3228 3226/3226/3226
f 3232/3232/3232 3231/3231/3231 3230/3230/3230
f 3233/3233/3233 3232/3232/3232 3230/3230/3230
f 3236/3236/3236 3235/3235/3235 3234/3234/3234
f 3237/3237/3237 3236/3236/3236 3234/3234/3234
f 3240/3240/3240 3239/3239/3239 3238/3238/3238
f 3241/3241/3241 3240/3240/3240 3238/3238/3238
f 3244/3244/3244 3243/3243/3243 3242/3242/3242
f 3245/3245/3245 3244/3244/3244 3242/3242/3242
f 3248/3248/3248 3247/3247/3247 3246/3246/3246
f 3249/3249/3249 3248/3248/3248 3246/3246/3246
f 3252/3252/3252 3251/3251/3251 3250/3250/3250
f 3253/3253/3253 3252/3252/3252 3250/3250/3250
f 3254/3254/3254 3252/3252/3252 3253/3253/3253
f 3255/3255/3255 3254/3254/3254 3253/3253/3253
f 3258/3258/3258 3257/3257/3257 3256/3256/3256
f 3259/3259/3259 3258/3258/3258 3256/3256/3256
f 3259/3259/3259 3260/3260/3260 3258/3258/3258
f 3260/3260/3260 3261/3261/3261 3258/3258/3258
f 3264/3264/3264 3263/3263/3263 3262/3262/3262
f 3265/3265/3265 3264/3264/3264 3262/3262/3262
f 3268/3268/3268 3267/3267/3267 3266/3266/3266
f 3269/3269/3269 3268/3268/3268 3266/3266/3266
f 3272/3272/3272 3271/3271/3271 3270/3270/3270
f 3273/3273/3273 3272/3272/3272 3270/3270/3270
f 3276/3276/3276 3275/3275/3275 3274/3274/3274
f 3277/3277/3277 3276/3276/3276 3274/3274/3274
f 3280/3280/3280 3279/3279/3279 3278/3278/3278
f 3281/3281/3281 3280/3280/3280 3278/3278/3278
f 3284/3284/3284 3283/3283/3283 3282/3282/3282
f 3285/3285/3285 3284/3284/3284 3282/3282/3282
f 3288/3288/3288 3287/3287/3287 3286/3286/3286
f 3289/3289/3289 3288/3288/3288 3286/3286/3286
f 3292/3292/3292 3291/3291/3291 3290/3290/3290
f 3293/3293/3293 3292/3292/3292 3290/3290/3290
f 3296/3296/3296 3295/3295/3295 3294/3294/3294
f 3297/3297/3297 3296/3296/3296 3294/3294/3294
f 3300/3300/3300 3299/3299/3299 3298/3298/3298
f 3301/3301/3301 3300/3300/3300 3298/3298/3298
f 3304/3304/3304 3303/3303/3303 3302/3302/3302
f 3305/3305/3305 3304/3304/3304 3302/3302/3302
f 3306/3306/3306 3304/3304/3304 3305/3305/3305
f 3307/3307/3307 3306/3306/3306 3305/3305/3305
f 3310/3310/3310 3309/3309/3309 3308/3308/3308
f 3311/3311/3311 3310/3310/3310 3308/3308/3308
f 3311/3311/3311 3312/3312/3312 3310/3310/3310
f 3312/3312/3312 3313/3313/3313 3310/3310/3310
f 3316/3316/3316 3315/3315/3315 3314/3314/3314
f 3317/3317/3317 3316/3316/3316 3314/3314/3314
f 3320/3320/3320 3319/3319/3319 3318/3318/3318
f 3321/3321/3321 3320/3320/3320 3318/3318/3318
f 3324/3324/3324 3323/3323/3323 3322/3322/3322
f 3325/3325/3325 3324/3324/3324 3322/3322/3322
f 3328/3328/3328 3327/3327/3327 3326/3326/3326
f 3329/3329/3329 3328/3328/3328 3326/3326/3326
f 3332/3332/3332 3331/3331/3331 3330/3330/3330
f 3333/3333/3333 3332/3332/3332 3330/3330/3330
f 3336/3336/3336 3335/3335/3335 3334/3334/3334
f 3337/3337/3337 3336/3336/3336 3334/3334/3334
f 3340/3340/3340 3339/3339/3339 3338/3338/3338
f 3341/3341/3341 3340/3340/3340 3338/3338/3338
f 3344/3344/3344 3343/3343/3343 3342/3342/3342
f 3345/3345/3345 3344/3344/3344 3342/3342/3342
f 3348/3348/3348 3347/3347/3347 3346/3346/3346
f 3349/3349/3349 3348/3348/3348 3346/3346/3346
f 3352/3352/3352 3351/3351/3351 3350/3350/3350
f 3353/3353/3353 3352/3352/3352 3350/3350/3350
f 3356/3356/3356 3355/3355/3355 3354/3354/3354
f 3357/3357/3357 3356/3356/3356 3354/3354/3354
f 3360/3360/3360 3359/3359/3359 3358/3358/3358
f 3361/3361/3361 3360/3360/3360 3358/3358/3358
f 3364/3364/3364 3363/3363/3363 3362/3362/3362
f 3365/3365/3365 3364/3364/3364 3362/3362/3362
f 3368/3368/3368 3367/3367/3367 3366/3366/3366
f 3369/3369/3369 3368/3368/3368 3366/3366/3366
f 3372/3372/3372 3371/3371/3371 3370/3370/3370
f 3373/3373/3373 3372/3372/3372 3370/3370/3370
f 3376/3376/3376 3375/3375/3375 3374/3374/3374
f 3377/3377/3377 3376/3376/3376 3374/3374/3374
f 3380/3380/3380 3379/3379/3379 3378/3378/3378
f 3381/3381/3381 3380/3380/3380 3378/3378/3378
f 3384/3384/3384 3383/3383/3383 3382/3382/3382
f 3385/3385/3385 3384/3384/3384 3382/3382/3382
f 3388/3388/3388 3387/3387/3387 3386/3386/3386
f 3389/3389/3389 3388/3388/3388 3386/3386/3386
f 3392/3392/3392 3391/3391/3391 3390/3390/3390
f 3393/3393/3393 3392/3392/3392 3390/3390/3390
f 3396/3396/3396 3395/3395/3395 3394/3394/3394
f 3397/3397/3397 3396/3396/3396 3394/3394/3394
f 3400/3400/3400 3399/3399/3399 3398/3398/3398
f 3401/3401/3401 3400/3400/3400 3398/3398/3398
f 3404/3404/3404 3403/3403/3403 3402/3402/3402
f 3405/3405/3405 3404/3404/3404 3402/3402/3402
f 3408/3408/3408 3407/3407/3407 3406/3406/3406
f 3409/3409/3409 3408/3408/3408 3406/3406/3406
f 3412/3412/3412 3411/3411/3411 3410/3410/3410
f 3413/3413/3413 3412/3412/3412 3410/3410/3410
f 3416/3416/3416 3415/3415/3415 3414/3414/3414
f 3417/3417/3417 3416/3416/3416 3414/3414/3414
f 3420/3420/3420 3419/3419/3419 3418/3418/3418
f 3421/3421/3421 3420/3420/3420 3418/3418/3418
f 3424/3424/3424 3423/3423/3423 3422/3422/3422
f 3425/3425/3425 3424/3424/3424 3422/3422/3422
f 3428/3428/3428 3427/3427/3427 3426/3426/3426
f 3429/3429/3429 3428/3428/3428 3426/3426/3426
f 3432/3432/3432 3431/3431/3431 3430/3430/3430
f 3433/3433/3433 3432/3432/3432 3430/3430/3430
f 3436/3436/3436 3435/3435/3435 3434/3434/3434
f 3437/3437/3437 3436/3436/3436 3434/3434/3434
f 3440/3440/3440 3439/3439/3439 3438/3438/3438
f 3441/3441/3441 3440/3440/3440 3438/3438/3438
f 3444/3444/3444 3443/3443/3443 3442/3442/3442
f 3445/3445/3445 3444/3444/3444 3442/3442/3442
f 3448/3448/3448 3447/3447/3447 3446/3446/3446
f 3449/3449/3449 3448/3448/3448 3446/3446/3446
f 3452/3452/3452 3451/3451/3451 3450/3450/3450
f 3453/3453/3453 3452/3452/3452 3450/3450/3450
f 3456/3456/3456 3455/3455/3455 3454/3454/3454
f 3457/3457/3457 3456/3456/3456 3454/3454/3454
f 3460/3460/3460 3459/3459/3459 3458/3458/3458
f 3461/3461/3461 3460/3460/3460 3458/3458/3458
f 3464/3464/3464 3463/3463/3463 3462/3462/3462
f 3465/3465/3465 3464/3464/3464 3462/3462/3462
f 3468/3468/3468 3467/3467/3467 3466/3466/3466
f 3469/3469/3469 3468/3468/3468 3466/3466/3466
f 3472/3472/3472 3471/3471/3471 3470/3470/3470
f 3473/3473/3473 3472/3472/3472 3470/3470/3470
f 3476/3476/3476 3475/3475/3475 3474/3474/3474
f 3477/3477/3477 3476/3476/3476 3474/3474/3474
f 3480/3480/3480 3479/3479/3479 3478/3478/3478
f 3481/3481/3481 3480/3480/3480 3478/3478/3478
f 3484/3484/3484 3483/3483/3483 3482/3482/3482
f 3485/3485/3485 3484/3484/3484 3482/3482/3482
f 3488/3488/3488 3487/3487/3487 3486/3486/3486
f 3489/3489/3489 3488/3488/3488 3486/3486/3486
f 3492/3492/3492 3491/3491/3491 3490/3490/3490
f 3493/3493/3493 3492/3492/3492 3490/3490/3490
f 3496/3496/3496 3495/3495/3495 3494/3494/3494
f 3497/3497/3497 3496/3496/3496 3494/3494/3494
f 3500/3500/3500 3499/3499/3499 3498/3498/3498
f 3501/3501/3501 3500/3500/3500 3498/3498/3498
f 3504/3504/3504 3503/3503/3503 3502/3502/3502
f 3505/3505/3505 3504/3504/3504 3502/3502/3502
f 3508/3508/3508 3507/3507/3507 3506/3506/3506
f 3509/3509/3509 3508/3508/3508 3506/3506/3506
f 3512/3512/3512 3511/3511/3511 3510/3510/3510
f 3513/3513/3513 3512/3512/3512 3510/3510/3510
f 3516/3516/3516 3515/3515/3515 3514/3514/3514
f 3517/3517/3517 3516/3516/3516 3514/3514/3514
f 3520/3520/3520 3519/3519/3519 3518/3518/3518
f 3521/3521/3521 3520/3520/3520 3518/3518/3518
f 3524/3524/3524 3523/3523/3523 3522/3522/3522
f 3525/3525/3525 3524/3524/3524 3522/3522/3522
f 3528/3528/3528 3527/3527/3527 3526/3526/3526
f 3529/3529/3529 3528/3528/3528 3526/3526/3526
f 3532/3532/3532 3531/3531/3531 3530/3530/3530
f 3533/3533/3533 3532/3532/3532 3530/3530/3530
f 3536/3536/3536 3535/3535/3535 3534/3534/3534
f 3537/3537/3537 3536/3536/3536 3534/3534/3534
f 3540/3540/3540 3539/3539/3539 3538/3538/3538
f 3541/3541/3541 3540/3540/3540 3538/3538/3538
f 3544/3544/3544 3543/3543/3543 3542/3542/3542
f 3545/3545/3545 3544/3544/3544 3542/3542/3542
f 3548/3548/3548 3547/3547/3547 3546/3546/3546
f 3549/3549/3549 3548/3548/3548 3546/3546/3546
f 3552/3552/3552 3551/3551/3551 3550/3550/3550
f 3553/3553/3553 3552/3552/3552 3550/3550/3550
f 3556/3556/3556 3555/3555/3555 3554/3554/3554
f 3557/3557/3557 3556/3556/3556 3554/3554/3554
f 3560/3560/3560 3559/3559/3559 3558/3558/3558
f 3561/3561/3561 3560/3560/3560 3558/3558/3558
f 3564/3564/3564 3563/3563/3563 3562/3562/3562
f 3565/3565/3565 3564/3564/3564 3562/3562/3562
f 3568/3568/3568 3567/3567/3567 3566/3566/3566
f 3569/3569/3569 3568/3568/3568 3566/3566/3566
f 3572/3572/3572 3571/3571/3571 3570/3570/3570
f 3573/3573/3573 3572/3572/3572 3570/3570/3570
f 3576/3576/3576 3575/3575/3575 3574/3574/3574
f 3577/3577/3577 3576/3576/3576 3574/3574/3574
f 3580/3580/3580 3579/3579/3579 3578/3578/3578
f 3579/3579/3579 3581/3581/3581 3578/3578/3578
f 3581/3581/3581 3583/3583/3583 3582/3582/3582
f 3584/3584/3584 3581/3581/3581 3582/3582/3582
f 3587/3587/3587 3586/3586/3586 3585/3585/3585
f 3588/3588/3588 3587/3587/3587 3585/3585/3585
f 3590/3590/3590 3587/3587/3587 3589/3589/3589
f 3591/3591/3591 3590/3590/3590 3589/3589/3589
f 3594/3594/3594 3593/3593/3593 3592/3592/3592
f 3593/3593/3593 3594/3594/3594 3595/3595/3595
f 3594/3594/3594 3596/3596/3596 3595/3595/3595
f 3599/3599/3599 3598/3598/3598 3597/3597/3597
f 3599/3599/3599 3600/3600/3600 3598/3598/3598
f 3600/3600/3600 3601/3601/3601 3598/3598/3598
f 3604/3604/3604 3603/3603/3603 3602/3602/3602
f 3604/3604/3604 3605/3605/3605 3603/3603/3603
f 3608/3608/3608 3607/3607/3607 3606/3606/3606
f 3609/3609/3609 3608/3608/3608 3606/3606/3606
f 3612/3612/3612 3611/3611/3611 3610/3610/3610
f 3613/3613/3613 3612/3612/3612 3610/3610/3610
f 3616/3616/3616 3615/3615/3615 3614/3614/3614
f 3617/3617/3617 3616/3616/3616 3614/3614/3614
f 3620/3620/3620 3619/3619/3619 3618/3618/3618
f 3621/3621/3621 3620/3620/3620 3618/3618/3618
f 3624/3624/3624 3623/3623/3623 3622/3622/3622
f 3625/3625/3625 3624/3624/3624 3622/3622/3622
f 3628/3628/3628 3627/3627/3627 3626/3626/3626
f 3629/3629/3629 3628/3628/3628 3626/3626/3626
f 3632/3632/3632 3631/3631/3631 3630/3630/3630
f 3631/3631/3631 3632/3632/3632 3633/3633/3633
f 3636/3636/3636 3635/3635/3635 3634/3634/3634
f 3637/3637/3637 3636/3636/3636 3634/3634/3634
f 3640/3640/3640 3639/3639/3639 3638/3638/3638
f 3641/3641/3641 3640/3640/3640 3638/3638/3638
f 3644/3644/3644 3643/3643/3643 3642/3642/3642
f 3645/3645/3645 3644/3644/3644 3642/3642/3642
f 3648/3648/3648 3647/3647/3647 3646/3646/3646
f 3649/3649/3649 3648/3648/3648 3646/3646/3646
f 3652/3652/3652 3651/3651/3651 3650/3650/3650
f 3653/3653/3653 3652/3652/3652 3650/3650/3650
f 3656/3656/3656 3655/3655/3655 3654/3654/3654
f 3657/3657/3657 3656/3656/3656 3654/3654/3654
f 3660/3660/3660 3659/3659/3659 3658/3658/3658
f 3661/3661/3661 3660/3660/3660 3658/3658/3658
f 3664/3664/3664 3663/3663/3663 3662/3662/3662
f 3665/3665/3665 3664/3664/3664 3662/3662/3662
f 3668/3668/3668 3667/3667/3667 3666/3666/3666
f 3667/3667/3667 3669/3669/3669 3666/3666/3666
f 3669/3669/3669 3671/3671/3671 3670/3670/3670
f 3672/3672/3672 3669/3669/3669 3670/3670/3670
f 3675/3675/3675 3674/3674/3674 3673/3673/3673
f 3676/3676/3676 3675/3675/3675 3673/3673/3673
f 3678/3678/3678 3675/3675/3675 3677/3677/3677
f 3679/3679/3679 3678/3678/3678 3677/3677/3677
f 3682/3682/3682 3681/3681/3681 3680/3680/3680
f 3681/3681/3681 3682/3682/3682 3683/3683/3683
f 3682/3682/3682 3684/3684/3684 3683/3683/3683
f 3687/3687/3687 3686/3686/3686 3685/3685/3685
f 3687/3687/3687 3688/3688/3688 3686/3686/3686
f 3688/3688/3688 3689/3689/3689 3686/3686/3686
f 3692/3692/3692 3691/3691/3691 3690/3690/3690
f 3692/3692/3692 3693/3693/3693 3691/3691/3691
f 3696/3696/3696 3695/3695/3695 3694/3694/3694
f 3697/3697/3697 3696/3696/3696 3694/3694/3694
f 3700/3700/3700 3699/3699/3699 3698/3698/3698
f 3701/3701/3701 3700/3700/3700 3698/3698/3698
f 3704/3704/3704 3703/3703/3703 3702/3702/3702
f 3705/3705/3705 3704/3704/3704 3702/3702/3702
f 3708/3708/3708 3707/3707/3707 3706/3706/3706
f 3709/3709/3709 3708/3708/3708 3706/3706/3706
f 3712/3712/3712 3711/3711/3711 3710/3710/3710
f 3713/3713/3713 3712/3712/3712 3710/3710/3710
f 3716/3716/3716 3715/3715/3715 3714/3714/3714
f 3717/3717/3717 3716/3716/3716 3714/3714/3714
f 3720/3720/3720 3719/3719/3719 3718/3718/3718
f 3719/3719/3719 3720/3720/3720 3721/3721/3721
f 3724/3724/3724 3723/3723/3723 3722/3722/3722
f 3725/3725/3725 3724/3724/3724 3722/3722/3722
f 3728/3728/3728 3727/3727/3727 3726/3726/3726
f 3729/3729/3729 3728/3728/3728 3726/3726/3726
f 3732/3732/3732 3731/3731/3731 3730/3730/3730
f 3733/3733/3733 3732/3732/3732 3730/3730/3730
f 3736/3736/3736 3735/3735/3735 3734/3734/3734
f 3737/3737/3737 3736/3736/3736 3734/3734/3734
f 3740/3740/3740 3739/3739/3739 3738/3738/3738
f 3741/3741/3741 3740/3740/3740 3738/3738/3738
f 3744/3744/3744 3743/3743/3743 3742/3742/3742
f 3745/3745/3745 3744/3744/3744 3742/3742/3742
f 3748/3748/3748 3747/3747/3747 3746/3746/3746
f 3749/3749/3749 3748/3748/3748 3746/3746/3746
f 3752/3752/3752 3751/3751/3751 3750/3750/3750
f 3753/3753/3753 3752/3752/3752 3750/3750/3750
f 3756/3756/3756 3755/3755/3755 3754/3754/3754
f 3755/3755/3755 3757/3757/3757 3754/3754/3754
f 3757/3757/3757 3759/3759/3759 3758/3758/3758
f 3760/3760/3760 3757/3757/3757 3758/3758/3758
f 3763/3763/3763 3762/3762/3762 3761/3761/3761
f 3764/3764/3764 3763/3763/3763 3761/3761/3761
f 3766/3766/3766 3763/3763/3763 3765/3765/3765
f 3767/3767/3767 3766/3766/3766 3765/3765/3765
f 3770/3770/3770 3769/3769/3769 3768/3768/3768
f 3769/3769/3769 3770/3770/3770 3771/3771/3771
f 3770/3770/3770 3772/3772/3772 3771/3771/3771
f 3775/3775/3775 3774/3774/3774 3773/3773/3773
f 3775/3775/3775 3776/3776/3776 3774/3774/3774
f 3776/3776/3776 3777/3777/3777 3774/3774/3774
f 3780/3780/3780 3779/3779/3779 3778/3778/3778
f 3780/3780/3780 3781/3781/3781 3779/3779/3779
f 3784/3784/3784 3783/3783/3783 3782/3782/3782
f 3785/3785/3785 3784/3784/3784 3782/3782/3782
f 3788/3788/3788 3787/3787/3787 3786/3786/3786
f 3789/3789/3789 3788/3788/3788 3786/3786/3786
f 3792/3792/3792 3791/3791/3791 3790/3790/3790
f 3793/3793/3793 3792/3792/3792 3790/3790/3790
f 3796/3796/3796 3795/3795/3795 3794/3794/3794
f 3797/3797/3797 3796/3796/3796 3794/3794/3794
f 3800/3800/3800 3799/3799/3799 3798/3798/3798
f 3801/3801/3801 3800/3800/3800 3798/3798/3798
f 3804/3804/3804 3803/3803/3803 3802/3802/3802
f 3805/3805/3805 3804/3804/3804 3802/3802/3802
f 3808/3808/3808 3807/3807/3807 3806/3806/3806
f 3807/3807/3807 3808/3808/3808 3809/3809/3809
f 3812/3812/3812 3811/3811/3811 3810/3810/3810
f 3813/3813/3813 3812/3812/3812 3810/3810/3810
f 3816/3816/3816 3815/3815/3815 3814/3814/3814
f 3817/3817/3817 3816/3816/3816 3814/3814/3814
f 3820/3820/3820 3819/3819/3819 3818/3818/3818
f 3821/3821/3821 3820/3820/3820 3818/3818/3818
f 3824/3824/3824 3823/3823/3823 3822/3822/3822
f 3825/3825/3825 3824/3824/3824 3822/3822/3822
f 3828/3828/3828 3827/3827/3827 3826/3826/3826
f 3829/3829/3829 3828/3828/3828 3826/3826/3826
f 3832/3832/3832 3831/3831/3831 3830/3830/3830
f 3833/3833/3833 3832/3832/3832 3830/3830/3830
f 3836/3836/3836 3835/3835/3835 3834/3834/3834
f 3837/3837/3837 3836/3836/3836 3834/3834/3834
f 3840/3840/3840 3839/3839/3839 3838/3838/3838
f 3841/3841/3841 3840/3840/3840 3838/3838/3838
f 3844/3844/3844 3843/3843/3843 3842/3842/3842
f 3843/3843/3843 3845/3845/3845 3842/3842/3842
f 3845/3845/3845 3847/3847/3847 3846/3846/3846
f 3848/3848/3848 3845/3845/3845 3846/3846/3846
f 3851/3851/3851 3850/3850/3850 3849/3849/3849
f 3852/3852/3852 3851/3851/3851 3849/3849/3849
f 3854/3854/3854 3851/3851/3851 3853/3853/3853
f 3855/3855/3855 3854/3854/3854 3853/3853/3853
f 3858/3858/3858 3857/3857/3857 3856/3856/3856
f 3857/3857/3857 3858/3858/3858 3859/3859/3859
f 3858/3858/3858 3860/3860/3860 3859/3859/3859
f 3863/3863/3863 3862/3862/3862 3861/3861/3861
f 3863/3863/3863 3864/3864/3864 3862/3862/3862
f 3864/3864/3864 3865/3865/3865 3862/3862/3862
f 3868/3868/3868 3867/3867/3867 3866/3866/3866
f 3868/3868/3868 3869/3869/3869 3867/3867/3867
f 3872/3872/3872 3871/3871/3871 3870/3870/3870
f 3873/3873/3873 3872/3872/3872 3870/3870/3870
f 3876/3876/3876 3875/3875/3875 3874/3874/3874
f 3877/3877/3877 3876/3876/3876 3874/3874/3874
f 3880/3880/3880 3879/3879/3879 3878/3878/3878
f 3881/3881/3881 3880/3880/3880 3878/3878/3878
f 3884/3884/3884 3883/3883/3883 3882/3882/3882
f 3885/3885/3885 3884/3884/3884 3882/3882/3882
f 3888/3888/3888 3887/3887/3887 3886/3886/3886
f 3889/3889/3889 3888/3888/3888 3886/3886/3886
f 3892/3892/3892 3891/3891/3891 3890/3890/3890
f 3893/3893/3893 3892/3892/3892 3890/3890/3890
f 3896/3896/3896 3895/3895/3895 3894/3894/3894
f 3895/3895/3895 3896/3896/3896 3897/3897/3897
f 3900/3900/3900 3899/3899/3899 3898/3898/3898
f 3901/3901/3901 3900/3900/3900 3898/3898/3898
f 3904/3904/3904 3903/3903/3903 3902/3902/3902
f 3905/3905/3905 3904/3904/3904 3902/3902/3902
f 3908/3908/3908 3907/3907/3907 3906/3906/3906
f 3909/3909/3909 3908/3908/3908 3906/3906/3906
f 3912/3912/3912 3911/3911/3911 3910/3910/3910
f 3913/3913/3913 3912/3912/3912 3910/3910/3910
f 3916/3916/3916 3915/3915/3915 3914/3914/3914
f 3917/3917/3917 3916/3916/3916 3914/3914/3914
f 3920/3920/3920 3919/3919/3919 3918/3918/3918
f 3921/3921/3921 3920/3920/3920 3918/3918/3918
f 3924/3924/3924 3923/3923/3923 3922/3922/3922
f 3925/3925/3925 3924/3924/3924 3922/3922/3922
f 3928/3928/3928 3927/3927/3927 3926/3926/3926
f 3929/3929/3929 3928/3928/3928 3926/3926/3926
f 3932/3932/3932 3931/3931/3931 3930/3930/3930
f 3933/3933/3933 3932/3932/3932 3930/3930/3930
f 3933/3933/3933 3935/3935/3935 3934/3934/3934
f 3936/3936/3936 3933/3933/3933 3934/3934/3934
f 3939/3939/3939 3938/3938/3938 3937/3937/3937
f 3940/3940/3940 3939/3939/3939 3937/3937/3937
f 3939/3939/3939 3942/3942/3942 3941/3941/3941
f 3942/3942/3942 3943/3943/3943 3941/3941/3941
f 3946/3946/3946 3945/3945/3945 3944/3944/3944
f 3945/3945/3945 3946/3946/3946 3947/3947/3947
f 3948/3948/3948 3945/3945/3945 3947/3947/3947
f 3951/3951/3951 3950/3950/3950 3949/3949/3949
f 3952/3952/3952 3950/3950/3950 3951/3951/3951
f 3953/3953/3953 3952/3952/3952 3951/3951/3951
f 3956/3956/3956 3955/3955/3955 3954/3954/3954
f 3957/3957/3957 3955/3955/3955 3956/3956/3956
f 3960/3960/3960 3959/3959/3959 3958/3958/3958
f 3961/3961/3961 3960/3960/3960 3958/3958/3958
f 3964/3964/3964 3963/3963/3963 3962/3962/3962
f 3965/3965/3965 3964/3964/3964 3962/3962/3962
f 3968/3968/3968 3967/3967/3967 3966/3966/3966
f 3969/3969/3969 3968/3968/3968 3966/3966/3966
f 3972/3972/3972 3971/3971/3971 3970/3970/3970
f 3973/3973/3973 3972/3972/3972 3970/3970/3970
f 3976/3976/3976 3975/3975/3975 3974/3974/3974
f 3977/3977/3977 3976/3976/3976 3974/3974/3974
f 3980/3980/3980 3979/3979/3979 3978/3978/3978
f 3981/3981/3981 3980/3980/3980 3978/3978/3978
f 3984/3984/3984 3983/3983/3983 3982/3982/3982
f 3983/3983/3983 3984/3984/3984 3985/3985/3985
f 3988/3988/3988 3987/3987/3987 3986/3986/3986
f 3989/3989/3989 3988/3988/3988 3986/3986/3986
f 3992/3992/3992 3991/3991/3991 3990/3990/3990
f 3993/3993/3993 3992/3992/3992 3990/3990/3990
f 3996/3996/3996 3995/3995/3995 3994/3994/3994
f 3997/3997/3997 3996/3996/3996 3994/3994/3994
f 4000/4000/4000 3999/3999/3999 3998/3998/3998
f 4001/4001/4001 4000/4000/4000 3998/3998/3998
f 4004/4004/4004 4003/4003/4003 4002/4002/4002
f 4005/4005/4005 4004/4004/4004 4002/4002/4002
f 4008/4008/4008 4007/4007/4007 4006/4006/4006
f 4009/4009/4009 4008/4008/4008 4006/4006/4006
f 4012/4012/4012 4011/4011/4011 4010/4010/4010
f 4013/4013/4013 4012/4012/4012 4010/4010/4010
f 4016/4016/4016 4015/4015/4015 4014/4014/4014
f 4017/4017/4017 4016/4016/4016 4014/4014/4014
f 4020/4020/4020 4019/4019/4019 4018/4018/4018
f 4021/4021/4021 4020/4020/4020 4018/4018/4018
f 4021/4021/4021 4023/4023/4023 4022/4022/4022
f 4024/4024/4024 4021/4021/4021 4022/4022/4022
f 4027/4027/4027 4026/4026/4026 4025/4025/4025
f 4028/4028/4028 4027/4027/4027 4025/4025/4025
f 4027/4027/4027 4030/4030/4030 4029/4029/4029
f 4030/4030/4030 4031/4031/4031 4029/4029/4029
f 4034/4034/4034 4033/4033/4033 4032/4032/4032
f 4033/4033/4033 4034/4034/4034 4035/4035/4035
f 4036/4036/4036 4033/4033/4033 4035/4035/4035
f 4039/4039/4039 4038/4038/4038 4037/4037/4037
f 4040/4040/4040 4038/4038/4038 4039/4039/4039
f 4041/4041/4041 4040/4040/4040 4039/4039/4039
f 4044/4044/4044 4043/4043/4043 4042/4042/4042
f 4045/4045/4045 4043/4043/4043 4044/4044/4044
f 4048/4048/4048 4047/4047/4047 4046/4046/4046
f 4049/4049/4049 4048/4048/4048 4046/4046/4046
f 4052/4052/4052 4051/4051/4051 4050/4050/4050
f 4053/4053/4053 4052/4052/4052 4050/4050/4050
f 4056/4056/4056 4055/4055/4055 4054/4054/4054
f 4057/4057/4057 4056/4056/4056 4054/4054/4054
f 4060/4060/4060 4059/4059/4059 4058/4058/4058
f 4061/4061/4061 4060/4060/4060 4058/4058/4058
f 4064/4064/4064 4063/4063/4063 4062/4062/4062
f 4065/4065/4065 4064/4064/4064 4062/4062/4062
f 4068/4068/4068 4067/4067/4067 4066/4066/4066
f 4069/4069/4069 4068/4068/4068 4066/4066/4066
f 4072/4072/4072 4071/4071/4071 4070/4070/4070
f 4071/4071/4071 4072/4072/4072 4073/4073/4073
f 4076/4076/4076 4075/4075/4075 4074/4074/4074
f 4077/4077/4077 4076/4076/4076 4074/4074/4074
f 4080/4080/4080 4079/4079/4079 4078/4078/4078
f 4081/4081/4081 4080/4080/4080 4078/4078/4078
f 4084/4084/4084 4083/4083/4083 4082/4082/4082
f 4085/4085/4085 4084/4084/4084 4082/4082/4082
f 4088/4088/4088 4087/4087/4087 4086/4086/4086
f 4089/4089/4089 4088/4088/4088 4086/4086/4086
f 4092/4092/4092 4091/4091/4091 4090/4090/4090
f 4093/4093/4093 4092/4092/4092 4090/4090/4090
f 4096/4096/4096 4095/4095/4095 4094/4094/4094
f 4097/4097/4097 4096/4096/4096 4094/4094/4094
f 4100/4100/4100 4099/4099/4099 4098/4098/4098
f 4101/4101/4101 4100/4100/4100 4098/4098/4098
f 4104/4104/4104 4103/4103/4103 4102/4102/4102
f 4105/4105/4105 4104/4104/4104 4102/4102/4102
f 4108/4108/4108 4107/4107/4107 4106/4106/4106
f 4109/4109/4109 4108/4108/4108 4106/4106/4106
f 4109/4109/4109 4111/4111/4111 4110/4110/4110
f 4112/4112/4112 4109/4109/4109 4110/4110/4110
f 4115/4115/4115 4114/4114/4114 4113/4113/4113
f 4116/4116/4116 4115/4115/4115 4113/4113/4113
f 4115/4115/4115 4118/4118/4118 4117/4117/4117
f 4118/4118/4118 4119/4119/4119 4117/4117/4117
f 4122/4122/4122 4121/4121/4121 4120/4120/4120
f 4121/4121/4121 4122/4122/4122 4123/4123/4123
f 4124/4124/4124 4121/4121/4121 4123/4123/4123
f 4127/4127/4127 4126/4126/4126 4125/4125/4125
f 4128/4128/4128 4126/4126/4126 4127/4127/4127
f 4129/4129/4129 4128/4128/4128 4127/4127/4127
f 4132/4132/4132 4131/4131/4131 4130/4130/4130
f 4133/4133/4133 4131/4131/4131 4132/4132/4132
f 4136/4136/4136 4135/4135/4135 4134/4134/4134
f 4137/4137/4137 4136/4136/4136 4134/4134/4134
f 4140/4140/4140 4139/4139/4139 4138/4138/4138
f 4141/4141/4141 4140/4140/4140 4138/4138/4138
f 4144/4144/4144 4143/4143/4143 4142/4142/4142
f 4145/4145/4145 4144/4144/4144 4142/4142/4142
f 4148/4148/4148 4147/4147/4147 4146/4146/4146
f 4149/4149/4149 4148/4148/4148 4146/4146/4146
f 4152/4152/4152 4151/4151/4151 4150/4150/4150
f 4153/4153/4153 4152/4152/4152 4150/4150/4150
f 4156/4156/4156 4155/4155/4155 4154/4154/4154
f 4157/4157/4157 4156/4156/4156 4154/4154/4154
f 4160/4160/4160 4159/4159/4159 4158/4158/4158
f 4159/4159/4159 4160/4160/4160 4161/4161/4161
f 4164/4164/4164 4163/4163/4163 4162/4162/4162
f 4165/4165/4165 4164/4164/4164 4162/4162/4162
f 4168/4168/4168 4167/4167/4167 4166/4166/4166
f 4169/4169/4169 4168/4168/4168 4166/4166/4166
f 4172/4172/4172 4171/4171/4171 4170/4170/4170
f 4173/4173/4173 4172/4172/4172 4170/4170/4170
f 4176/4176/4176 4175/4175/4175 4174/4174/4174
f 4177/4177/4177 4176/4176/4176 4174/4174/4174
f 4180/4180/4180 4179/4179/4179 4178/4178/4178
f 4181/4181/4181 4180/4180/4180 4178/4178/4178
f 4184/4184/4184 4183/4183/4183 4182/4182/4182
f 4185/4185/4185 4184/4184/4184 4182/4182/4182
f 4188/4188/4188 4187/4187/4187 4186/4186/4186
f 4189/4189/4189 4188/4188/4188 4186/4186/4186
f 4192/4192/4192 4191/4191/4191 4190/4190/4190
f 4193/4193/4193 4192/4192/4192 4190/4190/4190
f 4196/4196/4196 4195/4195/4195 4194/4194/4194
f 4197/4197/4197 4196/4196/4196 4194/4194/4194
f 4197/4197/4197 4199/4199/4199 4198/4198/4198
f 4200/4200/4200 4197/4197/4197 4198/4198/4198
f 4203/4203/4203 4202/4202/4202 4201/4201/4201
f 4204/4204/4204 4203/4203/4203 4201/4201/4201
f 4203/4203/4203 4206/4206/4206 4205/4205/4205
f 4206/4206/4206 4207/4207/4207 4205/4205/4205
f 4210/4210/4210 4209/4209/4209 4208/4208/4208
f 4209/4209/4209 4210/4210/4210 4211/4211/4211
f 4212/4212/4212 4209/4209/4209 4211/4211/4211
f 4215/4215/4215 4214/4214/4214 4213/4213/4213
f 4216/4216/4216 4214/4214/4214 4215/4215/4215
f 4217/4217/4217 4216/4216/4216 4215/4215/4215
f 4220/4220/4220 4219/4219/4219 4218/4218/4218
f 4221/4221/4221 4219/4219/4219 4220/4220/4220
f 4224/4224/4224 4223/4223/4223 4222/4222/4222
f 4225/4225/4225 4224/4224/4224 4222/4222/4222
f 4228/4228/4228 4227/4227/4227 4226/4226/4226
f 4229/4229/4229 4228/4228/4228 4226/4226/4226
f 4232/4232/4232 4231/4231/4231 4230/4230/4230
f 4233/4233/4233 4232/4232/4232 4230/4230/4230
f 4236/4236/4236 4235/4235/4235 4234/4234/4234
f 4237/4237/4237 4236/4236/4236 4234/4234/4234
f 4240/4240/4240 4239/4239/4239 4238/4238/4238
f 4241/4241/4241 4240/4240/4240 4238/4238/4238
f 4244/4244/4244 4243/4243/4243 4242/4242/4242
f 4245/4245/4245 4244/4244/4244 4242/4242/4242
f 4248/4248/4248 4247/4247/4247 4246/4246/4246
f 4247/4247/4247 4248/4248/4248 4249/4249/4249
f 4252/4252/4252 4251/4251/4251 4250/4250/4250
f 4253/4253/4253 4252/4252/4252 4250/4250/4250
f 4256/4256/4256 4255/4255/4255 4254/4254/4254
f 4257/4257/4257 4256/4256/4256 4254/4254/4254
f 4260/4260/4260 4259/4259/4259 4258/4258/4258
f 4261/4261/4261 4260/4260/4260 4258/4258/4258
f 4264/4264/4264 4263/4263/4263 4262/4262/4262
f 4265/4265/4265 4264/4264/4264 4262/4262/4262
f 4268/4268/4268 4267/4267/4267 4266/4266/4266
f 4269/4269/4269 4268/4268/4268 4266/4266/4266
f 4272/4272/4272 4271/4271/4271 4270/4270/4270
f 4273/4273/4273 4272/4272/4272 4270/4270/4270
f 4276/4276/4276 4275/4275/4275 4274/4274/4274
f 4277/4277/4277 4276/4276/4276 4274/4274/4274
f 4280/4280/4280 4279/4279/4279 4278/4278/4278
f 4281/4281/4281 4280/4280/4280 4278/4278/4278
f 4284/4284/4284 4283/4283/4283 4282/4282/4282
f 4285/4285/4285 4284/4284/4284 4282/4282/4282
f 4285/4285/4285 4287/4287/4287 4286/4286/4286
f 4288/4288/4288 4285/4285/4285 4286/4286/4286
f 4291/4291/4291 4290/4290/4290 4289/4289/4289
f 4292/4292/4292 4291/4291/4291 4289/4289/4289
f 4291/4291/4291 4294/4294/4294 4293/4293/4293
f 4294/4294/4294 4295/4295/4295 4293/4293/4293
f 4298/4298/4298 4297/4297/4297 4296/4296/4296
f 4297/4297/4297 4298/4298/4298 4299/4299/4299
f 4300/4300/4300 4297/4297/4297 4299/4299/4299
f 4303/4303/4303 4302/4302/4302 4301/4301/4301
f 4304/4304/4304 4302/4302/4302 4303/4303/4303
f 4305/4305/4305 4304/4304/4304 4303/4303/4303
f 4308/4308/4308 4307/4307/4307 4306/4306/4306
f 4309/4309/4309 4307/4307/4307 4308/4308/4308
f 4312/4312/4312 4311/4311/4311 4310/4310/4310
f 4313/4313/4313 4312/4312/4312 4310/4310/4310
f 4316/4316/4316 4315/4315/4315 4314/4314/4314
f 4317/4317/4317 4316/4316/4316 4314/4314/4314
f 4320/4320/4320 4319/4319/4319 4318/4318/4318
f 4321/4321/4321 4320/4320/4320 4318/4318/4318
f 4324/4324/4324 4323/4323/4323 4322/4322/4322
f 4325/4325/4325 4324/4324/4324 4322/4322/4322
f 4328/4328/4328 4327/4327/4327 4326/4326/4326
f 4329/4329/4329 4328/4328/4328 4326/4326/4326
f 4332/4332/4332 4331/4331/4331 4330/4330/4330
f 4333/4333/4333 4332/4332/4332 4330/4330/4330
f 4336/4336/4336 4335/4335/4335 4334/4334/4334
f 4335/4335/4335 4336/4336/4336 4337/4337/4337
f 4340/4340/4340 4339/4339/4339 4338/4338/4338
f 4341/4341/4341 4340/4340/4340 4338/4338/4338
f 4344/4344/4344 4343/4343/4343 4342/4342/4342
f 4345/4345/4345 4344/4344/4344 4342/4342/4342
f 4348/4348/4348 4347/4347/4347 4346/4346/4346
f 4349/4349/4349 4348/4348/4348 4346/4346/4346
f 4352/4352/4352 4351/4351/4351 4350/4350/4350
f 4353/4353/4353 4352/4352/4352 4350/4350/4350
f 4356/4356/4356 4355/4355/4355 4354/4354/4354
f 4357/4357/4357 4356/4356/4356 4354/4354/4354
f 4360/4360/4360 4359/4359/4359 4358/4358/4358
f 4361/4361/4361 4360/4360/4360 4358/4358/4358
f 4364/4364/4364 4363/4363/4363 4362/4362/4362
f 4365/4365/4365 4364/4364/4364 4362/4362/4362
f 4368/4368/4368 4367/4367/4367 4366/4366/4366
f 4369/4369/4369 4368/4368/4368 4366/4366/4366
f 4372/4372/4372 4371/4371/4371 4370/4370/4370
f 4373/4373/4373 4372/4372/4372 4370/4370/4370
f 4373/4373/4373 4375/4375/4375 4374/4374/4374
f 4376/4376/4376 4373/4373/4373 4374/4374/4374
f 4379/4379/4379 4378/4378/4378 4377/4377/4377
f 4380/4380/4380 4379/4379/4379 4377/4377/4377
f 4379/4379/4379 4382/4382/4382 4381/4381/4381
f 4382/4382/4382 4383/4383/4383 4381/4381/4381
f 4386/4386/4386 4385/4385/4385 4384/4384/4384
f 4385/4385/4385 4386/4386/4386 4387/4387/4387
f 4388/4388/4388 4385/4385/4385 4387/4387/4387
f 4391/4391/4391 4390/4390/4390 4389/4389/4389
f 4392/4392/4392 4390/4390/4390 4391/4391/4391
f 4393/4393/4393 4392/4392/4392 4391/4391/4391
f 4396/4396/4396 4395/4395/4395 4394/4394/4394
f 4397/4397/4397 4395/4395/4395 4396/4396/4396
f 4400/4400/4400 4399/4399/4399 4398/4398/4398
f 4401/4401/4401 4400/4400/4400 4398/4398/4398
f 4404/4404/4404 4403/4403/4403 4402/4402/4402
f 4405/4405/4405 4404/4404/4404 4402/4402/4402
f 4408/4408/4408 4407/4407/4407 4406/4406/4406
f 4409/4409/4409 4408/4408/4408 4406/4406/4406
f 4412/4412/4412 4411/4411/4411 4410/4410/4410
f 4413/4413/4413 4412/4412/4412 4410/4410/4410
f 4416/4416/4416 4415/4415/4415 4414/4414/4414
f 4417/4417/4417 4416/4416/4416 4414/4414/4414
f 4420/4420/4420 4419/4419/4419 4418/4418/4418
f 4421/4421/4421 4420/4420/4420 4418/4418/4418
f 4424/4424/4424 4423/4423/4423 4422/4422/4422
f 4423/4423/4423 4424/4424/4424 4425/4425/4425
f 4428/4428/4428 4427/4427/4427 4426/4426/4426
f 4429/4429/4429 4428/4428/4428 4426/4426/4426
f 4432/4432/4432 4431/4431/4431 4430/4430/4430
f 4433/4433/4433 4432/4432/4432 4430/4430/4430
f 4436/4436/4436 4435/4435/4435 4434/4434/4434
f 4437/4437/4437 4436/4436/4436 4434/4434/4434
f 4440/4440/4440 4439/4439/4439 4438/4438/4438
f 4441/4441/4441 4440/4440/4440 4438/4438/4438
f 4444/4444/4444 4443/4443/4443 4442/4442/4442
f 4445/4445/4445 4444/4444/4444 4442/4442/4442
f 4448/4448/4448 4447/4447/4447 4446/4446/4446
f 4449/4449/4449 4448/4448/4448 4446/4446/4446
f 4452/4452/4452 4451/4451/4451 4450/4450/4450
f 4453/4453/4453 4452/4452/4452 4450/4450/4450
f 4456/4456/4456 4455/4455/4455 4454/4454/4454
f 4457/4457/4457 4456/4456/4456 4454/4454/4454
f 4460/4460/4460 4459/4459/4459 4458/4458/4458
f 4461/4461/4461 4460/4460/4460 4458/4458/4458
f 4461/4461/4461 4463/4463/4463 4462/4462/4462
f 4464/4464/4464 4461/4461/4461 4462/4462/4462
f 4467/4467/4467 4466/4466/4466 4465/4465/4465
f 4468/4468/4468 4467/4467/4467 4465/4465/4465
f 4467/4467/4467 4470/4470/4470 4469/4469/4469
f 4470/4470/4470 4471/4471/4471 4469/4469/4469
f 4474/4474/4474 4473/4473/4473 4472/4472/4472
f 4473/4473/4473 4474/4474/4474 4475/4475/4475
f 4476/4476/4476 4473/4473/4473 4475/4475/4475
f 4479/4479/4479 4478/4478/4478 4477/4477/4477
f 4480/4480/4480 4478/4478/4478 4479/4479/4479
f 4481/4481/4481 4480/4480/4480 4479/4479/4479
f 4484/4484/4484 4483/4483/4483 4482/4482/4482
f 4485/4485/4485 4483/4483/4483 4484/4484/4484
f 4488/4488/4488 4487/4487/4487 4486/4486/4486
f 4489/4489/4489 4488/4488/4488 4486/4486/4486
f 4492/4492/4492 4491/4491/4491 4490/4490/4490
f 4493/4493/4493 4492/4492/4492 4490/4490/4490
f 4496/4496/4496 4495/4495/4495 4494/4494/4494
f 4497/4497/4497 4496/4496/4496 4494/4494/4494
f 4500/4500/4500 4499/4499/4499 4498/4498/4498
f 4501/4501/4501 4500/4500/4500 4498/4498/4498
f 4504/4504/4504 4503/4503/4503 4502/4502/4502
f 4505/4505/4505 4504/4504/4504 4502/4502/4502
f 4508/4508/4508 4507/4507/4507 4506/4506/4506
f 4509/4509/4509 4508/4508/4508 4506/4506/4506
f 4512/4512/4512 4511/4511/4511 4510/4510/4510
f 4511/4511/4511 4512/4512/4512 4513/4513/4513
f 4516/4516/4516 4515/4515/4515 4514/4514/4514
f 4517/4517/4517 4516/4516/4516 4514/4514/4514
f 4520/4520/4520 4519/4519/4519 4518/4518/4518
f 4521/4521/4521 4520/4520/4520 4518/4518/4518
f 4524/4524/4524 4523/4523/4523 4522/4522/4522
f 4525/4525/4525 4524/4524/4524 4522/4522/4522
f 4528/4528/4528 4527/4527/4527 4526/4526/4526
f 4529/4529/4529 4528/4528/4528 4526/4526/4526
f 4532/4532/4532 4531/4531/4531 4530/4530/4530
f 4533/4533/4533 4532/4532/4532 4530/4530/4530
f 4536/4536/4536 4535/4535/4535 4534/4534/4534
f 4537/4537/4537 4536/4536/4536 4534/4534/4534
f 4540/4540/4540 4539/4539/4539 4538/4538/4538
f 4541/4541/4541 4540/4540/4540 4538/4538/4538
f 4544/4544/4544 4543/4543/4543 4542/4542/4542
f 4545/4545/4545 4544/4544/4544 4542/4542/4542
f 4548/4548/4548 4547/4547/4547 4546/4546/4546
f 4549/4549/4549 4548/4548/4548 4546/4546/4546
f 4549/4549/4549 4551/4551/4551 4550/4550/4550
f 4552/4552/4552 4549/4549/4549 4550/4550/4550
f 4555/4555/4555 4554/4554/4554 4553/4553/4553
f 4556/4556/4556 4555/4555/4555 4553/4553/4553
f 4555/4555/4555 4558/4558/4558 4557/4557/4557
f 4558/4558/4558 4559/4559/4559 4557/4557/4557
f 4562/4562/4562 4561/4561/4561 4560/4560/4560
f 4561/4561/4561 4562/4562/4562 4563/4563/4563
f 4564/4564/4564 4561/4561/4561 4563/4563/4563
f 4567/4567/4567 4566/4566/4566 4565/4565/4565
f 4568/4568/4568 4566/4566/4566 4567/4567/4567
f 4569/4569/4569 4568/4568/4568 4567/4567/4567
f 4572/4572/4572 4571/4571/4571 4570/4570/4570
f 4573/4573/4573 4571/4571/4571 4572/4572/4572
f 4576/4576/4576 4575/4575/4575 4574/4574/4574
f 4577/4577/4577 4576/4576/4576 4574/4574/4574
f 4580/4580/4580 4579/4579/4579 4578/4578/4578
f 4581/4581/4581 4580/4580/4580 4578/4578/4578
f 4584/4584/4584 4583/4583/4583 4582/4582/4582
f 4585/4585/4585 4584/4584/4584 4582/4582/4582
f 4588/4588/4588 4587/4587/4587 4586/4586/4586
f 4589/4589/4589 4588/4588/4588 4586/4586/4586
f 4592/4592/4592 4591/4591/4591 4590/4590/4590
f 4593/4593/4593 4592/4592/4592 4590/4590/4590
f 4596/4596/4596 4595/4595/4595 4594/4594/4594
f 4597/4597/4597 4596/4596/4596 4594/4594/4594
f 4600/4600/4600 4599/4599/4599 4598/4598/4598
f 4599/4599/4599 4600/4600/4600 4601/4601/4601
f 4604/4604/4604 4603/4603/4603 4602/4602/4602
f 4605/4605/4605 4604/4604/4604 4602/4602/4602
f 4608/4608/4608 4607/4607/4607 4606/4606/4606
f 4609/4609/4609 4608/4608/4608 4606/4606/4606
f 4612/4612/4612 4611/4611/4611 4610/4610/4610
f 4613/4613/4613 4612/4612/4612 4610/4610/4610
f 4616/4616/4616 4615/4615/4615 4614/4614/4614
f 4617/4617/4617 4616/4616/4616 4614/4614/4614
f 4620/4620/4620 4619/4619/4619 4618/4618/4618
f 4621/4621/4621 4620/4620/4620 4618/4618/4618
f 4624/4624/4624 4623/4623/4623 4622/4622/4622
f 4625/4625/4625 4624/4624/4624 4622/4622/4622
f 4628/4628/4628 4627/4627/4627 4626/4626/4626
f 4629/4629/4629 4628/4628/4628 4626/4626/4626
f 4632/4632/4632 4631/4631/4631 4630/4630/4630
f 4633/4633/4633 4632/4632/4632 4630/4630/4630
f 4636/4636/4636 4635/4635/4635 4634/4634/4634
f 4635/4635/4635 4637/4637/4637 4634/4634/4634
f 4637/4637/4637 4639/4639/4639 4638/4638/4638
f 4640/4640/4640 4637/4637/4637 4638/4638/4638
f 4643/4643/4643 4642/4642/4642 4641/4641/4641
f 4644/4644/4644 4643/4643/4643 4641/4641/4641
f 4646/4646/4646 4643/4643/4643 4645/4645/4645
f 4647/4647/4647 4646/4646/4646 4645/4645/4645
f 4650/4650/4650 4649/4649/4649 4648/4648/4648
f 4649/4649/4649 4650/4650/4650 4651/4651/4651
f 4650/4650/4650 4652/4652/4652 4651/4651/4651
f 4655/4655/4655 4654/4654/4654 4653/4653/4653
f 4655/4655/4655 4656/4656/4656 4654/4654/4654
f 4656/4656/4656 4657/4657/4657 4654/4654/4654
f 4660/4660/4660 4659/4659/4659 4658/4658/4658
f 4660/4660/4660 4661/4661/4661 4659/4659/4659
f 4664/4664/4664 4663/4663/4663 4662/4662/4662
f 4665/4665/4665 4664/4664/4664 4662/4662/4662
f 4668/4668/4668 4667/4667/4667 4666/4666/4666
f 4669/4669/4669 4668/4668/4668 4666/4666/4666
f 4672/4672/4672 4671/4671/4671 4670/4670/4670
f 4673/4673/4673 4672/4672/4672 4670/4670/4670
f 4676/4676/4676 4675/4675/4675 4674/4674/4674
f 4677/4677/4677 4676/4676/4676 4674/4674/4674
f 4680/4680/4680 4679/4679/4679 4678/4678/4678
f 4681/4681/4681 4680/4680/4680 4678/4678/4678
f 4684/4684/4684 4683/4683/4683 4682/4682/4682
f 4685/4685/4685 4684/4684/4684 4682/4682/4682
f 4688/4688/4688 4687/4687/4687 4686/4686/4686
f 4687/4687/4687 4688/4688/4688 4689/4689/4689
f 4692/4692/4692 4691/4691/4691 4690/4690/4690
f 4693/4693/4693 4692/4692/4692 4690/4690/4690
f 4696/4696/4696 4695/4695/4695 4694/4694/4694
f 4697/4697/4697 4696/4696/4696 4694/4694/4694
f 4700/4700/4700 4699/4699/4699 4698/4698/4698
f 4701/4701/4701 4700/4700/4700 4698/4698/4698
f 4704/4704/4704 4703/4703/4703 4702/4702/4702
f 4705/4705/4705 4704/4704/4704 4702/4702/4702
f 4708/4708/4708 4707/4707/4707 4706/4706/4706
f 4709/4709/4709 4708/4708/4708 4706/4706/4706
f 4712/4712/4712 4711/4711/4711 4710/4710/4710
f 4713/4713/4713 4712/4712/4712 4710/4710/4710
f 4716/4716/4716 4715/4715/4715 4714/4714/4714
f 4717/4717/4717 4716/4716/4716 4714/4714/4714
f 4720/4720/4720 4719/4719/4719 4718/4718/4718
f 4721/4721/4721 4720/4720/4720 4718/4718/4718
f 4724/4724/4724 4723/4723/4723 4722/4722/4722
f 4723/4723/4723 4725/4725/4725 4722/4722/4722
f 4725/4725/4725 4727/4727/4727 4726/4726/4726
f 4728/4728/4728 4725/4725/4725 4726/4726/4726
f 4731/4731/4731 4730/4730/4730 4729/4729/4729
f 4732/4732/4732 4731/4731/4731 4729/4729/4729
f 4734/4734/4734 4731/4731/4731 4733/4733/4733
f 4735/4735/4735 4734/4734/4734 4733/4733/4733
f 4738/4738/4738 4737/4737/4737 4736/4736/4736
f 4737/4737/4737 4738/4738/4738 4739/4739/4739
f 4738/4738/4738 4740/4740/4740 4739/4739/4739
f 4743/4743/4743 4742/4742/4742 4741/4741/4741
f 4743/4743/4743 4744/4744/4744 4742/4742/4742
f 4744/4744/4744 4745/4745/4745 4742/4742/4742
f 4748/4748/4748 4747/4747/4747 4746/4746/4746
f 4748/4748/4748 4749/4749/4749 4747/4747/4747
f 4752/4752/4752 4751/4751/4751 4750/4750/4750
f 4753/4753/4753 4752/4752/4752 4750/4750/4750
f 4756/4756/4756 4755/4755/4755 4754/4754/4754
f 4757/4757/4757 4756/4756/4756 4754/4754/4754
f 4760/4760/4760 4759/4759/4759 4758/4758/4758
f 4761/4761/4761 4760/4760/4760 4758/4758/4758
f 4764/4764/4764 4763/4763/4763 4762/4762/4762
f 4765/4765/4765 4764/4764/4764 4762/4762/4762
f 4768/4768/4768 4767/4767/4767 4766/4766/4766
f 4769/4769/4769 4768/4768/4768 4766/4766/4766
f 4772/4772/4772 4771/4771/4771 4770/4770/4770
f 4773/4773/4773 4772/4772/4772 4770/4770/4770
f 4776/4776/4776 4775/4775/4775 4774/4774/4774
f 4775/4775/4775 4776/4776/4776 4777/4777/4777
f 4780/4780/4780 4779/4779/4779 4778/4778/4778
f 4781/4781/4781 4780/4780/4780 4778/4778/4778
f 4784/4784/4784 4783/4783/4783 4782/4782/4782
f 4785/4785/4785 4784/4784/4784 4782/4782/4782
f 4788/4788/4788 4787/4787/4787 4786/4786/4786
f 4789/4789/4789 4788/4788/4788 4786/4786/4786
f 4792/4792/4792 4791/4791/4791 4790/4790/4790
f 4793/4793/4793 4792/4792/4792 4790/4790/4790
f 4796/4796/4796 4795/4795/4795 4794/4794/4794
f 4797/4797/4797 4796/4796/4796 4794/4794/4794
f 4800/4800/4800 4799/4799/4799 4798/4798/4798
f 4801/4801/4801 4800/4800/4800 4798/4798/4798
f 4804/4804/4804 4803/4803/4803 4802/4802/4802
f 4805/4805/4805 4804/4804/4804 4802/4802/4802
f 4808/4808/4808 4807/4807/4807 4806/4806/4806
f 4809/4809/4809 4808/4808/4808 4806/4806/4806
f 4812/4812/4812 4811/4811/4811 4810/4810/4810
f 4811/4811/4811 4813/4813/4813 4810/4810/4810
f 4813/4813/4813 4815/4815/4815 4814/4814/4814
f 4816/4816/4816 4813/4813/4813 4814/4814/4814
f 4819/4819/4819 4818/4818/4818 4817/4817/4817
f 4820/4820/4820 4819/4819/4819 4817/4817/4817
f 4822/4822/4822 4819/4819/4819 4821/4821/4821
f 4823/4823/4823 4822/4822/4822 4821/4821/4821
f 4826/4826/4826 4825/4825/4825 4824/4824/4824
f 4825/4825/4825 4826/4826/4826 4827/4827/4827
f 4826/4826/4826 4828/4828/4828 4827/4827/4827
f 4831/4831/4831 4830/4830/4830 4829/4829/4829
f 4831/4831/4831 4832/4832/4832 4830/4830/4830
f 4832/4832/4832 4833/4833/4833 4830/4830/4830
f 4836/4836/4836 4835/4835/4835 4834/4834/4834
f 4836/4836/4836 4837/4837/4837 4835/4835/4835
f 4840/4840/4840 4839/4839/4839 4838/4838/4838
f 4841/4841/4841 4840/4840/4840 4838/4838/4838
f 4844/4844/4844 4843/4843/4843 4842/4842/4842
f 4845/4845/4845 4844/4844/4844 4842/4842/4842
f 4848/4848/4848 4847/4847/4847 4846/4846/4846
f 4849/4849/4849 4848/4848/4848 4846/4846/4846
f 4852/4852/4852 4851/4851/4851 4850/4850/4850
f 4853/4853/4853 4852/4852/4852 4850/4850/4850
f 4856/4856/4856 4855/4855/4855 4854/4854/4854
f 4857/4857/4857 4856/4856/4856 4854/4854/4854
f 4860/4860/4860 4859/4859/4859 4858/4858/4858
f 4861/4861/4861 4860/4860/4860 4858/4858/4858
f 4864/4864/4864 4863/4863/4863 4862/4862/4862
f 4863/4863/4863 4864/4864/4864 4865/4865/4865
f 4868/4868/4868 4867/4867/4867 4866/4866/4866
f 4869/4869/4869 4868/4868/4868 4866/4866/4866
f 4872/4872/4872 4871/4871/4871 4870/4870/4870
f 4873/4873/4873 4872/4872/4872 4870/4870/4870
f 4876/4876/4876 4875/4875/4875 4874/4874/4874
f 4877/4877/4877 4876/4876/4876 4874/4874/4874
f 4880/4880/4880 4879/4879/4879 4878/4878/4878
f 4881/4881/4881 4880/4880/4880 4878/4878/4878
f 4884/4884/4884 4883/4883/4883 4882/4882/4882
f 4885/4885/4885 4884/4884/4884 4882/4882/4882
f 4888/4888/4888 4887/4887/4887 4886/4886/4886
f 4889/4889/4889 4888/4888/4888 4886/4886/4886
f 4892/4892/4892 4891/4891/4891 4890/4890/4890
f 4893/4893/4893 4892/4892/4892 4890/4890/4890
f 4896/4896/4896 4895/4895/4895 4894/4894/4894
f 4897/4897/4897 4896/4896/4896 4894/4894/4894
f 4900/4900/4900 4899/4899/4899 4898/4898/4898
f 4899/4899/4899 4901/4901/4901 4898/4898/4898
f 4901/4901/4901 4903/4903/4903 4902/4902/4902
f 4904/4904/4904 4901/4901/4901 4902/4902/4902
f 4907/4907/4907 4906/4906/4906 4905/4905/4905
f 4908/4908/4908 4907/4907/4907 4905/4905/4905
f 4910/4910/4910 4907/4907/4907 4909/4909/4909
f 4911/4911/4911 4910/4910/4910 4909/4909/4909
f 4914/4914/4914 4913/4913/4913 4912/4912/4912
f 4913/4913/4913 4914/4914/4914 4915/4915/4915
f 4914/4914/4914 4916/4916/4916 4915/4915/4915
f 4919/4919/4919 4918/4918/4918 4917/4917/4917
f 4919/4919/4919 4920/4920/4920 4918/4918/4918
f 4920/4920/4920 4921/4921/4921 4918/4918/4918
f 4924/4924/4924 4923/4923/4923 4922/4922/4922
f 4924/4924/4924 4925/4925/4925 4923/4923/4923
f 4928/4928/4928 4927/4927/4927 4926/4926/4926
f 4929/4929/4929 4928/4928/4928 4926/4926/4926
f 4932/4932/4932 4931/4931/4931 4930/4930/4930
f 4933/4933/4933 4932/4932/4932 4930/4930/4930
f 4936/4936/4936 4935/4935/4935 4934/4934/4934
f 4937/4937/4937 4936/4936/4936 4934/4934/4934
f 4940/4940/4940 4939/4939/4939 4938/4938/4938
f 4941/4941/4941 4940/4940/4940 4938/4938/4938
f 4944/4944/4944 4943/4943/4943 4942/4942/4942
f 4945/4945/4945 4944/4944/4944 4942/4942/4942
f 4948/4948/4948 4947/4947/4947 4946/4946/4946
f 4949/4949/4949 4948/4948/4948 4946/4946/4946
f 4952/4952/4952 4951/4951/4951 4950/4950/4950
f 4951/4951/4951 4952/4952/4952 4953/4953/4953
f 4956/4956/4956 4955/4955/4955 4954/4954/4954
f 4957/4957/4957 4956/4956/4956 4954/4954/4954
f 4960/4960/4960 4959/4959/4959 4958/4958/4958
f 4961/4961/4961 4960/4960/4960 4958/4958/4958
f 4964/4964/4964 4963/4963/4963 4962/4962/4962
f 4965/4965/4965 4964/4964/4964 4962/4962/4962
f 4968/4968/4968 4967/4967/4967 4966/4966/4966
f 4969/4969/4969 4968/4968/4968 4966/4966/4966
f 4972/4972/4972 4971/4971/4971 4970/4970/4970
f 4973/4973/4973 4972/4972/4972 4970/4970/4970
f 4976/4976/4976 4975/4975/4975 4974/4974/4974
f 4977/4977/4977 4976/4976/4976 4974/4974/4974
f 4980/4980/4980 4979/4979/4979 4978/4978/4978
f 4981/4981/4981 4980/4980/4980 4978/4978/4978
f 4984/4984/4984 4983/4983/4983 4982/4982/4982
f 4985/4985/4985 4984/4984/4984 4982/4982/4982
f 4988/4988/4988 4987/4987/4987 4986/4986/4986
f 4989/4989/4989 4988/4988/4988 4986/4986/4986
f 4986/4986/4986 4990/4990/4990 4989/4989/4989
f 4986/4986/4986 4991/4991/4991 4990/4990/4990
f 4986/4986/4986 4992/4992/4992 4991/4991/4991
f 4986/4986/4986 4993/4993/4993 4992/4992/4992
f 4996/4996/4996 4995/4995/4995 4994/4994/4994
f 4997/4997/4997 4996/4996/4996 4994/4994/4994
f 5000/5000/5000 4999/4999/4999 4998/4998/4998
f 4999/4999/4999 5001/5001/5001 4998/4998/4998
f 4998/4998/4998 5001/5001/5001 5002/5002/5002
f 4999/4999/4999 5003/5003/5003 5001/5001/5001
f 5001/5001/5001 5004/5004/5004 5002/5002/5002
f 5003/5003/5003 5005/5005/5005 5001/5001/5001
f 5001/5001/5001 5005/5005/5005 5004/5004/5004
f 5005/5005/5005 5006/5006/5006 5004/5004/5004
f 5009/5009/5009 5008/5008/5008 5007/5007/5007
f 5010/5010/5010 5009/5009/5009 5007/5007/5007
f 5013/5013/5013 5012/5012/5012 5011/5011/5011
f 5012/5012/5012 5014/5014/5014 5011/5011/5011
f 5011/5011/5011 5014/5014/5014 5015/5015/5015
f 5014/5014/5014 5016/5016/5016 5015/5015/5015
f 5017/5017/5017 5016/5016/5016 5014/5014/5014
f 5018/5018/5018 5014/5014/5014 5012/5012/5012
f 5018/5018/5018 5017/5017/5017 5014/5014/5014
f 5019/5019/5019 5018/5018/5018 5012/5012/5012
f 5019/5019/5019 5020/5020/5020 5018/5018/5018
f 5020/5020/5020 5021/5021/5021 5018/5018/5018
f 5018/5018/5018 5021/5021/5021 5017/5017/5017
f 5021/5021/5021 5022/5022/5022 5017/5017/5017
f 5025/5025/5025 5024/5024/5024 5023/5023/5023
f 5024/5024/5024 5026/5026/5026 5023/5023/5023
f 5023/5023/5023 5026/5026/5026 5027/5027/5027
f 5026/5026/5026 5028/5028/5028 5027/5027/5027
f 5031/5031/5031 5030/5030/5030 5029/5029/5029
f 5029/5029/5029 5030/5030/5030 5032/5032/5032
f 5030/5030/5030 5033/5033/5033 5032/5032/5032
f 5036/5036/5036 5035/5035/5035 5034/5034/5034
f 5035/5035/5035 5037/5037/5037 5034/5034/5034
f 5034/5034/5034 5037/5037/5037 5038/5038/5038
f 5037/5037/5037 5039/5039/5039 5038/5038/5038
f 5042/5042/5042 5041/5041/5041 5040/5040/5040
f 5043/5043/5043 5042/5042/5042 5040/5040/5040
f 5046/5046/5046 5045/5045/5045 5044/5044/5044
f 5045/5045/5045 5047/5047/5047 5044/5044/5044
f 5048/5048/5048 5044/5044/5044 5047/5047/5047
f 5049/5049/5049 5044/5044/5044 5048/5048/5048
f 5050/5050/5050 5044/5044/5044 5049/5049/5049
f 5051/5051/5051 5044/5044/5044 5050/5050/5050
f 5054/5054/5054 5053/5053/5053 5052/5052/5052
f 5055/5055/5055 5054/5054/5054 5052/5052/5052
f 5056/5056/5056 5054/5054/5054 5055/5055/5055
f 5057/5057/5057 5056/5056/5056 5055/5055/5055
f 5060/5060/5060 5059/5059/5059 5058/5058/5058
f 5059/5059/5059 5061/5061/5061 5058/5058/5058
f 5058/5058/5058 5061/5061/5061 5062/5062/5062
f 5063/5063/5063 5058/5058/5058 5062/5062/5062
f 5063/5063/5063 5062/5062/5062 5064/5064/5064
f 5062/5062/5062 5065/5065/5065 5064/5064/5064
f 5068/5068/5068 5067/5067/5067 5066/5066/5066
f 5069/5069/5069 5068/5068/5068 5066/5066/5066
f 5069/5069/5069 5066/5066/5066 5070/5070/5070
f 5071/5071/5071 5069/5069/5069 5070/5070/5070
f 5074/5074/5074 5073/5073/5073 5072/5072/5072
f 5075/5075/5075 5074/5074/5074 5072/5072/5072
f 5075/5075/5075 5072/5072/5072 5076/5076/5076
f 5077/5077/5077 5075/5075/5075 5076/5076/5076
f 5080/5080/5080 5079/5079/5079 5078/5078/5078
f 5081/5081/5081 5080/5080/5080 5078/5078/5078
f 5078/5078/5078 5082/5082/5082 5081/5081/5081
f 5078/5078/5078 5083/5083/5083 5082/5082/5082
f 5078/5078/5078 5084/5084/5084 5083/5083/5083
f 5078/5078/5078 5085/5085/5085 5084/5084/5084
f 5088/5088/5088 5087/5087/5087 5086/5086/5086
f 5089/5089/5089 5088/5088/5088 5086/5086/5086
f 5092/5092/5092 5091/5091/5091 5090/5090/5090
f 5091/5091/5091 5093/5093/5093 5090/5090/5090
f 5090/5090/5090 5093/5093/5093 5094/5094/5094
f 5091/5091/5091 5095/5095/5095 5093/5093/5093
f 5093/5093/5093 5096/5096/5096 5094/5094/5094
f 5095/5095/5095 5097/5097/5097 5093/5093/5093
f 5093/5093/5093 5097/5097/5097 5096/5096/5096
f 5097/5097/5097 5098/5098/5098 5096/5096/5096
f 5101/5101/5101 5100/5100/5100 5099/5099/5099
f 5102/5102/5102 5101/5101/5101 5099/5099/5099
f 5105/5105/5105 5104/5104/5104 5103/5103/5103
f 5104/5104/5104 5106/5106/5106 5103/5103/5103
f 5103/5103/5103 5106/5106/5106 5107/5107/5107
f 5106/5106/5106 5108/5108/5108 5107/5107/5107
f 5109/5109/5109 5108/5108/5108 5106/5106/5106
f 5110/5110/5110 5106/5106/5106 5104/5104/5104
f 5110/5110/5110 5109/5109/5109 5106/5106/5106
f 5111/5111/5111 5110/5110/5110 5104/5104/5104
f 5111/5111/5111 5112/5112/5112 5110/5110/5110
f 5112/5112/5112 5113/5113/5113 5110/5110/5110
f 5110/5110/5110 5113/5113/5113 5109/5109/5109
f 5113/5113/5113 5114/5114/5114 5109/5109/5109
f 5117/5117/5117 5116/5116/5116 5115/5115/5115
f 5116/5116/5116 5118/5118/5118 5115/5115/5115
f 5115/5115/5115 5118/5118/5118 5119/5119/5119
f 5118/5118/5118 5120/5120/5120 5119/5119/5119
f 5123/5123/5123 5122/5122/5122 5121/5121/5121
f 5121/5121/5121 5122/5122/5122 5124/5124/5124
f 5122/5122/5122 5125/5125/5125 5124/5124/5124
f 5128/5128/5128 5127/5127/5127 5126/5126/5126
f 5127/5127/5127 5129/5129/5129 5126/5126/5126
f 5126/5126/5126 5129/5129/5129 5130/5130/5130
f 5129/5129/5129 5131/5131/5131 5130/5130/5130
f 5134/5134/5134 5133/5133/5133 5132/5132/5132
f 5135/5135/5135 5134/5134/5134 5132/5132/5132
f 5138/5138/5138 5137/5137/5137 5136/5136/5136
f 5137/5137/5137 5139/5139/5139 5136/5136/5136
f 5140/5140/5140 5136/5136/5136 5139/5139/5139
f 5141/5141/5141 5136/5136/5136 5140/5140/5140
f 5142/5142/5142 5136/5136/5136 5141/5141/5141
f 5143/5143/5143 5136/5136/5136 5142/5142/5142
f 5146/5146/5146 5145/5145/5145 5144/5144/5144
f 5147/5147/5147 5146/5146/5146 5144/5144/5144
f 5148/5148/5148 5146/5146/5146 5147/5147/5147
f 5149/5149/5149 5148/5148/5148 5147/5147/5147
f 5152/5152/5152 5151/5151/5151 5150/5150/5150
f 5151/5151/5151 5153/5153/5153 5150/5150/5150
f 5150/5150/5150 5153/5153/5153 5154/5154/5154
f 5155/5155/5155 5150/5150/5150 5154/5154/5154
f 5155/5155/5155 5154/5154/5154 5156/5156/5156
f 5154/5154/5154 5157/5157/5157 5156/5156/5156
f 5160/5160/5160 5159/5159/5159 5158/5158/5158
f 5161/5161/5161 5160/5160/5160 5158/5158/5158
f 5161/5161/5161 5158/5158/5158 5162/5162/5162
f 5163/5163/5163 5161/5161/5161 5162/5162/5162
f 5166/5166/5166 5165/5165/5165 5164/5164/5164
f 5167/5167/5167 5166/5166/5166 5164/5164/5164
f 5167/5167/5167 5164/5164/5164 5168/5168/5168
f 5169/5169/5169 5167/5167/5167 5168/5168/5168
f 5172/5172/5172 5171/5171/5171 5170/5170/5170
f 5171/5171/5171 5173/5173/5173 5170/5170/5170
f 5174/5174/5174 5173/5173/5173 5171/5171/5171
f 5175/5175/5175 5174/5174/5174 5171/5171/5171
f 5178/5178/5178 5177/5177/5177 5176/5176/5176
f 5179/5179/5179 5178/5178/5178 5176/5176/5176
f 5182/5182/5182 5181/5181/5181 5180/5180/5180
f 5181/5181/5181 5183/5183/5183 5180/5180/5180
f 5180/5180/5180 5183/5183/5183 5184/5184/5184
f 5184/5184/5184 5183/5183/5183 5185/5185/5185
f 5186/5186/5186 5184/5184/5184 5185/5185/5185
f 5189/5189/5189 5188/5188/5188 5187/5187/5187
f 5190/5190/5190 5189/5189/5189 5187/5187/5187
f 5193/5193/5193 5192/5192/5192 5191/5191/5191
f 5194/5194/5194 5193/5193/5193 5191/5191/5191
f 5197/5197/5197 5196/5196/5196 5195/5195/5195
f 5196/5196/5196 5198/5198/5198 5195/5195/5195
f 5198/5198/5198 5196/5196/5196 5199/5199/5199
f 5200/5200/5200 5198/5198/5198 5199/5199/5199
f 5203/5203/5203 5202/5202/5202 5201/5201/5201
f 5204/5204/5204 5203/5203/5203 5201/5201/5201
f 5204/5204/5204 5201/5201/5201 5205/5205/5205
f 5206/5206/5206 5204/5204/5204 5205/5205/5205
f 5207/5207/5207 5206/5206/5206 5205/5205/5205
f 5210/5210/5210 5209/5209/5209 5208/5208/5208
f 5211/5211/5211 5210/5210/5210 5208/5208/5208
f 5214/5214/5214 5213/5213/5213 5212/5212/5212
f 5215/5215/5215 5214/5214/5214 5212/5212/5212
f 5218/5218/5218 5217/5217/5217 5216/5216/5216
f 5219/5219/5219 5218/5218/5218 5216/5216/5216
f 5222/5222/5222 5221/5221/5221 5220/5220/5220
f 5223/5223/5223 5222/5222/5222 5220/5220/5220
f 5226/5226/5226 5225/5225/5225 5224/5224/5224
f 5227/5227/5227 5226/5226/5226 5224/5224/5224
f 5230/5230/5230 5229/5229/5229 5228/5228/5228
f 5231/5231/5231 5230/5230/5230 5228/5228/5228
f 5234/5234/5234 5233/5233/5233 5232/5232/5232
f 5233/5233/5233 5234/5234/5234 5235/5235/5235
f 5233/5233/5233 5235/5235/5235 5236/5236/5236
f 5239/5239/5239 5238/5238/5238 5237/5237/5237
f 5240/5240/5240 5239/5239/5239 5237/5237/5237
f 5243/5243/5243 5242/5242/5242 5241/5241/5241
f 5244/5244/5244 5243/5243/5243 5241/5241/5241
f 5247/5247/5247 5246/5246/5246 5245/5245/5245
f 5247/5247/5247 5245/5245/5245 5248/5248/5248
f 5247/5247/5247 5248/5248/5248 5249/5249/5249
f 5252/5252/5252 5251/5251/5251 5250/5250/5250
f 5252/5252/5252 5253/5253/5253 5251/5251/5251
f 5256/5256/5256 5255/5255/5255 5254/5254/5254
f 5257/5257/5257 5256/5256/5256 5254/5254/5254
f 5260/5260/5260 5259/5259/5259 5258/5258/5258
f 5261/5261/5261 5260/5260/5260 5258/5258/5258
f 5264/5264/5264 5263/5263/5263 5262/5262/5262
f 5265/5265/5265 5264/5264/5264 5262/5262/5262
f 5268/5268/5268 5267/5267/5267 5266/5266/5266
f 5269/5269/5269 5268/5268/5268 5266/5266/5266
f 5272/5272/5272 5271/5271/5271 5270/5270/5270
f 5273/5273/5273 5272/5272/5272 5270/5270/5270
f 5276/5276/5276 5275/5275/5275 5274/5274/5274
f 5277/5277/5277 5276/5276/5276 5274/5274/5274
f 5280/5280/5280 5279/5279/5279 5278/5278/5278
f 5281/5281/5281 5280/5280/5280 5278/5278/5278
f 5284/5284/5284 5283/5283/5283 5282/5282/5282
f 5285/5285/5285 5284/5284/5284 5282/5282/5282
f 5288/5288/5288 5287/5287/5287 5286/5286/5286
f 5289/5289/5289 5288/5288/5288 5286/5286/5286
f 5292/5292/5292 5291/5291/5291 5290/5290/5290
f 5293/5293/5293 5292/5292/5292 5290/5290/5290
f 5296/5296/5296 5295/5295/5295 5294/5294/5294
f 5297/5297/5297 5296/5296/5296 5294/5294/5294
f 5300/5300/5300 5299/5299/5299 5298/5298/5298
f 5301/5301/5301 5300/5300/5300 5298/5298/5298
f 5304/5304/5304 5303/5303/5303 5302/5302/5302
f 5305/5305/5305 5304/5304/5304 5302/5302/5302
f 5308/5308/5308 5307/5307/5307 5306/5306/5306
f 5309/5309/5309 5308/5308/5308 5306/5306/5306
f 5312/5312/5312 5311/5311/5311 5310/5310/5310
f 5313/5313/5313 5311/5311/5311 5312/5312/5312
f 5311/5311/5311 5313/5313/5313 5314/5314/5314
f 5317/5317/5317 5316/5316/5316 5315/5315/5315
f 5318/5318/5318 5317/5317/5317 5315/5315/5315
f 5321/5321/5321 5320/5320/5320 5319/5319/5319
f 5322/5322/5322 5321/5321/5321 5319/5319/5319
f 5325/5325/5325 5324/5324/5324 5323/5323/5323
f 5326/5326/5326 5325/5325/5325 5323/5323/5323
f 5329/5329/5329 5328/5328/5328 5327/5327/5327
f 5329/5329/5329 5330/5330/5330 5328/5328/5328
f 5333/5333/5333 5332/5332/5332 5331/5331/5331
f 5334/5334/5334 5333/5333/5333 5331/5331/5331
f 5337/5337/5337 5336/5336/5336 5335/5335/5335
f 5338/5338/5338 5337/5337/5337 5335/5335/5335
f 5341/5341/5341 5340/5340/5340 5339/5339/5339
f 5342/5342/5342 5341/5341/5341 5339/5339/5339
f 5345/5345/5345 5344/5344/5344 5343/5343/5343
f 5346/5346/5346 5345/5345/5345 5343/5343/5343
f 5349/5349/5349 5348/5348/5348 5347/5347/5347
f 5350/5350/5350 5349/5349/5349 5347/5347/5347
f 5353/5353/5353 5352/5352/5352 5351/5351/5351
f 5354/5354/5354 5353/5353/5353 5351/5351/5351
f 5357/5357/5357 5356/5356/5356 5355/5355/5355
f 5358/5358/5358 5357/5357/5357 5355/5355/5355
f 5361/5361/5361 5360/5360/5360 5359/5359/5359
f 5362/5362/5362 5361/5361/5361 5359/5359/5359
f 5365/5365/5365 5364/5364/5364 5363/5363/5363
f 5366/5366/5366 5365/5365/5365 5363/5363/5363
f 5369/5369/5369 5368/5368/5368 5367/5367/5367
f 5370/5370/5370 5369/5369/5369 5367/5367/5367
f 5373/5373/5373 5372/5372/5372 5371/5371/5371
f 5374/5374/5374 5373/5373/5373 5371/5371/5371
f 5377/5377/5377 5376/5376/5376 5375/5375/5375
f 5378/5378/5378 5377/5377/5377 5375/5375/5375
f 5381/5381/5381 5380/5380/5380 5379/5379/5379
f 5382/5382/5382 5381/5381/5381 5379/5379/5379
f 5385/5385/5385 5384/5384/5384 5383/5383/5383
f 5386/5386/5386 5385/5385/5385 5383/5383/5383
f 5389/5389/5389 5388/5388/5388 5387/5387/5387
f 5390/5390/5390 5389/5389/5389 5387/5387/5387
f 5393/5393/5393 5392/5392/5392 5391/5391/5391
f 5394/5394/5394 5393/5393/5393 5391/5391/5391
f 5397/5397/5397 5396/5396/5396 5395/5395/5395
f 5398/5398/5398 5397/5397/5397 5395/5395/5395
f 5401/5401/5401 5400/5400/5400 5399/5399/5399
f 5402/5402/5402 5401/5401/5401 5399/5399/5399
f 5405/5405/5405 5404/5404/5404 5403/5403/5403
f 5406/5406/5406 5405/5405/5405 5403/5403/5403
f 5409/5409/5409 5408/5408/5408 5407/5407/5407
f 5410/5410/5410 5409/5409/5409 5407/5407/5407
f 5413/5413/5413 5412/5412/5412 5411/5411/5411
f 5414/5414/5414 5413/5413/5413 5411/5411/5411
f 5417/5417/5417 5416/5416/5416 5415/5415/5415
f 5418/5418/5418 5417/5417/5417 5415/5415/5415
f 5421/5421/5421 5420/5420/5420 5419/5419/5419
f 5422/5422/5422 5421/5421/5421 5419/5419/5419
f 5425/5425/5425 5424/5424/5424 5423/5423/5423
f 5426/5426/5426 5425/5425/5425 5423/5423/5423
f 5429/5429/5429 5428/5428/5428 5427/5427/5427
f 5430/5430/5430 5429/5429/5429 5427/5427/5427
f 5433/5433/5433 5432/5432/5432 5431/5431/5431
f 5434/5434/5434 5433/5433/5433 5431/5431/5431
f 5437/5437/5437 5436/5436/5436 5435/5435/5435
f 5436/5436/5436 5437/5437/5437 5438/5438/5438
f 5436/5436/5436 5438/5438/5438 5439/5439/5439
f 5442/5442/5442 5441/5441/5441 5440/5440/5440
f 5443/5443/5443 5442/5442/5442 5440/5440/5440
f 5446/5446/5446 5445/5445/5445 5444/5444/5444
f 5447/5447/5447 5446/5446/5446 5444/5444/5444
f 5450/5450/5450 5449/5449/5449 5448/5448/5448
f 5451/5451/5451 5450/5450/5450 5448/5448/5448
f 5450/5450/5450 5451/5451/5451 5452/5452/5452
f 5455/5455/5455 5454/5454/5454 5453/5453/5453
f 5456/5456/5456 5455/5455/5455 5453/5453/5453
f 5459/5459/5459 5458/5458/5458 5457/5457/5457
f 5460/5460/5460 5459/5459/5459 5457/5457/5457
f 5463/5463/5463 5462/5462/5462 5461/5461/5461
f 5464/5464/5464 5463/5463/5463 5461/5461/5461
f 5467/5467/5467 5466/5466/5466 5465/5465/5465
f 5468/5468/5468 5467/5467/5467 5465/5465/5465
f 5471/5471/5471 5470/5470/5470 5469/5469/5469
f 5472/5472/5472 5471/5471/5471 5469/5469/5469
f 5475/5475/5475 5474/5474/5474 5473/5473/5473
f 5476/5476/5476 5475/5475/5475 5473/5473/5473
f 5479/5479/5479 5478/5478/5478 5477/5477/5477
f 5480/5480/5480 5479/5479/5479 5477/5477/5477
f 5483/5483/5483 5482/5482/5482 5481/5481/5481
f 5484/5484/5484 5483/5483/5483 5481/5481/5481
f 5487/5487/5487 5486/5486/5486 5485/5485/5485
f 5488/5488/5488 5487/5487/5487 5485/5485/5485
f 5491/5491/5491 5490/5490/5490 5489/5489/5489
f 5492/5492/5492 5491/5491/5491 5489/5489/5489
f 5495/5495/5495 5494/5494/5494 5493/5493/5493
f 5496/5496/5496 5495/5495/5495 5493/5493/5493
f 5499/5499/5499 5498/5498/5498 5497/5497/5497
f 5500/5500/5500 5499/5499/5499 5497/5497/5497
f 5503/5503/5503 5502/5502/5502 5501/5501/5501
f 5504/5504/5504 5503/5503/5503 5501/5501/5501
f 5507/5507/5507 5506/5506/5506 5505/5505/5505
f 5508/5508/5508 5507/5507/5507 5505/5505/5505
f 5511/5511/5511 5510/5510/5510 5509/5509/5509
f 5512/5512/5512 5511/5511/5511 5509/5509/5509
f 5515/5515/5515 5514/5514/5514 5513/5513/5513
f 5516/5516/5516 5515/5515/5515 5513/5513/5513
f 5519/5519/5519 5518/5518/5518 5517/5517/5517
f 5520/5520/5520 5519/5519/5519 5517/5517/5517
f 5523/5523/5523 5522/5522/5522 5521/5521/5521
f 5524/5524/5524 5523/5523/5523 5521/5521/5521
f 5527/5527/5527 5526/5526/5526 5525/5525/5525
f 5528/5528/5528 5527/5527/5527 5525/5525/5525
f 5531/5531/5531 5530/5530/5530 5529/5529/5529
f 5532/5532/5532 5531/5531/5531 5529/5529/5529
f 5535/5535/5535 5534/5534/5534 5533/5533/5533
f 5536/5536/5536 5535/5535/5535 5533/5533/5533
f 5539/5539/5539 5538/5538/5538 5537/5537/5537
f 5540/5540/5540 5539/5539/5539 5537/5537/5537
f 5543/5543/5543 5542/5542/5542 5541/5541/5541
f 5544/5544/5544 5543/5543/5543 5541/5541/5541
f 5547/5547/5547 5546/5546/5546 5545/5545/5545
f 5548/5548/5548 5547/5547/5547 5545/5545/5545
f 5551/5551/5551 5550/5550/5550 5549/5549/5549
f 5552/5552/5552 5551/5551/5551 5549/5549/5549
f 5555/5555/5555 5554/5554/5554 5553/5553/5553
f 5556/5556/5556 5555/5555/5555 5553/5553/5553
f 5559/5559/5559 5558/5558/5558 5557/5557/5557
f 5560/5560/5560 5559/5559/5559 5557/5557/5557
f 5563/5563/5563 5562/5562/5562 5561/5561/5561
f 5564/5564/5564 5563/5563/5563 5561/5561/5561
f 5567/5567/5567 5566/5566/5566 5565/5565/5565
f 5568/5568/5568 5567/5567/5567 5565/5565/5565
f 5571/5571/5571 5570/5570/5570 5569/5569/5569
f 5572/5572/5572 5571/5571/5571 5569/5569/5569
f 5575/5575/5575 5574/5574/5574 5573/5573/5573
f 5576/5576/5576 5575/5575/5575 5573/5573/5573
f 5579/5579/5579 5578/5578/5578 5577/5577/5577
f 5580/5580/5580 5579/5579/5579 5577/5577/5577
f 5583/5583/5583 5582/5582/5582 5581/5581/5581
f 5584/5584/5584 5583/5583/5583 5581/5581/5581
f 5587/5587/5587 5586/5586/5586 5585/5585/5585
f 5588/5588/5588 5587/5587/5587 5585/5585/5585
f 5591/5591/5591 5590/5590/5590 5589/5589/5589
f 5592/5592/5592 5591/5591/5591 5589/5589/5589
f 5595/5595/5595 5594/5594/5594 5593/5593/5593
f 5596/5596/5596 5595/5595/5595 5593/5593/5593
f 5599/5599/5599 5598/5598/5598 5597/5597/5597
f 5597/5597/5597 5598/5598/5598 5600/5600/5600
f 5601/5601/5601 5599/5599/5599 5597/5597/5597
f 5602/5602/5602 5599/5599/5599 5601/5601/5601
f 5603/5603/5603 5597/5597/5597 5600/5600/5600
f 5602/5602/5602 5601/5601/5601 5604/5604/5604
f 5603/5603/5603 5600/5600/5600 5605/5605/5605
f 5602/5602/5602 5604/5604/5604 5606/5606/5606
f 5607/5607/5607 5603/5603/5603 5605/5605/5605
f 5604/5604/5604 5603/5603/5603 5607/5607/5607
f 5608/5608/5608 5604/5604/5604 5607/5607/5607
f 5604/5604/5604 5608/5608/5608 5606/5606/5606
f 5608/5608/5608 5609/5609/5609 5606/5606/5606
f 5609/5609/5609 5610/5610/5610 5606/5606/5606
f 5611/5611/5611 5607/5607/5607 5605/5605/5605
f 5609/5609/5609 5611/5611/5611 5610/5610/5610
f 5611/5611/5611 5605/5605/5605 5612/5612/5612
f 5611/5611/5611 5612/5612/5612 5610/5610/5610
f 5615/5615/5615 5614/5614/5614 5613/5613/5613
f 5613/5613/5613 5614/5614/5614 5616/5616/5616
f 5617/5617/5617 5615/5615/5615 5613/5613/5613
f 5618/5618/5618 5615/5615/5615 5617/5617/5617
f 5619/5619/5619 5613/5613/5613 5616/5616/5616
f 5613/5613/5613 5619/5619/5619 5617/5617/5617
f 5619/5619/5619 5616/5616/5616 5620/5620/5620
f 5618/5618/5618 5617/5617/5617 5621/5621/5621
f 5619/5619/5619 5621/5621/5621 5617/5617/5617
f 5618/5618/5618 5621/5621/5621 5622/5622/5622
f 5623/5623/5623 5619/5619/5619 5620/5620/5620
f 5621/5621/5621 5619/5619/5619 5623/5623/5623
f 5624/5624/5624 5621/5621/5621 5623/5623/5623
f 5621/5621/5621 5624/5624/5624 5622/5622/5622
f 5624/5624/5624 5625/5625/5625 5622/5622/5622
f 5625/5625/5625 5626/5626/5626 5622/5622/5622
f 5627/5627/5627 5623/5623/5623 5620/5620/5620
f 5625/5625/5625 5627/5627/5627 5626/5626/5626
f 5627/5627/5627 5620/5620/5620 5628/5628/5628
f 5627/5627/5627 5628/5628/5628 5626/5626/5626
f 5631/5631/5631 5630/5630/5630 5629/5629/5629
f 5629/5629/5629 5630/5630/5630 5632/5632/5632
f 5633/5633/5633 5631/5631/5631 5629/5629/5629
f 5634/5634/5634 5631/5631/5631 5633/5633/5633
f 5635/5635/5635 5629/5629/5629 5632/5632/5632
f 5634/5634/5634 5633/5633/5633 5636/5636/5636
f 5635/5635/5635 5632/5632/5632 5637/5637/5637
f 5634/5634/5634 5636/5636/5636 5638/5638/5638
f 5639/5639/5639 5635/5635/5635 5637/5637/5637
f 5636/5636/5636 5635/5635/5635 5639/5639/5639
f 5640/5640/5640 5636/5636/5636 5639/5639/5639
f 5636/5636/5636 5640/5640/5640 5638/5638/5638
f 5640/5640/5640 5641/5641/5641 5638/5638/5638
f 5641/5641/5641 5642/5642/5642 5638/5638/5638
f 5643/5643/5643 5639/5639/5639 5637/5637/5637
f 5641/5641/5641 5643/5643/5643 5642/5642/5642
f 5643/5643/5643 5637/5637/5637 5644/5644/5644
f 5643/5643/5643 5644/5644/5644 5642/5642/5642
f 5647/5647/5647 5646/5646/5646 5645/5645/5645
f 5648/5648/5648 5647/5647/5647 5645/5645/5645
f 5645/5645/5645 5646/5646/5646 5649/5649/5649
f 5650/5650/5650 5648/5648/5648 5645/5645/5645
f 5648/5648/5648 5650/5650/5650 5651/5651/5651
f 5651/5651/5651 5650/5650/5650 5652/5652/5652
f 5650/5650/5650 5653/5653/5653 5652/5652/5652
f 5653/5653/5653 5654/5654/5654 5652/5652/5652
f 5655/5655/5655 5645/5645/5645 5649/5649/5649
f 5653/5653/5653 5655/5655/5655 5654/5654/5654
f 5655/5655/5655 5649/5649/5649 5656/5656/5656
f 5655/5655/5655 5656/5656/5656 5654/5654/5654
f 5659/5659/5659 5658/5658/5658 5657/5657/5657
f 5660/5660/5660 5659/5659/5659 5657/5657/5657
f 5657/5657/5657 5658/5658/5658 5661/5661/5661
f 5662/5662/5662 5660/5660/5660 5657/5657/5657
f 5660/5660/5660 5662/5662/5662 5663/5663/5663
f 5663/5663/5663 5662/5662/5662 5664/5664/5664
f 5662/5662/5662 5665/5665/5665 5664/5664/5664
f 5665/5665/5665 5666/5666/5666 5664/5664/5664
f 5667/5667/5667 5657/5657/5657 5661/5661/5661
f 5665/5665/5665 5667/5667/5667 5666/5666/5666
f 5667/5667/5667 5661/5661/5661 5668/5668/5668
f 5667/5667/5667 5668/5668/5668 5666/5666/5666
f 5671/5671/5671 5670/5670/5670 5669/5669/5669
f 5669/5669/5669 5670/5670/5670 5672/5672/5672
f 5673/5673/5673 5671/5671/5671 5669/5669/5669
f 5674/5674/5674 5671/5671/5671 5673/5673/5673
f 5675/5675/5675 5669/5669/5669 5672/5672/5672
f 5674/5674/5674 5673/5673/5673 5676/5676/5676
f 5675/5675/5675 5672/5672/5672 5677/5677/5677
f 5674/5674/5674 5676/5676/5676 5678/5678/5678
f 5679/5679/5679 5675/5675/5675 5677/5677/5677
f 5676/5676/5676 5675/5675/5675 5679/5679/5679
f 5680/5680/5680 5676/5676/5676 5679/5679/5679
f 5676/5676/5676 5680/5680/5680 5678/5678/5678
f 5680/5680/5680 5681/5681/5681 5678/5678/5678
f 5681/5681/5681 5682/5682/5682 5678/5678/5678
f 5683/5683/5683 5679/5679/5679 5677/5677/5677
f 5681/5681/5681 5683/5683/5683 5682/5682/5682
f 5683/5683/5683 5677/5677/5677 5684/5684/5684
f 5683/5683/5683 5684/5684/5684 5682/5682/5682
f 5687/5687/5687 5686/5686/5686 5685/5685/5685
f 5686/5686/5686 5688/5688/5688 5685/5685/5685
f 5689/5689/5689 5686/5686/5686 5687/5687/5687
f 5686/5686/5686 5690/5690/5690 5688/5688/5688
f 5690/5690/5690 5691/5691/5691 5688/5688/5688
f 5692/5692/5692 5691/5691/5691 5690/5690/5690
f 5693/5693/5693 5692/5692/5692 5690/5690/5690
f 5694/5694/5694 5692/5692/5692 5693/5693/5693
f 5694/5694/5694 5693/5693/5693 5689/5689/5689
f 5695/5695/5695 5689/5689/5689 5687/5687/5687
f 5694/5694/5694 5689/5689/5689 5696/5696/5696
f 5689/5689/5689 5695/5695/5695 5696/5696/5696
f 5699/5699/5699 5698/5698/5698 5697/5697/5697
f 5697/5697/5697 5698/5698/5698 5700/5700/5700
f 5701/5701/5701 5699/5699/5699 5697/5697/5697
f 5702/5702/5702 5699/5699/5699 5701/5701/5701
f 5703/5703/5703 5697/5697/5697 5700/5700/5700
f 5703/5703/5703 5700/5700/5700 5704/5704/5704
f 5705/5705/5705 5703/5703/5703 5704/5704/5704
f 5702/5702/5702 5701/5701/5701 5706/5706/5706
f 5706/5706/5706 5703/5703/5703 5705/5705/5705
f 5702/5702/5702 5706/5706/5706 5707/5707/5707
f 5708/5708/5708 5706/5706/5706 5705/5705/5705
f 5706/5706/5706 5708/5708/5708 5707/5707/5707
f 5711/5711/5711 5710/5710/5710 5709/5709/5709
f 5709/5709/5709 5710/5710/5710 5712/5712/5712
f 5713/5713/5713 5711/5711/5711 5709/5709/5709
f 5714/5714/5714 5711/5711/5711 5713/5713/5713
f 5715/5715/5715 5709/5709/5709 5712/5712/5712
f 5714/5714/5714 5713/5713/5713 5716/5716/5716
f 5715/5715/5715 5712/5712/5712 5717/5717/5717
f 5714/5714/5714 5716/5716/5716 5718/5718/5718
f 5719/5719/5719 5715/5715/5715 5717/5717/5717
f 5716/5716/5716 5715/5715/5715 5719/5719/5719
f 5720/5720/5720 5716/5716/5716 5719/5719/5719
f 5716/5716/5716 5720/5720/5720 5718/5718/5718
f 5720/5720/5720 5721/5721/5721 5718/5718/5718
f 5721/5721/5721 5722/5722/5722 5718/5718/5718
f 5723/5723/5723 5719/5719/5719 5717/5717/5717
f 5721/5721/5721 5723/5723/5723 5722/5722/5722
f 5723/5723/5723 5717/5717/5717 5724/5724/5724
f 5723/5723/5723 5724/5724/5724 5722/5722/5722
f 5727/5727/5727 5726/5726/5726 5725/5725/5725
f 5725/5725/5725 5726/5726/5726 5728/5728/5728
f 5729/5729/5729 5727/5727/5727 5725/5725/5725
f 5730/5730/5730 5727/5727/5727 5729/5729/5729
f 5731/5731/5731 5725/5725/5725 5728/5728/5728
f 5730/5730/5730 5729/5729/5729 5732/5732/5732
f 5731/5731/5731 5728/5728/5728 5733/5733/5733
f 5730/5730/5730 5732/5732/5732 5734/5734/5734
f 5735/5735/5735 5731/5731/5731 5733/5733/5733
f 5732/5732/5732 5731/5731/5731 5735/5735/5735
f 5736/5736/5736 5732/5732/5732 5735/5735/5735
f 5732/5732/5732 5736/5736/5736 5734/5734/5734
f 5736/5736/5736 5737/5737/5737 5734/5734/5734
f 5737/5737/5737 5738/5738/5738 5734/5734/5734
f 5739/5739/5739 5735/5735/5735 5733/5733/5733
f 5737/5737/5737 5739/5739/5739 5738/5738/5738
f 5739/5739/5739 5733/5733/5733 5740/5740/5740
f 5739/5739/5739 5740/5740/5740 5738/5738/5738
f 5743/5743/5743 5742/5742/5742 5741/5741/5741
f 5743/5743/5743 5741/5741/5741 5744/5744/5744
f 5742/5742/5742 5745/5745/5745 5741/5741/5741
f 5742/5742/5742 5746/5746/5746 5745/5745/5745
f 5741/5741/5741 5747/5747/5747 5744/5744/5744
f 5744/5744/5744 5747/5747/5747 5748/5748/5748
f 5747/5747/5747 5749/5749/5749 5748/5748/5748
f 5745/5745/5745 5746/5746/5746 5750/5750/5750
f 5747/5747/5747 5750/5750/5750 5749/5749/5749
f 5750/5750/5750 5746/5746/5746 5751/5751/5751
f 5750/5750/5750 5752/5752/5752 5749/5749/5749
f 5752/5752/5752 5750/5750/5750 5751/5751/5751
f 5755/5755/5755 5754/5754/5754 5753/5753/5753
f 5755/5755/5755 5753/5753/5753 5756/5756/5756
f 5754/5754/5754 5757/5757/5757 5753/5753/5753
f 5754/5754/5754 5758/5758/5758 5757/5757/5757
f 5753/5753/5753 5759/5759/5759 5756/5756/5756
f 5756/5756/5756 5759/5759/5759 5760/5760/5760
f 5759/5759/5759 5761/5761/5761 5760/5760/5760
f 5757/5757/5757 5758/5758/5758 5762/5762/5762
f 5759/5759/5759 5762/5762/5762 5761/5761/5761
f 5762/5762/5762 5758/5758/5758 5763/5763/5763
f 5762/5762/5762 5764/5764/5764 5761/5761/5761
f 5764/5764/5764 5762/5762/5762 5763/5763/5763
f 5767/5767/5767 5766/5766/5766 5765/5765/5765
f 5767/5767/5767 5765/5765/5765 5768/5768/5768
f 5766/5766/5766 5769/5769/5769 5765/5765/5765
f 5766/5766/5766 5770/5770/5770 5769/5769/5769
f 5765/5765/5765 5771/5771/5771 5768/5768/5768
f 5769/5769/5769 5770/5770/5770 5772/5772/5772
f 5768/5768/5768 5771/5771/5771 5773/5773/5773
f 5772/5772/5772 5770/5770/5770 5774/5774/5774
f 5771/5771/5771 5775/5775/5775 5773/5773/5773
f 5771/5771/5771 5772/5772/5772 5775/5775/5775
f 5772/5772/5772 5776/5776/5776 5775/5775/5775
f 5776/5776/5776 5772/5772/5772 5774/5774/5774
f 5777/5777/5777 5776/5776/5776 5774/5774/5774
f 5778/5778/5778 5777/5777/5777 5774/5774/5774
f 5775/5775/5775 5779/5779/5779 5773/5773/5773
f 5779/5779/5779 5777/5777/5777 5778/5778/5778
f 5773/5773/5773 5779/5779/5779 5780/5780/5780
f 5780/5780/5780 5779/5779/5779 5778/5778/5778
f 5783/5783/5783 5782/5782/5782 5781/5781/5781
f 5783/5783/5783 5781/5781/5781 5784/5784/5784
f 5782/5782/5782 5785/5785/5785 5781/5781/5781
f 5782/5782/5782 5786/5786/5786 5785/5785/5785
f 5781/5781/5781 5787/5787/5787 5784/5784/5784
f 5785/5785/5785 5786/5786/5786 5788/5788/5788
f 5784/5784/5784 5787/5787/5787 5789/5789/5789
f 5788/5788/5788 5786/5786/5786 5790/5790/5790
f 5787/5787/5787 5791/5791/5791 5789/5789/5789
f 5787/5787/5787 5788/5788/5788 5791/5791/5791
f 5788/5788/5788 5792/5792/5792 5791/5791/5791
f 5792/5792/5792 5788/5788/5788 5790/5790/5790
f 5793/5793/5793 5792/5792/5792 5790/5790/5790
f 5794/5794/5794 5793/5793/5793 5790/5790/5790
f 5791/5791/5791 5795/5795/5795 5789/5789/5789
f 5795/5795/5795 5793/5793/5793 5794/5794/5794
f 5789/5789/5789 5795/5795/5795 5796/5796/5796
f 5796/5796/5796 5795/5795/5795 5794/5794/5794
f 5799/5799/5799 5798/5798/5798 5797/5797/5797
f 5799/5799/5799 5797/5797/5797 5800/5800/5800
f 5798/5798/5798 5801/5801/5801 5797/5797/5797
f 5798/5798/5798 5802/5802/5802 5801/5801/5801
f 5797/5797/5797 5803/5803/5803 5800/5800/5800
f 5803/5803/5803 5797/5797/5797 5801/5801/5801
f 5800/5800/5800 5803/5803/5803 5804/5804/5804
f 5801/5801/5801 5802/5802/5802 5805/5805/5805
f 5805/5805/5805 5803/5803/5803 5801/5801/5801
f 5805/5805/5805 5802/5802/5802 5806/5806/5806
f 5803/5803/5803 5807/5807/5807 5804/5804/5804
f 5803/5803/5803 5805/5805/5805 5807/5807/5807
f 5805/5805/5805 5808/5808/5808 5807/5807/5807
f 5808/5808/5808 5805/5805/5805 5806/5806/5806
f 5809/5809/5809 5808/5808/5808 5806/5806/5806
f 5810/5810/5810 5809/5809/5809 5806/5806/5806
f 5807/5807/5807 5811/5811/5811 5804/5804/5804
f 5811/5811/5811 5809/5809/5809 5810/5810/5810
f 5804/5804/5804 5811/5811/5811 5812/5812/5812
f 5812/5812/5812 5811/5811/5811 5810/5810/5810
f 5815/5815/5815 5814/5814/5814 5813/5813/5813
f 5815/5815/5815 5813/5813/5813 5816/5816/5816
f 5814/5814/5814 5817/5817/5817 5813/5813/5813
f 5814/5814/5814 5818/5818/5818 5817/5817/5817
f 5813/5813/5813 5819/5819/5819 5816/5816/5816
f 5817/5817/5817 5818/5818/5818 5820/5820/5820
f 5816/5816/5816 5819/5819/5819 5821/5821/5821
f 5820/5820/5820 5818/5818/5818 5822/5822/5822
f 5819/5819/5819 5823/5823/5823 5821/5821/5821
f 5819/5819/5819 5820/5820/5820 5823/5823/5823
f 5820/5820/5820 5824/5824/5824 5823/5823/5823
f 5824/5824/5824 5820/5820/5820 5822/5822/5822
f 5825/5825/5825 5824/5824/5824 5822/5822/5822
f 5826/5826/5826 5825/5825/5825 5822/5822/5822
f 5823/5823/5823 5827/5827/5827 5821/5821/5821
f 5827/5827/5827 5825/5825/5825 5826/5826/5826
f 5821/5821/5821 5827/5827/5827 5828/5828/5828
f 5828/5828/5828 5827/5827/5827 5826/5826/5826
f 5831/5831/5831 5830/5830/5830 5829/5829/5829
f 5830/5830/5830 5832/5832/5832 5829/5829/5829
f 5831/5831/5831 5829/5829/5829 5833/5833/5833
f 5832/5832/5832 5834/5834/5834 5829/5829/5829
f 5834/5834/5834 5832/5832/5832 5835/5835/5835
f 5834/5834/5834 5835/5835/5835 5836/5836/5836
f 5837/5837/5837 5834/5834/5834 5836/5836/5836
f 5838/5838/5838 5837/5837/5837 5836/5836/5836
f 5829/5829/5829 5839/5839/5839 5833/5833/5833
f 5839/5839/5839 5837/5837/5837 5838/5838/5838
f 5833/5833/5833 5839/5839/5839 5840/5840/5840
f 5840/5840/5840 5839/5839/5839 5838/5838/5838
f 5843/5843/5843 5842/5842/5842 5841/5841/5841
f 5842/5842/5842 5844/5844/5844 5841/5841/5841
f 5843/5843/5843 5841/5841/5841 5845/5845/5845
f 5844/5844/5844 5846/5846/5846 5841/5841/5841
f 5846/5846/5846 5844/5844/5844 5847/5847/5847
f 5846/5846/5846 5847/5847/5847 5848/5848/5848
f 5849/5849/5849 5846/5846/5846 5848/5848/5848
f 5850/5850/5850 5849/5849/5849 5848/5848/5848
f 5841/5841/5841 5851/5851/5851 5845/5845/5845
f 5851/5851/5851 5849/5849/5849 5850/5850/5850
f 5845/5845/5845 5851/5851/5851 5852/5852/5852
f 5852/5852/5852 5851/5851/5851 5850/5850/5850
f 5855/5855/5855 5854/5854/5854 5853/5853/5853
f 5855/5855/5855 5853/5853/5853 5856/5856/5856
f 5854/5854/5854 5857/5857/5857 5853/5853/5853
f 5854/5854/5854 5858/5858/5858 5857/5857/5857
f 5853/5853/5853 5859/5859/5859 5856/5856/5856
f 5857/5857/5857 5858/5858/5858 5860/5860/5860
f 5856/5856/5856 5859/5859/5859 5861/5861/5861
f 5860/5860/5860 5858/5858/5858 5862/5862/5862
f 5859/5859/5859 5863/5863/5863 5861/5861/5861
f 5859/5859/5859 5860/5860/5860 5863/5863/5863
f 5860/5860/5860 5864/5864/5864 5863/5863/5863
f 5864/5864/5864 5860/5860/5860 5862/5862/5862
f 5865/5865/5865 5864/5864/5864 5862/5862/5862
f 5866/5866/5866 5865/5865/5865 5862/5862/5862
f 5863/5863/5863 5867/5867/5867 5861/5861/5861
f 5867/5867/5867 5865/5865/5865 5866/5866/5866
f 5861/5861/5861 5867/5867/5867 5868/5868/5868
f 5868/5868/5868 5867/5867/5867 5866/5866/5866
f 5871/5871/5871 5870/5870/5870 5869/5869/5869
f 5872/5872/5872 5871/5871/5871 5869/5869/5869
f 5871/5871/5871 5873/5873/5873 5870/5870/5870
f 5874/5874/5874 5871/5871/5871 5872/5872/5872
f 5875/5875/5875 5874/5874/5874 5872/5872/5872
f 5875/5875/5875 5876/5876/5876 5874/5874/5874
f 5876/5876/5876 5877/5877/5877 5874/5874/5874
f 5876/5876/5876 5878/5878/5878 5877/5877/5877
f 5877/5877/5877 5878/5878/5878 5873/5873/5873
f 5873/5873/5873 5879/5879/5879 5870/5870/5870
f 5873/5873/5873 5878/5878/5878 5880/5880/5880
f 5879/5879/5879 5873/5873/5873 5880/5880/5880
f 5883/5883/5883 5882/5882/5882 5881/5881/5881
f 5883/5883/5883 5881/5881/5881 5884/5884/5884
f 5882/5882/5882 5885/5885/5885 5881/5881/5881
f 5882/5882/5882 5886/5886/5886 5885/5885/5885
f 5881/5881/5881 5887/5887/5887 5884/5884/5884
f 5884/5884/5884 5887/5887/5887 5888/5888/5888
f 5887/5887/5887 5889/5889/5889 5888/5888/5888
f 5885/5885/5885 5886/5886/5886 5890/5890/5890
f 5887/5887/5887 5890/5890/5890 5889/5889/5889
f 5890/5890/5890 5886/5886/5886 5891/5891/5891
f 5890/5890/5890 5892/5892/5892 5889/5889/5889
f 5892/5892/5892 5890/5890/5890 5891/5891/5891
f 5895/5895/5895 5894/5894/5894 5893/5893/5893
f 5895/5895/5895 5893/5893/5893 5896/5896/5896
f 5894/5894/5894 5897/5897/5897 5893/5893/5893
f 5894/5894/5894 5898/5898/5898 5897/5897/5897
f 5893/5893/5893 5899/5899/5899 5896/5896/5896
f 5897/5897/5897 5898/5898/5898 5900/5900/5900
f 5896/5896/5896 5899/5899/5899 5901/5901/5901
f 5900/5900/5900 5898/5898/5898 5902/5902/5902
f 5899/5899/5899 5903/5903/5903 5901/5901/5901
f 5899/5899/5899 5900/5900/5900 5903/5903/5903
f 5900/5900/5900 5904/5904/5904 5903/5903/5903
f 5904/5904/5904 5900/5900/5900 5902/5902/5902
f 5905/5905/5905 5904/5904/5904 5902/5902/5902
f 5906/5906/5906 5905/5905/5905 5902/5902/5902
f 5903/5903/5903 5907/5907/5907 5901/5901/5901
f 5907/5907/5907 5905/5905/5905 5906/5906/5906
f 5901/5901/5901 5907/5907/5907 5908/5908/5908
f 5908/5908/5908 5907/5907/5907 5906/5906/5906
f 5911/5911/5911 5910/5910/5910 5909/5909/5909
f 5911/5911/5911 5909/5909/5909 5912/5912/5912
f 5910/5910/5910 5913/5913/5913 5909/5909/5909
f 5910/5910/5910 5914/5914/5914 5913/5913/5913
f 5909/5909/5909 5915/5915/5915 5912/5912/5912
f 5913/5913/5913 5914/5914/5914 5916/5916/5916
f 5912/5912/5912 5915/5915/5915 5917/5917/5917
f 5916/5916/5916 5914/5914/5914 5918/5918/5918
f 5915/5915/5915 5919/5919/5919 5917/5917/5917
f 5915/5915/5915 5916/5916/5916 5919/5919/5919
f 5916/5916/5916 5920/5920/5920 5919/5919/5919
f 5920/5920/5920 5916/5916/5916 5918/5918/5918
f 5921/5921/5921 5920/5920/5920 5918/5918/5918
f 5922/5922/5922 5921/5921/5921 5918/5918/5918
f 5919/5919/5919 5923/5923/5923 5917/5917/5917
f 5923/5923/5923 5921/5921/5921 5922/5922/5922
f 5917/5917/5917 5923/5923/5923 5924/5924/5924
f 5924/5924/5924 5923/5923/5923 5922/5922/5922
f 5927/5927/5927 5926/5926/5926 5925/5925/5925
f 5925/5925/5925 5926/5926/5926 5928/5928/5928
f 5929/5929/5929 5927/5927/5927 5925/5925/5925
f 5930/5930/5930 5927/5927/5927 5929/5929/5929
f 5931/5931/5931 5925/5925/5925 5928/5928/5928
f 5931/5931/5931 5928/5928/5928 5932/5932/5932
f 5933/5933/5933 5931/5931/5931 5932/5932/5932
f 5930/5930/5930 5929/5929/5929 5934/5934/5934
f 5934/5934/5934 5931/5931/5931 5933/5933/5933
f 5930/5930/5930 5934/5934/5934 5935/5935/5935
f 5936/5936/5936 5934/5934/5934 5933/5933/5933
f 5934/5934/5934 5936/5936/5936 5935/5935/5935
f 5939/5939/5939 5938/5938/5938 5937/5937/5937
f 5937/5937/5937 5938/5938/5938 5940/5940/5940
f 5941/5941/5941 5939/5939/5939 5937/5937/5937
f 5942/5942/5942 5939/5939/5939 5941/5941/5941
f 5943/5943/5943 5937/5937/5937 5940/5940/5940
f 5943/5943/5943 5940/5940/5940 5944/5944/5944
f 5945/5945/5945 5943/5943/5943 5944/5944/5944
f 5942/5942/5942 5941/5941/5941 5946/5946/5946
f 5946/5946/5946 5943/5943/5943 5945/5945/5945
f 5942/5942/5942 5946/5946/5946 5947/5947/5947
f 5948/5948/5948 5946/5946/5946 5945/5945/5945
f 5946/5946/5946 5948/5948/5948 5947/5947/5947
f 5951/5951/5951 5950/5950/5950 5949/5949/5949
f 5949/5949/5949 5950/5950/5950 5952/5952/5952
f 5953/5953/5953 5951/5951/5951 5949/5949/5949
f 5954/5954/5954 5951/5951/5951 5953/5953/5953
f 5955/5955/5955 5949/5949/5949 5952/5952/5952
f 5954/5954/5954 5953/5953/5953 5956/5956/5956
f 5955/5955/5955 5952/5952/5952 5957/5957/5957
f 5954/5954/5954 5956/5956/5956 5958/5958/5958
f 5959/5959/5959 5955/5955/5955 5957/5957/5957
f 5956/5956/5956 5955/5955/5955 5959/5959/5959
f 5960/5960/5960 5956/5956/5956 5959/5959/5959
f 5956/5956/5956 5960/5960/5960 5958/5958/5958
f 5960/5960/5960 5961/5961/5961 5958/5958/5958
f 5961/5961/5961 5962/5962/5962 5958/5958/5958
f 5963/5963/5963 5959/5959/5959 5957/5957/5957
f 5961/5961/5961 5963/5963/5963 5962/5962/5962
f 5963/5963/5963 5957/5957/5957 5964/5964/5964
f 5963/5963/5963 5964/5964/5964 5962/5962/5962
f 5967/5967/5967 5966/5966/5966 5965/5965/5965
f 5968/5968/5968 5966/5966/5966 5967/5967/5967
f 5966/5966/5966 5969/5969/5969 5965/5965/5965
f 5965/5965/5965 5969/5969/5969 5970/5970/5970
f 5969/5969/5969 5971/5971/5971 5970/5970/5970
f 5972/5972/5972 5966/5966/5966 5968/5968/5968
f 5971/5971/5971 5973/5973/5973 5970/5970/5970
f 5973/5973/5973 5971/5971/5971 5972/5972/5972
f 5973/5973/5973 5974/5974/5974 5970/5970/5970
f 5975/5975/5975 5974/5974/5974 5973/5973/5973
f 5976/5976/5976 5974/5974/5974 5975/5975/5975
f 5977/5977/5977 5973/5973/5973 5972/5972/5972
f 5977/5977/5977 5972/5972/5972 5968/5968/5968
f 5978/5978/5978 5977/5977/5977 5968/5968/5968
f 5976/5976/5976 5975/5975/5975 5979/5979/5979
f 5979/5979/5979 5977/5977/5977 5978/5978/5978
f 5980/5980/5980 5976/5976/5976 5979/5979/5979
f 5980/5980/5980 5979/5979/5979 5978/5978/5978
f 5983/5983/5983 5982/5982/5982 5981/5981/5981
f 5983/5983/5983 5984/5984/5984 5982/5982/5982
f 5985/5985/5985 5983/5983/5983 5981/5981/5981
f 5985/5985/5985 5981/5981/5981 5986/5986/5986
f 5987/5987/5987 5985/5985/5985 5986/5986/5986
f 5983/5983/5983 5988/5988/5988 5984/5984/5984
f 5989/5989/5989 5987/5987/5987 5986/5986/5986
f 5987/5987/5987 5989/5989/5989 5988/5988/5988
f 5990/5990/5990 5989/5989/5989 5986/5986/5986
f 5990/5990/5990 5991/5991/5991 5989/5989/5989
f 5990/5990/5990 5992/5992/5992 5991/5991/5991
f 5989/5989/5989 5993/5993/5993 5988/5988/5988
f 5988/5988/5988 5993/5993/5993 5984/5984/5984
f 5993/5993/5993 5994/5994/5994 5984/5984/5984
f 5991/5991/5991 5992/5992/5992 5995/5995/5995
f 5993/5993/5993 5995/5995/5995 5994/5994/5994
f 5992/5992/5992 5996/5996/5996 5995/5995/5995
f 5995/5995/5995 5996/5996/5996 5994/5994/5994
g st_040_Stadium_1
f 5999/5999/5999 5998/5998/5998 5997/5997/5997
f 6000/6000/6000 5999/5999/5999 5997/5997/5997
f 6003/6003/6003 6002/6002/6002 6001/6001/6001
f 6004/6004/6004 6003/6003/6003 6001/6001/6001
f 6007/6007/6007 6006/6006/6006 6005/6005/6005
f 6008/6008/6008 6007/6007/6007 6005/6005/6005
f 6011/6011/6011 6010/6010/6010 6009/6009/6009
f 6012/6012/6012 6011/6011/6011 6009/6009/6009
f 6015/6015/6015 6014/6014/6014 6013/6013/6013
f 6016/6016/6016 6015/6015/6015 6013/6013/6013
f 6019/6019/6019 6018/6018/6018 6017/6017/6017
f 6020/6020/6020 6019/6019/6019 6017/6017/6017
f 6023/6023/6023 6022/6022/6022 6021/6021/6021
f 6024/6024/6024 6023/6023/6023 6021/6021/6021
f 6027/6027/6027 6026/6026/6026 6025/6025/6025
f 6028/6028/6028 6027/6027/6027 6025/6025/6025
f 6031/6031/6031 6030/6030/6030 6029/6029/6029
f 6032/6032/6032 6031/6031/6031 6029/6029/6029
f 6035/6035/6035 6034/6034/6034 6033/6033/6033
f 6036/6036/6036 6035/6035/6035 6033/6033/6033
f 6039/6039/6039 6038/6038/6038 6037/6037/6037
f 6040/6040/6040 6039/6039/6039 6037/6037/6037
f 6043/6043/6043 6042/6042/6042 6041/6041/6041
f 6044/6044/6044 6043/6043/6043 6041/6041/6041
f 6047/6047/6047 6046/6046/6046 6045/6045/6045
f 6048/6048/6048 6047/6047/6047 6045/6045/6045
f 6051/6051/6051 6050/6050/6050 6049/6049/6049
f 6052/6052/6052 6051/6051/6051 6049/6049/6049
f 6055/6055/6055 6054/6054/6054 6053/6053/6053
f 6056/6056/6056 6055/6055/6055 6053/6053/6053
f 6059/6059/6059 6058/6058/6058 6057/6057/6057
f 6060/6060/6060 6059/6059/6059 6057/6057/6057
f 6063/6063/6063 6062/6062/6062 6061/6061/6061
f 6064/6064/6064 6063/6063/6063 6061/6061/6061
f 6067/6067/6067 6066/6066/6066 6065/6065/6065
f 6068/6068/6068 6067/6067/6067 6065/6065/6065
f 6071/6071/6071 6070/6070/6070 6069/6069/6069
f 6072/6072/6072 6071/6071/6071 6069/6069/6069
f 6075/6075/6075 6074/6074/6074 6073/6073/6073
f 6076/6076/6076 6075/6075/6075 6073/6073/6073
f 6079/6079/6079 6078/6078/6078 6077/6077/6077
f 6080/6080/6080 6079/6079/6079 6077/6077/6077
f 6083/6083/6083 6082/6082/6082 6081/6081/6081
f 6084/6084/6084 6083/6083/6083 6081/6081/6081
f 6087/6087/6087 6086/6086/6086 6085/6085/6085
f 6088/6088/6088 6087/6087/6087 6085/6085/6085
f 6091/6091/6091 6090/6090/6090 6089/6089/6089
f 6092/6092/6092 6091/6091/6091 6089/6089/6089
f 6095/6095/6095 6094/6094/6094 6093/6093/6093
f 6096/6096/6096 6095/6095/6095 6093/6093/6093
f 6099/6099/6099 6098/6098/6098 6097/6097/6097
f 6100/6100/6100 6099/6099/6099 6097/6097/6097
f 6103/6103/6103 6102/6102/6102 6101/6101/6101
f 6104/6104/6104 6103/6103/6103 6101/6101/6101
f 6107/6107/6107 6106/6106/6106 6105/6105/6105
f 6108/6108/6108 6107/6107/6107 6105/6105/6105
f 6111/6111/6111 6110/6110/6110 6109/6109/6109
f 6112/6112/6112 6111/6111/6111 6109/6109/6109
f 6115/6115/6115 6114/6114/6114 6113/6113/6113
f 6116/6116/6116 6115/6115/6115 6113/6113/6113
f 6119/6119/6119 6118/6118/6118 6117/6117/6117
f 6120/6120/6120 6119/6119/6119 6117/6117/6117
f 6123/6123/6123 6122/6122/6122 6121/6121/6121
f 6124/6124/6124 6123/6123/6123 6121/6121/6121
f 6127/6127/6127 6126/6126/6126 6125/6125/6125
f 6128/6128/6128 6127/6127/6127 6125/6125/6125
f 6131/6131/6131 6130/6130/6130 6129/6129/6129
f 6132/6132/6132 6131/6131/6131 6129/6129/6129
f 6135/6135/6135 6134/6134/6134 6133/6133/6133
f 6136/6136/6136 6135/6135/6135 6133/6133/6133
f 6139/6139/6139 6138/6138/6138 6137/6137/6137
f 6140/6140/6140 6139/6139/6139 6137/6137/6137
f 6143/6143/6143 6142/6142/6142 6141/6141/6141
f 6144/6144/6144 6143/6143/6143 6141/6141/6141
f 6147/6147/6147 6146/6146/6146 6145/6145/6145
f 6148/6148/6148 6147/6147/6147 6145/6145/6145
f 6151/6151/6151 6150/6150/6150 6149/6149/6149
f 6152/6152/6152 6151/6151/6151 6149/6149/6149
f 6155/6155/6155 6154/6154/6154 6153/6153/6153
f 6156/6156/6156 6155/6155/6155 6153/6153/6153
f 6159/6159/6159 6158/6158/6158 6157/6157/6157
f 6160/6160/6160 6159/6159/6159 6157/6157/6157
f 6163/6163/6163 6162/6162/6162 6161/6161/6161
f 6164/6164/6164 6163/6163/6163 6161/6161/6161
f 6167/6167/6167 6166/6166/6166 6165/6165/6165
f 6168/6168/6168 6167/6167/6167 6165/6165/6165
f 6171/6171/6171 6170/6170/6170 6169/6169/6169
f 6172/6172/6172 6171/6171/6171 6169/6169/6169
f 6175/6175/6175 6174/6174/6174 6173/6173/6173
f 6176/6176/6176 6175/6175/6175 6173/6173/6173
f 6179/6179/6179 6178/6178/6178 6177/6177/6177
f 6180/6180/6180 6179/6179/6179 6177/6177/6177
f 6183/6183/6183 6182/6182/6182 6181/6181/6181
f 6184/6184/6184 6183/6183/6183 6181/6181/6181
f 6187/6187/6187 6186/6186/6186 6185/6185/6185
f 6188/6188/6188 6187/6187/6187 6185/6185/6185
f 6191/6191/6191 6190/6190/6190 6189/6189/6189
f 6192/6192/6192 6191/6191/6191 6189/6189/6189
f 6195/6195/6195 6194/6194/6194 6193/6193/6193
f 6196/6196/6196 6195/6195/6195 6193/6193/6193
f 6199/6199/6199 6198/6198/6198 6197/6197/6197
f 6200/6200/6200 6199/6199/6199 6197/6197/6197
f 6203/6203/6203 6202/6202/6202 6201/6201/6201
f 6204/6204/6204 6203/6203/6203 6201/6201/6201
f 6207/6207/6207 6206/6206/6206 6205/6205/6205
f 6208/6208/6208 6207/6207/6207 6205/6205/6205
f 6211/6211/6211 6210/6210/6210 6209/6209/6209
f 6212/6212/6212 6211/6211/6211 6209/6209/6209
f 6215/6215/6215 6214/6214/6214 6213/6213/6213
f 6216/6216/6216 6215/6215/6215 6213/6213/6213
f 6219/6219/6219 6218/6218/6218 6217/6217/6217
f 6220/6220/6220 6219/6219/6219 6217/6217/6217
f 6223/6223/6223 6222/6222/6222 6221/6221/6221
f 6224/6224/6224 6223/6223/6223 6221/6221/6221
f 6227/6227/6227 6226/6226/6226 6225/6225/6225
f 6228/6228/6228 6227/6227/6227 6225/6225/6225
f 6231/6231/6231 6230/6230/6230 6229/6229/6229
f 6232/6232/6232 6231/6231/6231 6229/6229/6229
f 6235/6235/6235 6234/6234/6234 6233/6233/6233
f 6236/6236/6236 6235/6235/6235 6233/6233/6233
f 6239/6239/6239 6238/6238/6238 6237/6237/6237
f 6240/6240/6240 6239/6239/6239 6237/6237/6237
f 6243/6243/6243 6242/6242/6242 6241/6241/6241
f 6244/6244/6244 6243/6243/6243 6241/6241/6241
f 6247/6247/6247 6246/6246/6246 6245/6245/6245
f 6248/6248/6248 6247/6247/6247 6245/6245/6245
f 6251/6251/6251 6250/6250/6250 6249/6249/6249
f 6252/6252/6252 6251/6251/6251 6249/6249/6249
f 6255/6255/6255 6254/6254/6254 6253/6253/6253
f 6256/6256/6256 6255/6255/6255 6253/6253/6253
f 6259/6259/6259 6258/6258/6258 6257/6257/6257
f 6260/6260/6260 6259/6259/6259 6257/6257/6257
f 6263/6263/6263 6262/6262/6262 6261/6261/6261
f 6264/6264/6264 6263/6263/6263 6261/6261/6261
f 6267/6267/6267 6266/6266/6266 6265/6265/6265
f 6268/6268/6268 6267/6267/6267 6265/6265/6265
f 6271/6271/6271 6270/6270/6270 6269/6269/6269
f 6272/6272/6272 6271/6271/6271 6269/6269/6269
f 6275/6275/6275 6274/6274/6274 6273/6273/6273
f 6276/6276/6276 6275/6275/6275 6273/6273/6273
f 6279/6279/6279 6278/6278/6278 6277/6277/6277
f 6280/6280/6280 6279/6279/6279 6277/6277/6277
f 6283/6283/6283 6282/6282/6282 6281/6281/6281
f 6284/6284/6284 6283/6283/6283 6281/6281/6281
f 6287/6287/6287 6286/6286/6286 6285/6285/6285
f 6288/6288/6288 6287/6287/6287 6285/6285/6285
f 6291/6291/6291 6290/6290/6290 6289/6289/6289
f 6292/6292/6292 6291/6291/6291 6289/6289/6289
f 6295/6295/6295 6294/6294/6294 6293/6293/6293
f 6296/6296/6296 6295/6295/6295 6293/6293/6293
f 6299/6299/6299 6298/6298/6298 6297/6297/6297
f 6300/6300/6300 6299/6299/6299 6297/6297/6297
f 6303/6303/6303 6302/6302/6302 6301/6301/6301
f 6304/6304/6304 6303/6303/6303 6301/6301/6301
f 6307/6307/6307 6306/6306/6306 6305/6305/6305
f 6308/6308/6308 6307/6307/6307 6305/6305/6305
f 6311/6311/6311 6310/6310/6310 6309/6309/6309
f 6312/6312/6312 6311/6311/6311 6309/6309/6309
f 6315/6315/6315 6314/6314/6314 6313/6313/6313
f 6316/6316/6316 6315/6315/6315 6313/6313/6313
f 6319/6319/6319 6318/6318/6318 6317/6317/6317
f 6320/6320/6320 6319/6319/6319 6317/6317/6317
f 6323/6323/6323 6322/6322/6322 6321/6321/6321
f 6324/6324/6324 6323/6323/6323 6321/6321/6321
f 6327/6327/6327 6326/6326/6326 6325/6325/6325
f 6328/6328/6328 6327/6327/6327 6325/6325/6325
f 6331/6331/6331 6330/6330/6330 6329/6329/6329
f 6332/6332/6332 6331/6331/6331 6329/6329/6329
f 6335/6335/6335 6334/6334/6334 6333/6333/6333
f 6336/6336/6336 6335/6335/6335 6333/6333/6333
f 6339/6339/6339 6338/6338/6338 6337/6337/6337
f 6340/6340/6340 6339/6339/6339 6337/6337/6337
f 6343/6343/6343 6342/6342/6342 6341/6341/6341
f 6344/6344/6344 6343/6343/6343 6341/6341/6341
f 6347/6347/6347 6346/6346/6346 6345/6345/6345
f 6348/6348/6348 6347/6347/6347 6345/6345/6345
f 6351/6351/6351 6350/6350/6350 6349/6349/6349
f 6352/6352/6352 6351/6351/6351 6349/6349/6349
f 6355/6355/6355 6354/6354/6354 6353/6353/6353
f 6356/6356/6356 6355/6355/6355 6353/6353/6353
f 6359/6359/6359 6358/6358/6358 6357/6357/6357
f 6360/6360/6360 6359/6359/6359 6357/6357/6357
f 6363/6363/6363 6362/6362/6362 6361/6361/6361
f 6364/6364/6364 6363/6363/6363 6361/6361/6361
f 6367/6367/6367 6366/6366/6366 6365/6365/6365
f 6368/6368/6368 6367/6367/6367 6365/6365/6365
f 6371/6371/6371 6370/6370/6370 6369/6369/6369
f 6372/6372/6372 6371/6371/6371 6369/6369/6369
f 6375/6375/6375 6374/6374/6374 6373/6373/6373
f 6376/6376/6376 6375/6375/6375 6373/6373/6373
f 6379/6379/6379 6378/6378/6378 6377/6377/6377
f 6380/6380/6380 6379/6379/6379 6377/6377/6377
f 6383/6383/6383 6382/6382/6382 6381/6381/6381
f 6384/6384/6384 6383/6383/6383 6381/6381/6381
f 6387/6387/6387 6386/6386/6386 6385/6385/6385
f 6388/6388/6388 6387/6387/6387 6385/6385/6385
f 6391/6391/6391 6390/6390/6390 6389/6389/6389
f 6392/6392/6392 6391/6391/6391 6389/6389/6389
f 6395/6395/6395 6394/6394/6394 6393/6393/6393
f 6396/6396/6396 6395/6395/6395 6393/6393/6393
f 6399/6399/6399 6398/6398/6398 6397/6397/6397
f 6400/6400/6400 6399/6399/6399 6397/6397/6397
f 6403/6403/6403 6402/6402/6402 6401/6401/6401
f 6404/6404/6404 6403/6403/6403 6401/6401/6401
f 6407/6407/6407 6406/6406/6406 6405/6405/6405
f 6408/6408/6408 6407/6407/6407 6405/6405/6405
f 6411/6411/6411 6410/6410/6410 6409/6409/6409
f 6412/6412/6412 6411/6411/6411 6409/6409/6409
f 6415/6415/6415 6414/6414/6414 6413/6413/6413
f 6416/6416/6416 6415/6415/6415 6413/6413/6413
f 6419/6419/6419 6418/6418/6418 6417/6417/6417
f 6420/6420/6420 6419/6419/6419 6417/6417/6417
f 6423/6423/6423 6422/6422/6422 6421/6421/6421
f 6424/6424/6424 6423/6423/6423 6421/6421/6421
f 6427/6427/6427 6426/6426/6426 6425/6425/6425
f 6428/6428/6428 6427/6427/6427 6425/6425/6425
f 6431/6431/6431 6430/6430/6430 6429/6429/6429
f 6432/6432/6432 6431/6431/6431 6429/6429/6429
f 6435/6435/6435 6434/6434/6434 6433/6433/6433
f 6436/6436/6436 6435/6435/6435 6433/6433/6433
f 6439/6439/6439 6438/6438/6438 6437/6437/6437
f 6440/6440/6440 6439/6439/6439 6437/6437/6437
f 6443/6443/6443 6442/6442/6442 6441/6441/6441
f 6444/6444/6444 6443/6443/6443 6441/6441/6441
f 6447/6447/6447 6446/6446/6446 6445/6445/6445
f 6448/6448/6448 6447/6447/6447 6445/6445/6445
f 6451/6451/6451 6450/6450/6450 6449/6449/6449
f 6452/6452/6452 6451/6451/6451 6449/6449/6449
f 6455/6455/6455 6454/6454/6454 6453/6453/6453
f 6456/6456/6456 6455/6455/6455 6453/6453/6453
f 6459/6459/6459 6458/6458/6458 6457/6457/6457
f 6460/6460/6460 6459/6459/6459 6457/6457/6457
f 6463/6463/6463 6462/6462/6462 6461/6461/6461
f 6464/6464/6464 6463/6463/6463 6461/6461/6461
f 6467/6467/6467 6466/6466/6466 6465/6465/6465
f 6468/6468/6468 6467/6467/6467 6465/6465/6465
f 6471/6471/6471 6470/6470/6470 6469/6469/6469
f 6472/6472/6472 6471/6471/6471 6469/6469/6469
f 6475/6475/6475 6474/6474/6474 6473/6473/6473
f 6476/6476/6476 6475/6475/6475 6473/6473/6473
f 6479/6479/6479 6478/6478/6478 6477/6477/6477
f 6480/6480/6480 6479/6479/6479 6477/6477/6477
f 6483/6483/6483 6482/6482/6482 6481/6481/6481
f 6484/6484/6484 6483/6483/6483 6481/6481/6481
f 6487/6487/6487 6486/6486/6486 6485/6485/6485
f 6488/6488/6488 6487/6487/6487 6485/6485/6485
f 6491/6491/6491 6490/6490/6490 6489/6489/6489
f 6492/6492/6492 6491/6491/6491 6489/6489/6489
f 6495/6495/6495 6494/6494/6494 6493/6493/6493
f 6496/6496/6496 6495/6495/6495 6493/6493/6493
f 6499/6499/6499 6498/6498/6498 6497/6497/6497
f 6500/6500/6500 6499/6499/6499 6497/6497/6497
f 6503/6503/6503 6502/6502/6502 6501/6501/6501
f 6504/6504/6504 6503/6503/6503 6501/6501/6501
f 6507/6507/6507 6506/6506/6506 6505/6505/6505
f 6508/6508/6508 6507/6507/6507 6505/6505/6505
f 6511/6511/6511 6510/6510/6510 6509/6509/6509
f 6512/6512/6512 6511/6511/6511 6509/6509/6509
f 6515/6515/6515 6514/6514/6514 6513/6513/6513
f 6516/6516/6516 6515/6515/6515 6513/6513/6513
f 6519/6519/6519 6518/6518/6518 6517/6517/6517
f 6520/6520/6520 6519/6519/6519 6517/6517/6517
f 6523/6523/6523 6522/6522/6522 6521/6521/6521
f 6524/6524/6524 6523/6523/6523 6521/6521/6521
f 6527/6527/6527 6526/6526/6526 6525/6525/6525
f 6528/6528/6528 6527/6527/6527 6525/6525/6525
f 6531/6531/6531 6530/6530/6530 6529/6529/6529
f 6532/6532/6532 6531/6531/6531 6529/6529/6529
f 6535/6535/6535 6534/6534/6534 6533/6533/6533
f 6536/6536/6536 6535/6535/6535 6533/6533/6533
f 6539/6539/6539 6538/6538/6538 6537/6537/6537
f 6540/6540/6540 6539/6539/6539 6537/6537/6537
f 6543/6543/6543 6542/6542/6542 6541/6541/6541
f 6544/6544/6544 6543/6543/6543 6541/6541/6541
f 6547/6547/6547 6546/6546/6546 6545/6545/6545
f 6548/6548/6548 6547/6547/6547 6545/6545/6545
f 6551/6551/6551 6550/6550/6550 6549/6549/6549
f 6552/6552/6552 6551/6551/6551 6549/6549/6549
f 6555/6555/6555 6554/6554/6554 6553/6553/6553
f 6556/6556/6556 6555/6555/6555 6553/6553/6553
f 6559/6559/6559 6558/6558/6558 6557/6557/6557
f 6560/6560/6560 6559/6559/6559 6557/6557/6557
f 6563/6563/6563 6562/6562/6562 6561/6561/6561
f 6564/6564/6564 6563/6563/6563 6561/6561/6561
f 6567/6567/6567 6566/6566/6566 6565/6565/6565
f 6568/6568/6568 6567/6567/6567 6565/6565/6565
f 6571/6571/6571 6570/6570/6570 6569/6569/6569
f 6572/6572/6572 6571/6571/6571 6569/6569/6569
f 6575/6575/6575 6574/6574/6574 6573/6573/6573
f 6576/6576/6576 6575/6575/6575 6573/6573/6573
f 6579/6579/6579 6578/6578/6578 6577/6577/6577
f 6580/6580/6580 6579/6579/6579 6577/6577/6577
f 6583/6583/6583 6582/6582/6582 6581/6581/6581
f 6584/6584/6584 6583/6583/6583 6581/6581/6581
f 6587/6587/6587 6586/6586/6586 6585/6585/6585
f 6588/6588/6588 6587/6587/6587 6585/6585/6585
f 6591/6591/6591 6590/6590/6590 6589/6589/6589
f 6592/6592/6592 6591/6591/6591 6589/6589/6589
f 6595/6595/6595 6594/6594/6594 6593/6593/6593
f 6596/6596/6596 6595/6595/6595 6593/6593/6593
f 6599/6599/6599 6598/6598/6598 6597/6597/6597
f 6600/6600/6600 6599/6599/6599 6597/6597/6597
f 6603/6603/6603 6602/6602/6602 6601/6601/6601
f 6604/6604/6604 6603/6603/6603 6601/6601/6601
f 6607/6607/6607 6606/6606/6606 6605/6605/6605
f 6608/6608/6608 6607/6607/6607 6605/6605/6605
f 6611/6611/6611 6610/6610/6610 6609/6609/6609
f 6612/6612/6612 6611/6611/6611 6609/6609/6609
f 6615/6615/6615 6614/6614/6614 6613/6613/6613
f 6616/6616/6616 6615/6615/6615 6613/6613/6613
f 6619/6619/6619 6618/6618/6618 6617/6617/6617
f 6620/6620/6620 6619/6619/6619 6617/6617/6617
f 6623/6623/6623 6622/6622/6622 6621/6621/6621
f 6624/6624/6624 6623/6623/6623 6621/6621/6621
f 6627/6627/6627 6626/6626/6626 6625/6625/6625
f 6628/6628/6628 6627/6627/6627 6625/6625/6625
f 6631/6631/6631 6630/6630/6630 6629/6629/6629
f 6632/6632/6632 6631/6631/6631 6629/6629/6629
f 6635/6635/6635 6634/6634/6634 6633/6633/6633
f 6636/6636/6636 6635/6635/6635 6633/6633/6633
f 6639/6639/6639 6638/6638/6638 6637/6637/6637
f 6640/6640/6640 6639/6639/6639 6637/6637/6637
g st_040_Stadium_2
f 6643/6643/6643 6642/6642/6642 6641/6641/6641
f 6642/6642/6642 6644/6644/6644 6641/6641/6641
f 6645/6645/6645 6644/6644/6644 6642/6642/6642
f 6646/6646/6646 6645/6645/6645 6642/6642/6642
f 6647/6647/6647 6645/6645/6645 6646/6646/6646
f 6648/6648/6648 6647/6647/6647 6646/6646/6646
f 6651/6651/6651 6650/6650/6650 6649/6649/6649
f 6652/6652/6652 6651/6651/6651 6649/6649/6649
f 6653/6653/6653 6651/6651/6651 6652/6652/6652
f 6654/6654/6654 6653/6653/6653 6652/6652/6652
f 6654/6654/6654 6655/6655/6655 6653/6653/6653
f 6655/6655/6655 6656/6656/6656 6653/6653/6653
f 6659/6659/6659 6658/6658/6658 6657/6657/6657
f 6660/6660/6660 6659/6659/6659 6657/6657/6657
f 6663/6663/6663 6662/6662/6662 6661/6661/6661
f 6664/6664/6664 6663/6663/6663 6661/6661/6661
f 6667/6667/6667 6666/6666/6666 6665/6665/6665
f 6668/6668/6668 6667/6667/6667 6665/6665/6665
f 6671/6671/6671 6670/6670/6670 6669/6669/6669
f 6672/6672/6672 6671/6671/6671 6669/6669/6669
f 6675/6675/6675 6674/6674/6674 6673/6673/6673
f 6676/6676/6676 6675/6675/6675 6673/6673/6673
f 6676/6676/6676 6677/6677/6677 6675/6675/6675
f 6677/6677/6677 6678/6678/6678 6675/6675/6675
f 6677/6677/6677 6679/6679/6679 6678/6678/6678
f 6679/6679/6679 6680/6680/6680 6678/6678/6678
f 6683/6683/6683 6682/6682/6682 6681/6681/6681
f 6682/6682/6682 6684/6684/6684 6681/6681/6681
f 6682/6682/6682 6685/6685/6685 6684/6684/6684
f 6685/6685/6685 6686/6686/6686 6684/6684/6684
f 6687/6687/6687 6686/6686/6686 6685/6685/6685
f 6688/6688/6688 6687/6687/6687 6685/6685/6685
f 6691/6691/6691 6690/6690/6690 6689/6689/6689
f 6692/6692/6692 6691/6691/6691 6689/6689/6689
f 6695/6695/6695 6694/6694/6694 6693/6693/6693
f 6696/6696/6696 6695/6695/6695 6693/6693/6693
f 6699/6699/6699 6698/6698/6698 6697/6697/6697
f 6700/6700/6700 6699/6699/6699 6697/6697/6697
f 6703/6703/6703 6702/6702/6702 6701/6701/6701
f 6704/6704/6704 6703/6703/6703 6701/6701/6701
f 6707/6707/6707 6706/6706/6706 6705/6705/6705
f 6708/6708/6708 6707/6707/6707 6705/6705/6705
f 6708/6708/6708 6709/6709/6709 6707/6707/6707
f 6709/6709/6709 6710/6710/6710 6707/6707/6707
f 6709/6709/6709 6711/6711/6711 6710/6710/6710
f 6711/6711/6711 6712/6712/6712 6710/6710/6710
f 6715/6715/6715 6714/6714/6714 6713/6713/6713
f 6714/6714/6714 6716/6716/6716 6713/6713/6713
f 6714/6714/6714 6717/6717/6717 6716/6716/6716
f 6717/6717/6717 6718/6718/6718 6716/6716/6716
f 6719/6719/6719 6718/6718/6718 6717/6717/6717
f 6720/6720/6720 6719/6719/6719 6717/6717/6717
f 6723/6723/6723 6722/6722/6722 6721/6721/6721
f 6724/6724/6724 6723/6723/6723 6721/6721/6721
f 6727/6727/6727 6726/6726/6726 6725/6725/6725
f 6728/6728/6728 6727/6727/6727 6725/6725/6725
f 6731/6731/6731 6730/6730/6730 6729/6729/6729
f 6732/6732/6732 6731/6731/6731 6729/6729/6729
f 6735/6735/6735 6734/6734/6734 6733/6733/6733
f 6736/6736/6736 6735/6735/6735 6733/6733/6733
f 6739/6739/6739 6738/6738/6738 6737/6737/6737
f 6738/6738/6738 6740/6740/6740 6737/6737/6737
f 6741/6741/6741 6740/6740/6740 6738/6738/6738
f 6742/6742/6742 6741/6741/6741 6738/6738/6738
f 6743/6743/6743 6741/6741/6741 6742/6742/6742
f 6744/6744/6744 6743/6743/6743 6742/6742/6742
f 6747/6747/6747 6746/6746/6746 6745/6745/6745
f 6748/6748/6748 6747/6747/6747 6745/6745/6745
f 6751/6751/6751 6750/6750/6750 6749/6749/6749
f 6752/6752/6752 6751/6751/6751 6749/6749/6749
f 6755/6755/6755 6754/6754/6754 6753/6753/6753
f 6756/6756/6756 6755/6755/6755 6753/6753/6753
f 6756/6756/6756 6757/6757/6757 6755/6755/6755
f 6757/6757/6757 6758/6758/6758 6755/6755/6755
f 6761/6761/6761 6760/6760/6760 6759/6759/6759
f 6762/6762/6762 6761/6761/6761 6759/6759/6759
f 6765/6765/6765 6764/6764/6764 6763/6763/6763
f 6766/6766/6766 6765/6765/6765 6763/6763/6763
f 6769/6769/6769 6768/6768/6768 6767/6767/6767
f 6770/6770/6770 6769/6769/6769 6767/6767/6767
g st_040_Stadium_3
f 6773/6773/6773 6772/6772/6772 6771/6771/6771
f 6774/6774/6774 6773/6773/6773 6771/6771/6771
f 6775/6775/6775 6773/6773/6773 6774/6774/6774
f 6776/6776/6776 6775/6775/6775 6774/6774/6774
f 6775/6775/6775 6776/6776/6776 6777/6777/6777
f 6778/6778/6778 6775/6775/6775 6777/6777/6777
f 6777/6777/6777 6780/6780/6780 6779/6779/6779
f 6780/6780/6780 6781/6781/6781 6779/6779/6779
f 6782/6782/6782 6777/6777/6777 6779/6779/6779
f 6781/6781/6781 6783/6783/6783 6779/6779/6779
f 6783/6783/6783 6784/6784/6784 6779/6779/6779
f 6784/6784/6784 6785/6785/6785 6779/6779/6779
f 6786/6786/6786 6782/6782/6782 6779/6779/6779
f 6785/6785/6785 6786/6786/6786 6779/6779/6779
f 6788/6788/6788 6787/6787/6787 6786/6786/6786
f 6789/6789/6789 6788/6788/6788 6786/6786/6786
f 6788/6788/6788 6789/6789/6789 6790/6790/6790
f 6791/6791/6791 6788/6788/6788 6790/6790/6790
f 6791/6791/6791 6790/6790/6790 6792/6792/6792
f 6793/6793/6793 6791/6791/6791 6792/6792/6792
f 6794/6794/6794 6793/6793/6793 6792/6792/6792
f 6792/6792/6792 6795/6795/6795 6794/6794/6794
f 6792/6792/6792 6796/6796/6796 6795/6795/6795
f 6795/6795/6795 6796/6796/6796 6797/6797/6797
f 6798/6798/6798 6795/6795/6795 6797/6797/6797
f 6798/6798/6798 6797/6797/6797 6799/6799/6799
f 6800/6800/6800 6798/6798/6798 6799/6799/6799
f 6801/6801/6801 6800/6800/6800 6799/6799/6799
f 6802/6802/6802 6801/6801/6801 6799/6799/6799
f 6805/6805/6805 6804/6804/6804 6803/6803/6803
f 6806/6806/6806 6805/6805/6805 6803/6803/6803
f 6807/6807/6807 6806/6806/6806 6803/6803/6803
f 6808/6808/6808 6807/6807/6807 6803/6803/6803
f 6809/6809/6809 6807/6807/6807 6808/6808/6808
f 6810/6810/6810 6809/6809/6809 6808/6808/6808
f 6809/6809/6809 6810/6810/6810 6811/6811/6811
f 6810/6810/6810 6812/6812/6812 6811/6811/6811
g st_040_Stadium_4
f 6815/6815/6815 6814/6814/6814 6813/6813/6813
f 6818/6818/6818 6817/6817/6817 6816/6816/6816
f 6821/6821/6821 6820/6820/6820 6819/6819/6819
f 6824/6824/6824 6823/6823/6823 6822/6822/6822
f 6827/6827/6827 6826/6826/6826 6825/6825/6825
f 6830/6830/6830 6829/6829/6829 6828/6828/6828
f 6833/6833/6833 6832/6832/6832 6831/6831/6831
f 6836/6836/6836 6835/6835/6835 6834/6834/6834
f 6839/6839/6839 6838/6838/6838 6837/6837/6837
f 6840/6840/6840 6839/6839/6839 6837/6837/6837
f 6840/6840/6840 6837/6837/6837 6841/6841/6841
f 6842/6842/6842 6840/6840/6840 6841/6841/6841
f 6842/6842/6842 6841/6841/6841 6843/6843/6843
f 6844/6844/6844 6842/6842/6842 6843/6843/6843
f 6844/6844/6844 6843/6843/6843 6845/6845/6845
f 6843/6843/6843 6846/6846/6846 6845/6845/6845
f 6844/6844/6844 6845/6845/6845 6847/6847/6847
f 6848/6848/6848 6844/6844/6844 6847/6847/6847
f 6848/6848/6848 6847/6847/6847 6849/6849/6849
f 6850/6850/6850 6848/6848/6848 6849/6849/6849
f 6853/6853/6853 6852/6852/6852 6851/6851/6851
f 6852/6852/6852 6854/6854/6854 6851/6851/6851
f 6852/6852/6852 6855/6855/6855 6854/6854/6854
f 6855/6855/6855 6856/6856/6856 6854/6854/6854
f 6855/6855/6855 6857/6857/6857 6856/6856/6856
f 6857/6857/6857 6858/6858/6858 6856/6856/6856
f 6857/6857/6857 6859/6859/6859 6858/6858/6858
f 6859/6859/6859 6860/6860/6860 6858/6858/6858
f 6863/6863/6863 6862/6862/6862 6861/6861/6861
f 6864/6864/6864 6863/6863/6863 6861/6861/6861
f 6867/6867/6867 6866/6866/6866 6865/6865/6865
f 6868/6868/6868 6867/6867/6867 6865/6865/6865
f 6871/6871/6871 6870/6870/6870 6869/6869/6869
f 6872/6872/6872 6871/6871/6871 6869/6869/6869
f 6875/6875/6875 6874/6874/6874 6873/6873/6873
f 6876/6876/6876 6875/6875/6875 6873/6873/6873
f 6877/6877/6877 6876/6876/6876 6873/6873/6873
f 6879/6879/6879 6878/6878/6878 6876/6876/6876
f 6880/6880/6880 6879/6879/6879 6876/6876/6876
f 6883/6883/6883 6882/6882/6882 6881/6881/6881
f 6884/6884/6884 6883/6883/6883 6881/6881/6881
f 6887/6887/6887 6886/6886/6886 6885/6885/6885
f 6885/6885/6885 6888/6888/6888 6887/6887/6887
f 6888/6888/6888 6889/6889/6889 6887/6887/6887
f 6892/6892/6892 6891/6891/6891 6890/6890/6890
f 6892/6892/6892 6890/6890/6890 6893/6893/6893
f 6894/6894/6894 6892/6892/6892 6893/6893/6893
f 6893/6893/6893 6895/6895/6895 6894/6894/6894
f 6898/6898/6898 6897/6897/6897 6896/6896/6896
f 6899/6899/6899 6898/6898/6898 6896/6896/6896
f 6899/6899/6899 6896/6896/6896 6900/6900/6900
f 6901/6901/6901 6899/6899/6899 6900/6900/6900
f 6902/6902/6902 6899/6899/6899 6901/6901/6901
f 6903/6903/6903 6898/6898/6898 6899/6899/6899
f 6902/6902/6902 6904/6904/6904 6899/6899/6899
f 6904/6904/6904 6903/6903/6903 6899/6899/6899
f 6903/6903/6903 6905/6905/6905 6898/6898/6898
f 6905/6905/6905 6906/6906/6906 6898/6898/6898
f 6907/6907/6907 6905/6905/6905 6903/6903/6903
f 6908/6908/6908 6904/6904/6904 6902/6902/6902
f 6909/6909/6909 6908/6908/6908 6902/6902/6902
f 6910/6910/6910 6908/6908/6908 6909/6909/6909
f 6911/6911/6911 6908/6908/6908 6910/6910/6910
f 6912/6912/6912 6903/6903/6903 6904/6904/6904
f 6908/6908/6908 6912/6912/6912 6904/6904/6904
f 6911/6911/6911 6912/6912/6912 6908/6908/6908
f 6912/6912/6912 6907/6907/6907 6903/6903/6903
f 6911/6911/6911 6907/6907/6907 6912/6912/6912
f 6913/6913/6913 6907/6907/6907 6911/6911/6911
f 6913/6913/6913 6914/6914/6914 6907/6907/6907
f 6917/6917/6917 6916/6916/6916 6915/6915/6915
f 6916/6916/6916 6918/6918/6918 6915/6915/6915
f 6915/6915/6915 6918/6918/6918 6919/6919/6919
f 6918/6918/6918 6920/6920/6920 6919/6919/6919
f 6923/6923/6923 6922/6922/6922 6921/6921/6921
f 6924/6924/6924 6923/6923/6923 6921/6921/6921
f 6924/6924/6924 6921/6921/6921 6925/6925/6925
f 6926/6926/6926 6924/6924/6924 6925/6925/6925
f 6926/6926/6926 6925/6925/6925 6927/6927/6927
f 6928/6928/6928 6926/6926/6926 6927/6927/6927
f 6928/6928/6928 6927/6927/6927 6929/6929/6929
f 6930/6930/6930 6928/6928/6928 6929/6929/6929
f 6933/6933/6933 6932/6932/6932 6931/6931/6931
f 6934/6934/6934 6933/6933/6933 6931/6931/6931
f 6935/6935/6935 6933/6933/6933 6934/6934/6934
f 6936/6936/6936 6935/6935/6935 6934/6934/6934
f 6939/6939/6939 6938/6938/6938 6937/6937/6937
f 6940/6940/6940 6939/6939/6939 6937/6937/6937
f 6941/6941/6941 6940/6940/6940 6937/6937/6937
f 6942/6942/6942 6941/6941/6941 6937/6937/6937
f 6945/6945/6945 6944/6944/6944 6943/6943/6943
f 6946/6946/6946 6945/6945/6945 6943/6943/6943
f 6946/6946/6946 6943/6943/6943 6947/6947/6947
f 6948/6948/6948 6945/6945/6945 6946/6946/6946
f 6949/6949/6949 6946/6946/6946 6947/6947/6947
f 6950/6950/6950 6948/6948/6948 6946/6946/6946
f 6950/6950/6950 6946/6946/6946 6949/6949/6949
f 6951/6951/6951 6948/6948/6948 6950/6950/6950
f 6951/6951/6951 6952/6952/6952 6948/6948/6948
f 6953/6953/6953 6952/6952/6952 6951/6951/6951
f 6954/6954/6954 6953/6953/6953 6951/6951/6951
f 6955/6955/6955 6950/6950/6950 6949/6949/6949
f 6951/6951/6951 6950/6950/6950 6955/6955/6955
f 6955/6955/6955 6949/6949/6949 6956/6956/6956
f 6957/6957/6957 6955/6955/6955 6956/6956/6956
f 6958/6958/6958 6951/6951/6951 6955/6955/6955
f 6958/6958/6958 6955/6955/6955 6957/6957/6957
f 6954/6954/6954 6951/6951/6951 6958/6958/6958
f 6959/6959/6959 6958/6958/6958 6957/6957/6957
f 6954/6954/6954 6958/6958/6958 6959/6959/6959
f 6960/6960/6960 6954/6954/6954 6959/6959/6959
f 6960/6960/6960 6959/6959/6959 6961/6961/6961
f 6964/6964/6964 6963/6963/6963 6962/6962/6962
f 6965/6965/6965 6964/6964/6964 6962/6962/6962
f 6965/6965/6965 6962/6962/6962 6966/6966/6966
f 6967/6967/6967 6965/6965/6965 6966/6966/6966
f 6967/6967/6967 6966/6966/6966 6968/6968/6968
f 6969/6969/6969 6967/6967/6967 6968/6968/6968
f 6969/6969/6969 6968/6968/6968 6970/6970/6970
f 6968/6968/6968 6971/6971/6971 6970/6970/6970
f 6969/6969/6969 6970/6970/6970 6972/6972/6972
f 6973/6973/6973 6969/6969/6969 6972/6972/6972
f 6973/6973/6973 6972/6972/6972 6974/6974/6974
f 6975/6975/6975 6973/6973/6973 6974/6974/6974
f 6978/6978/6978 6977/6977/6977 6976/6976/6976
f 6977/6977/6977 6979/6979/6979 6976/6976/6976
f 6977/6977/6977 6980/6980/6980 6979/6979/6979
f 6980/6980/6980 6981/6981/6981 6979/6979/6979
f 6980/6980/6980 6982/6982/6982 6981/6981/6981
f 6982/6982/6982 6983/6983/6983 6981/6981/6981
f 6982/6982/6982 6984/6984/6984 6983/6983/6983
f 6984/6984/6984 6985/6985/6985 6983/6983/6983
f 6988/6988/6988 6987/6987/6987 6986/6986/6986
f 6989/6989/6989 6988/6988/6988 6986/6986/6986
f 6992/6992/6992 6991/6991/6991 6990/6990/6990
f 6993/6993/6993 6992/6992/6992 6990/6990/6990
f 6996/6996/6996 6995/6995/6995 6994/6994/6994
f 6997/6997/6997 6996/6996/6996 6994/6994/6994
f 7000/7000/7000 6999/6999/6999 6998/6998/6998
f 7001/7001/7001 7000/7000/7000 6998/6998/6998
f 7002/7002/7002 7001/7001/7001 6998/6998/6998
f 7004/7004/7004 7003/7003/7003 7001/7001/7001
f 7005/7005/7005 7004/7004/7004 7001/7001/7001
f 7008/7008/7008 7007/7007/7007 7006/7006/7006
f 7009/7009/7009 7008/7008/7008 7006/7006/7006
f 7012/7012/7012 7011/7011/7011 7010/7010/7010
f 7010/7010/7010 7013/7013/7013 7012/7012/7012
f 7013/7013/7013 7014/7014/7014 7012/7012/7012
f 7014/7014/7014 7015/7015/7015 7012/7012/7012
f 7018/7018/7018 7017/7017/7017 7016/7016/7016
f 7019/7019/7019 7018/7018/7018 7016/7016/7016
f 7019/7019/7019 7016/7016/7016 7020/7020/7020
f 7020/7020/7020 7021/7021/7021 7019/7019/7019
f 7024/7024/7024 7023/7023/7023 7022/7022/7022
f 7025/7025/7025 7024/7024/7024 7022/7022/7022
f 7025/7025/7025 7022/7022/7022 7026/7026/7026
f 7027/7027/7027 7025/7025/7025 7026/7026/7026
f 7028/7028/7028 7025/7025/7025 7027/7027/7027
f 7029/7029/7029 7024/7024/7024 7025/7025/7025
f 7028/7028/7028 7030/7030/7030 7025/7025/7025
f 7030/7030/7030 7029/7029/7029 7025/7025/7025
f 7029/7029/7029 7031/7031/7031 7024/7024/7024
f 7031/7031/7031 7032/7032/7032 7024/7024/7024
f 7033/7033/7033 7031/7031/7031 7029/7029/7029
f 7034/7034/7034 7030/7030/7030 7028/7028/7028
f 7035/7035/7035 7034/7034/7034 7028/7028/7028
f 7036/7036/7036 7034/7034/7034 7035/7035/7035
f 7037/7037/7037 7034/7034/7034 7036/7036/7036
f 7038/7038/7038 7029/7029/7029 7030/7030/7030
f 7034/7034/7034 7038/7038/7038 7030/7030/7030
f 7037/7037/7037 7038/7038/7038 7034/7034/7034
f 7038/7038/7038 7033/7033/7033 7029/7029/7029
f 7037/7037/7037 7033/7033/7033 7038/7038/7038
f 7039/7039/7039 7033/7033/7033 7037/7037/7037
f 7039/7039/7039 7040/7040/7040 7033/7033/7033
f 7043/7043/7043 7042/7042/7042 7041/7041/7041
f 7042/7042/7042 7044/7044/7044 7041/7041/7041
f 7041/7041/7041 7044/7044/7044 7045/7045/7045
f 7044/7044/7044 7046/7046/7046 7045/7045/7045
f 7049/7049/7049 7048/7048/7048 7047/7047/7047
f 7050/7050/7050 7049/7049/7049 7047/7047/7047
f 7050/7050/7050 7047/7047/7047 7051/7051/7051
f 7052/7052/7052 7050/7050/7050 7051/7051/7051
f 7052/7052/7052 7051/7051/7051 7053/7053/7053
f 7054/7054/7054 7052/7052/7052 7053/7053/7053
f 7054/7054/7054 7053/7053/7053 7055/7055/7055
f 7056/7056/7056 7054/7054/7054 7055/7055/7055
f 7059/7059/7059 7058/7058/7058 7057/7057/7057
f 7060/7060/7060 7059/7059/7059 7057/7057/7057
f 7061/7061/7061 7059/7059/7059 7060/7060/7060
f 7062/7062/7062 7061/7061/7061 7060/7060/7060
f 7065/7065/7065 7064/7064/7064 7063/7063/7063
f 7066/7066/7066 7065/7065/7065 7063/7063/7063
f 7067/7067/7067 7066/7066/7066 7063/7063/7063
f 7068/7068/7068 7067/7067/7067 7063/7063/7063
f 7071/7071/7071 7070/7070/7070 7069/7069/7069
f 7072/7072/7072 7071/7071/7071 7069/7069/7069
f 7072/7072/7072 7069/7069/7069 7073/7073/7073
f 7074/7074/7074 7071/7071/7071 7072/7072/7072
f 7075/7075/7075 7072/7072/7072 7073/7073/7073
f 7076/7076/7076 7074/7074/7074 7072/7072/7072
f 7076/7076/7076 7072/7072/7072 7075/7075/7075
f 7077/7077/7077 7074/7074/7074 7076/7076/7076
f 7077/7077/7077 7078/7078/7078 7074/7074/7074
f 7079/7079/7079 7078/7078/7078 7077/7077/7077
f 7080/7080/7080 7079/7079/7079 7077/7077/7077
f 7081/7081/7081 7076/7076/7076 7075/7075/7075
f 7077/7077/7077 7076/7076/7076 7081/7081/7081
f 7081/7081/7081 7075/7075/7075 7082/7082/7082
f 7083/7083/7083 7081/7081/7081 7082/7082/7082
f 7084/7084/7084 7077/7077/7077 7081/7081/7081
f 7084/7084/7084 7081/7081/7081 7083/7083/7083
f 7080/7080/7080 7077/7077/7077 7084/7084/7084
f 7085/7085/7085 7084/7084/7084 7083/7083/7083
f 7080/7080/7080 7084/7084/7084 7085/7085/7085
f 7086/7086/7086 7080/7080/7080 7085/7085/7085
f 7086/7086/7086 7085/7085/7085 7087/7087/7087
f 7090/7090/7090 7089/7089/7089 7088/7088/7088
f 7091/7091/7091 7090/7090/7090 7088/7088/7088
f 7091/7091/7091 7088/7088/7088 7092/7092/7092
f 7093/7093/7093 7091/7091/7091 7092/7092/7092
f 7093/7093/7093 7092/7092/7092 7094/7094/7094
f 7095/7095/7095 7093/7093/7093 7094/7094/7094
f 7095/7095/7095 7094/7094/7094 7096/7096/7096
f 7094/7094/7094 7097/7097/7097 7096/7096/7096
f 7095/7095/7095 7096/7096/7096 7098/7098/7098
f 7099/7099/7099 7095/7095/7095 7098/7098/7098
f 7099/7099/7099 7098/7098/7098 7100/7100/7100
f 7101/7101/7101 7099/7099/7099 7100/7100/7100
f 7104/7104/7104 7103/7103/7103 7102/7102/7102
f 7103/7103/7103 7105/7105/7105 7102/7102/7102
f 7103/7103/7103 7106/7106/7106 7105/7105/7105
f 7106/7106/7106 7107/7107/7107 7105/7105/7105
f 7106/7106/7106 7108/7108/7108 7107/7107/7107
f 7108/7108/7108 7109/7109/7109 7107/7107/7107
f 7108/7108/7108 7110/7110/7110 7109/7109/7109
f 7110/7110/7110 7111/7111/7111 7109/7109/7109
f 7114/7114/7114 7113/7113/7113 7112/7112/7112
f 7115/7115/7115 7114/7114/7114 7112/7112/7112
f 7118/7118/7118 7117/7117/7117 7116/7116/7116
f 7119/7119/7119 7118/7118/7118 7116/7116/7116
f 7122/7122/7122 7121/7121/7121 7120/7120/7120
f 7123/7123/7123 7122/7122/7122 7120/7120/7120
f 7126/7126/7126 7125/7125/7125 7124/7124/7124
f 7127/7127/7127 7126/7126/7126 7124/7124/7124
f 7128/7128/7128 7127/7127/7127 7124/7124/7124
f 7130/7130/7130 7129/7129/7129 7127/7127/7127
f 7131/7131/7131 7130/7130/7130 7127/7127/7127
f 7134/7134/7134 7133/7133/7133 7132/7132/7132
f 7135/7135/7135 7134/7134/7134 7132/7132/7132
f 7138/7138/7138 7137/7137/7137 7136/7136/7136
f 7136/7136/7136 7139/7139/7139 7138/7138/7138
f 7139/7139/7139 7140/7140/7140 7138/7138/7138
f 7140/7140/7140 7141/7141/7141 7138/7138/7138
f 7144/7144/7144 7143/7143/7143 7142/7142/7142
f 7144/7144/7144 7142/7142/7142 7145/7145/7145
f 7146/7146/7146 7144/7144/7144 7145/7145/7145
f 7145/7145/7145 7147/7147/7147 7146/7146/7146
f 7150/7150/7150 7149/7149/7149 7148/7148/7148
f 7151/7151/7151 7150/7150/7150 7148/7148/7148
f 7151/7151/7151 7148/7148/7148 7152/7152/7152
f 7153/7153/7153 7151/7151/7151 7152/7152/7152
f 7154/7154/7154 7151/7151/7151 7153/7153/7153
f 7155/7155/7155 7150/7150/7150 7151/7151/7151
f 7154/7154/7154 7156/7156/7156 7151/7151/7151
f 7156/7156/7156 7155/7155/7155 7151/7151/7151
f 7155/7155/7155 7157/7157/7157 7150/7150/7150
f 7157/7157/7157 7158/7158/7158 7150/7150/7150
f 7159/7159/7159 7157/7157/7157 7155/7155/7155
f 7160/7160/7160 7156/7156/7156 7154/7154/7154
f 7161/7161/7161 7160/7160/7160 7154/7154/7154
f 7162/7162/7162 7160/7160/7160 7161/7161/7161
f 7163/7163/7163 7160/7160/7160 7162/7162/7162
f 7164/7164/7164 7155/7155/7155 7156/7156/7156
f 7160/7160/7160 7164/7164/7164 7156/7156/7156
f 7163/7163/7163 7164/7164/7164 7160/7160/7160
f 7164/7164/7164 7159/7159/7159 7155/7155/7155
f 7163/7163/7163 7159/7159/7159 7164/7164/7164
f 7165/7165/7165 7159/7159/7159 7163/7163/7163
f 7165/7165/7165 7166/7166/7166 7159/7159/7159
f 7169/7169/7169 7168/7168/7168 7167/7167/7167
f 7168/7168/7168 7170/7170/7170 7167/7167/7167
f 7167/7167/7167 7170/7170/7170 7171/7171/7171
f 7170/7170/7170 7172/7172/7172 7171/7171/7171
f 7175/7175/7175 7174/7174/7174 7173/7173/7173
f 7176/7176/7176 7175/7175/7175 7173/7173/7173
f 7176/7176/7176 7173/7173/7173 7177/7177/7177
f 7178/7178/7178 7176/7176/7176 7177/7177/7177
f 7178/7178/7178 7177/7177/7177 7179/7179/7179
f 7180/7180/7180 7178/7178/7178 7179/7179/7179
f 7180/7180/7180 7179/7179/7179 7181/7181/7181
f 7182/7182/7182 7180/7180/7180 7181/7181/7181
f 7185/7185/7185 7184/7184/7184 7183/7183/7183
f 7186/7186/7186 7185/7185/7185 7183/7183/7183
f 7187/7187/7187 7185/7185/7185 7186/7186/7186
f 7188/7188/7188 7187/7187/7187 7186/7186/7186
f 7191/7191/7191 7190/7190/7190 7189/7189/7189
f 7192/7192/7192 7191/7191/7191 7189/7189/7189
f 7193/7193/7193 7192/7192/7192 7189/7189/7189
f 7194/7194/7194 7193/7193/7193 7189/7189/7189
f 7197/7197/7197 7196/7196/7196 7195/7195/7195
f 7198/7198/7198 7197/7197/7197 7195/7195/7195
f 7198/7198/7198 7195/7195/7195 7199/7199/7199
f 7200/7200/7200 7197/7197/7197 7198/7198/7198
f 7201/7201/7201 7198/7198/7198 7199/7199/7199
f 7202/7202/7202 7200/7200/7200 7198/7198/7198
f 7202/7202/7202 7198/7198/7198 7201/7201/7201
f 7203/7203/7203 7200/7200/7200 7202/7202/7202
f 7203/7203/7203 7204/7204/7204 7200/7200/7200
f 7205/7205/7205 7204/7204/7204 7203/7203/7203
f 7206/7206/7206 7205/7205/7205 7203/7203/7203
f 7207/7207/7207 7202/7202/7202 7201/7201/7201
f 7203/7203/7203 7202/7202/7202 7207/7207/7207
f 7207/7207/7207 7201/7201/7201 7208/7208/7208
f 7209/7209/7209 7207/7207/7207 7208/7208/7208
f 7210/7210/7210 7203/7203/7203 7207/7207/7207
f 7210/7210/7210 7207/7207/7207 7209/7209/7209
f 7206/7206/7206 7203/7203/7203 7210/7210/7210
f 7211/7211/7211 7210/7210/7210 7209/7209/7209
f 7206/7206/7206 7210/7210/7210 7211/7211/7211
f 7212/7212/7212 7206/7206/7206 7211/7211/7211
f 7212/7212/7212 7211/7211/7211 7213/7213/7213
f 7216/7216/7216 7215/7215/7215 7214/7214/7214
f 7217/7217/7217 7216/7216/7216 7214/7214/7214
f 7217/7217/7217 7214/7214/7214 7218/7218/7218
f 7219/7219/7219 7217/7217/7217 7218/7218/7218
f 7219/7219/7219 7218/7218/7218 7220/7220/7220
f 7221/7221/7221 7219/7219/7219 7220/7220/7220
f 7221/7221/7221 7220/7220/7220 7222/7222/7222
f 7220/7220/7220 7223/7223/7223 7222/7222/7222
f 7221/7221/7221 7222/7222/7222 7224/7224/7224
f 7225/7225/7225 7221/7221/7221 7224/7224/7224
f 7225/7225/7225 7224/7224/7224 7226/7226/7226
f 7227/7227/7227 7225/7225/7225 7226/7226/7226
f 7230/7230/7230 7229/7229/7229 7228/7228/7228
f 7229/7229/7229 7231/7231/7231 7228/7228/7228
f 7229/7229/7229 7232/7232/7232 7231/7231/7231
f 7232/7232/7232 7233/7233/7233 7231/7231/7231
f 7232/7232/7232 7234/7234/7234 7233/7233/7233
f 7234/7234/7234 7235/7235/7235 7233/7233/7233
f 7234/7234/7234 7236/7236/7236 7235/7235/7235
f 7236/7236/7236 7237/7237/7237 7235/7235/7235
f 7240/7240/7240 7239/7239/7239 7238/7238/7238
f 7241/7241/7241 7240/7240/7240 7238/7238/7238
f 7244/7244/7244 7243/7243/7243 7242/7242/7242
f 7245/7245/7245 7244/7244/7244 7242/7242/7242
f 7248/7248/7248 7247/7247/7247 7246/7246/7246
f 7249/7249/7249 7248/7248/7248 7246/7246/7246
f 7252/7252/7252 7251/7251/7251 7250/7250/7250
f 7253/7253/7253 7252/7252/7252 7250/7250/7250
f 7254/7254/7254 7253/7253/7253 7250/7250/7250
f 7256/7256/7256 7255/7255/7255 7253/7253/7253
f 7257/7257/7257 7256/7256/7256 7253/7253/7253
f 7260/7260/7260 7259/7259/7259 7258/7258/7258
f 7261/7261/7261 7260/7260/7260 7258/7258/7258
f 7264/7264/7264 7263/7263/7263 7262/7262/7262
f 7262/7262/7262 7265/7265/7265 7264/7264/7264
f 7265/7265/7265 7266/7266/7266 7264/7264/7264
f 7265/7265/7265 7267/7267/7267 7266/7266/7266
f 7270/7270/7270 7269/7269/7269 7268/7268/7268
f 7270/7270/7270 7268/7268/7268 7271/7271/7271
f 7272/7272/7272 7270/7270/7270 7271/7271/7271
f 7271/7271/7271 7273/7273/7273 7272/7272/7272
f 7276/7276/7276 7275/7275/7275 7274/7274/7274
f 7277/7277/7277 7276/7276/7276 7274/7274/7274
f 7277/7277/7277 7274/7274/7274 7278/7278/7278
f 7279/7279/7279 7277/7277/7277 7278/7278/7278
f 7280/7280/7280 7277/7277/7277 7279/7279/7279
f 7281/7281/7281 7276/7276/7276 7277/7277/7277
f 7280/7280/7280 7282/7282/7282 7277/7277/7277
f 7282/7282/7282 7281/7281/7281 7277/7277/7277
f 7281/7281/7281 7283/7283/7283 7276/7276/7276
f 7283/7283/7283 7284/7284/7284 7276/7276/7276
f 7285/7285/7285 7283/7283/7283 7281/7281/7281
f 7286/7286/7286 7282/7282/7282 7280/7280/7280
f 7287/7287/7287 7286/7286/7286 7280/7280/7280
f 7288/7288/7288 7286/7286/7286 7287/7287/7287
f 7289/7289/7289 7286/7286/7286 7288/7288/7288
f 7290/7290/7290 7281/7281/7281 7282/7282/7282
f 7286/7286/7286 7290/7290/7290 7282/7282/7282
f 7289/7289/7289 7290/7290/7290 7286/7286/7286
f 7290/7290/7290 7285/7285/7285 7281/7281/7281
f 7289/7289/7289 7285/7285/7285 7290/7290/7290
f 7291/7291/7291 7285/7285/7285 7289/7289/7289
f 7291/7291/7291 7292/7292/7292 7285/7285/7285
f 7295/7295/7295 7294/7294/7294 7293/7293/7293
f 7294/7294/7294 7296/7296/7296 7293/7293/7293
f 7293/7293/7293 7296/7296/7296 7297/7297/7297
f 7296/7296/7296 7298/7298/7298 7297/7297/7297
f 7301/7301/7301 7300/7300/7300 7299/7299/7299
f 7302/7302/7302 7301/7301/7301 7299/7299/7299
f 7302/7302/7302 7299/7299/7299 7303/7303/7303
f 7304/7304/7304 7302/7302/7302 7303/7303/7303
f 7304/7304/7304 7303/7303/7303 7305/7305/7305
f 7306/7306/7306 7304/7304/7304 7305/7305/7305
f 7306/7306/7306 7305/7305/7305 7307/7307/7307
f 7308/7308/7308 7306/7306/7306 7307/7307/7307
f 7311/7311/7311 7310/7310/7310 7309/7309/7309
f 7312/7312/7312 7311/7311/7311 7309/7309/7309
f 7313/7313/7313 7311/7311/7311 7312/7312/7312
f 7314/7314/7314 7313/7313/7313 7312/7312/7312
f 7317/7317/7317 7316/7316/7316 7315/7315/7315
f 7318/7318/7318 7317/7317/7317 7315/7315/7315
f 7319/7319/7319 7318/7318/7318 7315/7315/7315
f 7320/7320/7320 7319/7319/7319 7315/7315/7315
f 7323/7323/7323 7322/7322/7322 7321/7321/7321
f 7324/7324/7324 7323/7323/7323 7321/7321/7321
f 7324/7324/7324 7321/7321/7321 7325/7325/7325
f 7326/7326/7326 7323/7323/7323 7324/7324/7324
f 7327/7327/7327 7324/7324/7324 7325/7325/7325
f 7328/7328/7328 7326/7326/7326 7324/7324/7324
f 7328/7328/7328 7324/7324/7324 7327/7327/7327
f 7329/7329/7329 7326/7326/7326 7328/7328/7328
f 7329/7329/7329 7330/7330/7330 7326/7326/7326
f 7331/7331/7331 7330/7330/7330 7329/7329/7329
f 7332/7332/7332 7331/7331/7331 7329/7329/7329
f 7333/7333/7333 7328/7328/7328 7327/7327/7327
f 7329/7329/7329 7328/7328/7328 7333/7333/7333
f 7333/7333/7333 7327/7327/7327 7334/7334/7334
f 7335/7335/7335 7333/7333/7333 7334/7334/7334
f 7336/7336/7336 7329/7329/7329 7333/7333/7333
f 7336/7336/7336 7333/7333/7333 7335/7335/7335
f 7332/7332/7332 7329/7329/7329 7336/7336/7336
f 7337/7337/7337 7336/7336/7336 7335/7335/7335
f 7332/7332/7332 7336/7336/7336 7337/7337/7337
f 7338/7338/7338 7332/7332/7332 7337/7337/7337
f 7338/7338/7338 7337/7337/7337 7339/7339/7339
f 7342/7342/7342 7341/7341/7341 7340/7340/7340
f 7343/7343/7343 7342/7342/7342 7340/7340/7340
f 7343/7343/7343 7340/7340/7340 7344/7344/7344
f 7345/7345/7345 7343/7343/7343 7344/7344/7344
f 7345/7345/7345 7344/7344/7344 7346/7346/7346
f 7347/7347/7347 7345/7345/7345 7346/7346/7346
f 7347/7347/7347 7346/7346/7346 7348/7348/7348
f 7346/7346/7346 7349/7349/7349 7348/7348/7348
f 7347/7347/7347 7348/7348/7348 7350/7350/7350
f 7351/7351/7351 7347/7347/7347 7350/7350/7350
f 7351/7351/7351 7350/7350/7350 7352/7352/7352
f 7353/7353/7353 7351/7351/7351 7352/7352/7352
f 7356/7356/7356 7355/7355/7355 7354/7354/7354
f 7355/7355/7355 7357/7357/7357 7354/7354/7354
f 7355/7355/7355 7358/7358/7358 7357/7357/7357
f 7358/7358/7358 7359/7359/7359 7357/7357/7357
f 7358/7358/7358 7360/7360/7360 7359/7359/7359
f 7360/7360/7360 7361/7361/7361 7359/7359/7359
f 7360/7360/7360 7362/7362/7362 7361/7361/7361
f 7362/7362/7362 7363/7363/7363 7361/7361/7361
f 7366/7366/7366 7365/7365/7365 7364/7364/7364
f 7367/7367/7367 7366/7366/7366 7364/7364/7364
f 7370/7370/7370 7369/7369/7369 7368/7368/7368
f 7371/7371/7371 7370/7370/7370 7368/7368/7368
f 7374/7374/7374 7373/7373/7373 7372/7372/7372
f 7375/7375/7375 7374/7374/7374 7372/7372/7372
f 7378/7378/7378 7377/7377/7377 7376/7376/7376
f 7379/7379/7379 7378/7378/7378 7376/7376/7376
f 7380/7380/7380 7379/7379/7379 7376/7376/7376
f 7382/7382/7382 7381/7381/7381 7379/7379/7379
f 7383/7383/7383 7382/7382/7382 7379/7379/7379
f 7386/7386/7386 7385/7385/7385 7384/7384/7384
f 7387/7387/7387 7386/7386/7386 7384/7384/7384
f 7390/7390/7390 7389/7389/7389 7388/7388/7388
f 7388/7388/7388 7391/7391/7391 7390/7390/7390
f 7391/7391/7391 7392/7392/7392 7390/7390/7390
f 7392/7392/7392 7393/7393/7393 7390/7390/7390
f 7396/7396/7396 7395/7395/7395 7394/7394/7394
f 7397/7397/7397 7396/7396/7396 7394/7394/7394
f 7394/7394/7394 7398/7398/7398 7397/7397/7397
f 7401/7401/7401 7400/7400/7400 7399/7399/7399
f 7402/7402/7402 7401/7401/7401 7399/7399/7399
f 7402/7402/7402 7399/7399/7399 7403/7403/7403
f 7404/7404/7404 7402/7402/7402 7403/7403/7403
f 7405/7405/7405 7402/7402/7402 7404/7404/7404
f 7406/7406/7406 7401/7401/7401 7402/7402/7402
f 7405/7405/7405 7407/7407/7407 7402/7402/7402
f 7407/7407/7407 7406/7406/7406 7402/7402/7402
f 7406/7406/7406 7408/7408/7408 7401/7401/7401
f 7408/7408/7408 7409/7409/7409 7401/7401/7401
f 7410/7410/7410 7408/7408/7408 7406/7406/7406
f 7411/7411/7411 7407/7407/7407 7405/7405/7405
f 7412/7412/7412 7411/7411/7411 7405/7405/7405
f 7413/7413/7413 7411/7411/7411 7412/7412/7412
f 7414/7414/7414 7411/7411/7411 7413/7413/7413
f 7415/7415/7415 7406/7406/7406 7407/7407/7407
f 7411/7411/7411 7415/7415/7415 7407/7407/7407
f 7414/7414/7414 7415/7415/7415 7411/7411/7411
f 7415/7415/7415 7410/7410/7410 7406/7406/7406
f 7414/7414/7414 7410/7410/7410 7415/7415/7415
f 7416/7416/7416 7410/7410/7410 7414/7414/7414
f 7416/7416/7416 7417/7417/7417 7410/7410/7410
f 7420/7420/7420 7419/7419/7419 7418/7418/7418
f 7419/7419/7419 7421/7421/7421 7418/7418/7418
f 7418/7418/7418 7421/7421/7421 7422/7422/7422
f 7421/7421/7421 7423/7423/7423 7422/7422/7422
f 7426/7426/7426 7425/7425/7425 7424/7424/7424
f 7427/7427/7427 7426/7426/7426 7424/7424/7424
f 7427/7427/7427 7424/7424/7424 7428/7428/7428
f 7429/7429/7429 7427/7427/7427 7428/7428/7428
f 7429/7429/7429 7428/7428/7428 7430/7430/7430
f 7431/7431/7431 7429/7429/7429 7430/7430/7430
f 7431/7431/7431 7430/7430/7430 7432/7432/7432
f 7433/7433/7433 7431/7431/7431 7432/7432/7432
f 7436/7436/7436 7435/7435/7435 7434/7434/7434
f 7437/7437/7437 7436/7436/7436 7434/7434/7434
f 7438/7438/7438 7436/7436/7436 7437/7437/7437
f 7439/7439/7439 7438/7438/7438 7437/7437/7437
f 7442/7442/7442 7441/7441/7441 7440/7440/7440
f 7443/7443/7443 7442/7442/7442 7440/7440/7440
f 7444/7444/7444 7443/7443/7443 7440/7440/7440
f 7445/7445/7445 7444/7444/7444 7440/7440/7440
f 7448/7448/7448 7447/7447/7447 7446/7446/7446
f 7449/7449/7449 7448/7448/7448 7446/7446/7446
f 7449/7449/7449 7446/7446/7446 7450/7450/7450
f 7451/7451/7451 7448/7448/7448 7449/7449/7449
f 7452/7452/7452 7449/7449/7449 7450/7450/7450
f 7453/7453/7453 7451/7451/7451 7449/7449/7449
f 7453/7453/7453 7449/7449/7449 7452/7452/7452
f 7454/7454/7454 7451/7451/7451 7453/7453/7453
f 7454/7454/7454 7455/7455/7455 7451/7451/7451
f 7456/7456/7456 7455/7455/7455 7454/7454/7454
f 7457/7457/7457 7456/7456/7456 7454/7454/7454
f 7458/7458/7458 7453/7453/7453 7452/7452/7452
f 7454/7454/7454 7453/7453/7453 7458/7458/7458
f 7458/7458/7458 7452/7452/7452 7459/7459/7459
f 7460/7460/7460 7458/7458/7458 7459/7459/7459
f 7461/7461/7461 7454/7454/7454 7458/7458/7458
f 7461/7461/7461 7458/7458/7458 7460/7460/7460
f 7457/7457/7457 7454/7454/7454 7461/7461/7461
f 7462/7462/7462 7461/7461/7461 7460/7460/7460
f 7457/7457/7457 7461/7461/7461 7462/7462/7462
f 7463/7463/7463 7457/7457/7457 7462/7462/7462
f 7463/7463/7463 7462/7462/7462 7464/7464/7464
f 7467/7467/7467 7466/7466/7466 7465/7465/7465
f 7468/7468/7468 7467/7467/7467 7465/7465/7465
f 7468/7468/7468 7465/7465/7465 7469/7469/7469
f 7470/7470/7470 7468/7468/7468 7469/7469/7469
f 7470/7470/7470 7469/7469/7469 7471/7471/7471
f 7472/7472/7472 7470/7470/7470 7471/7471/7471
f 7472/7472/7472 7471/7471/7471 7473/7473/7473
f 7471/7471/7471 7474/7474/7474 7473/7473/7473
f 7472/7472/7472 7473/7473/7473 7475/7475/7475
f 7476/7476/7476 7472/7472/7472 7475/7475/7475
f 7476/7476/7476 7475/7475/7475 7477/7477/7477
f 7478/7478/7478 7476/7476/7476 7477/7477/7477
f 7481/7481/7481 7480/7480/7480 7479/7479/7479
f 7480/7480/7480 7482/7482/7482 7479/7479/7479
f 7480/7480/7480 7483/7483/7483 7482/7482/7482
f 7483/7483/7483 7484/7484/7484 7482/7482/7482
f 7483/7483/7483 7485/7485/7485 7484/7484/7484
f 7485/7485/7485 7486/7486/7486 7484/7484/7484
f 7485/7485/7485 7487/7487/7487 7486/7486/7486
f 7487/7487/7487 7488/7488/7488 7486/7486/7486
f 7491/7491/7491 7490/7490/7490 7489/7489/7489
f 7492/7492/7492 7491/7491/7491 7489/7489/7489
f 7495/7495/7495 7494/7494/7494 7493/7493/7493
f 7496/7496/7496 7495/7495/7495 7493/7493/7493
f 7499/7499/7499 7498/7498/7498 7497/7497/7497
f 7500/7500/7500 7499/7499/7499 7497/7497/7497
f 7503/7503/7503 7502/7502/7502 7501/7501/7501
f 7504/7504/7504 7503/7503/7503 7501/7501/7501
f 7505/7505/7505 7504/7504/7504 7501/7501/7501
f 7507/7507/7507 7506/7506/7506 7504/7504/7504
f 7508/7508/7508 7507/7507/7507 7504/7504/7504
f 7511/7511/7511 7510/7510/7510 7509/7509/7509
f 7512/7512/7512 7511/7511/7511 7509/7509/7509
f 7515/7515/7515 7514/7514/7514 7513/7513/7513
f 7513/7513/7513 7516/7516/7516 7515/7515/7515
f 7516/7516/7516 7517/7517/7517 7515/7515/7515
f 7517/7517/7517 7518/7518/7518 7515/7515/7515
f 7521/7521/7521 7520/7520/7520 7519/7519/7519
f 7521/7521/7521 7519/7519/7519 7522/7522/7522
f 7523/7523/7523 7521/7521/7521 7522/7522/7522
f 7522/7522/7522 7524/7524/7524 7523/7523/7523
f 7527/7527/7527 7526/7526/7526 7525/7525/7525
f 7528/7528/7528 7527/7527/7527 7525/7525/7525
f 7528/7528/7528 7525/7525/7525 7529/7529/7529
f 7530/7530/7530 7528/7528/7528 7529/7529/7529
f 7531/7531/7531 7528/7528/7528 7530/7530/7530
f 7532/7532/7532 7527/7527/7527 7528/7528/7528
f 7531/7531/7531 7533/7533/7533 7528/7528/7528
f 7533/7533/7533 7532/7532/7532 7528/7528/7528
f 7532/7532/7532 7534/7534/7534 7527/7527/7527
f 7534/7534/7534 7535/7535/7535 7527/7527/7527
f 7536/7536/7536 7534/7534/7534 7532/7532/7532
f 7537/7537/7537 7533/7533/7533 7531/7531/7531
f 7538/7538/7538 7537/7537/7537 7531/7531/7531
f 7539/7539/7539 7537/7537/7537 7538/7538/7538
f 7540/7540/7540 7537/7537/7537 7539/7539/7539
f 7541/7541/7541 7532/7532/7532 7533/7533/7533
f 7537/7537/7537 7541/7541/7541 7533/7533/7533
f 7540/7540/7540 7541/7541/7541 7537/7537/7537
f 7541/7541/7541 7536/7536/7536 7532/7532/7532
f 7540/7540/7540 7536/7536/7536 7541/7541/7541
f 7542/7542/7542 7536/7536/7536 7540/7540/7540
f 7542/7542/7542 7543/7543/7543 7536/7536/7536
f 7546/7546/7546 7545/7545/7545 7544/7544/7544
f 7545/7545/7545 7547/7547/7547 7544/7544/7544
f 7544/7544/7544 7547/7547/7547 7548/7548/7548
f 7547/7547/7547 7549/7549/7549 7548/7548/7548
f 7552/7552/7552 7551/7551/7551 7550/7550/7550
f 7553/7553/7553 7552/7552/7552 7550/7550/7550
f 7553/7553/7553 7550/7550/7550 7554/7554/7554
f 7555/7555/7555 7553/7553/7553 7554/7554/7554
f 7555/7555/7555 7554/7554/7554 7556/7556/7556
f 7557/7557/7557 7555/7555/7555 7556/7556/7556
f 7557/7557/7557 7556/7556/7556 7558/7558/7558
f 7559/7559/7559 7557/7557/7557 7558/7558/7558
f 7562/7562/7562 7561/7561/7561 7560/7560/7560
f 7563/7563/7563 7562/7562/7562 7560/7560/7560
f 7564/7564/7564 7562/7562/7562 7563/7563/7563
f 7565/7565/7565 7564/7564/7564 7563/7563/7563
f 7568/7568/7568 7567/7567/7567 7566/7566/7566
f 7569/7569/7569 7568/7568/7568 7566/7566/7566
f 7570/7570/7570 7569/7569/7569 7566/7566/7566
f 7571/7571/7571 7570/7570/7570 7566/7566/7566
f 7574/7574/7574 7573/7573/7573 7572/7572/7572
f 7575/7575/7575 7574/7574/7574 7572/7572/7572
f 7575/7575/7575 7572/7572/7572 7576/7576/7576
f 7577/7577/7577 7574/7574/7574 7575/7575/7575
f 7578/7578/7578 7575/7575/7575 7576/7576/7576
f 7579/7579/7579 7577/7577/7577 7575/7575/7575
f 7579/7579/7579 7575/7575/7575 7578/7578/7578
f 7580/7580/7580 7577/7577/7577 7579/7579/7579
f 7580/7580/7580 7581/7581/7581 7577/7577/7577
f 7582/7582/7582 7581/7581/7581 7580/7580/7580
f 7583/7583/7583 7582/7582/7582 7580/7580/7580
f 7584/7584/7584 7579/7579/7579 7578/7578/7578
f 7580/7580/7580 7579/7579/7579 7584/7584/7584
f 7584/7584/7584 7578/7578/7578 7585/7585/7585
f 7586/7586/7586 7584/7584/7584 7585/7585/7585
f 7587/7587/7587 7580/7580/7580 7584/7584/7584
f 7587/7587/7587 7584/7584/7584 7586/7586/7586
f 7583/7583/7583 7580/7580/7580 7587/7587/7587
f 7588/7588/7588 7587/7587/7587 7586/7586/7586
f 7583/7583/7583 7587/7587/7587 7588/7588/7588
f 7589/7589/7589 7583/7583/7583 7588/7588/7588
f 7589/7589/7589 7588/7588/7588 7590/7590/7590
